metric;timestamp;value;resource_kind;resource_id;consumer_kind;consumer_id;__late_attributes
mem_total_kB;2026-03-25T00:42:13.798122494Z;1081669578752;local_machine;;local_machine;;
mem_free_kB;2026-03-25T00:42:13.798122494Z;1027358003200;local_machine;;local_machine;;
mem_available_kB;2026-03-25T00:42:13.798122494Z;1063831810048;local_machine;;local_machine;;
cached_kB;2026-03-25T00:42:13.798122494Z;33521360896;local_machine;;local_machine;;
swap_cached_kB;2026-03-25T00:42:13.798122494Z;0;local_machine;;local_machine;;
active_kB;2026-03-25T00:42:13.798122494Z;7329869824;local_machine;;local_machine;;
inactive_kB;2026-03-25T00:42:13.798122494Z;34537537536;local_machine;;local_machine;;
mapped_kB;2026-03-25T00:42:13.798122494Z;467951616;local_machine;;local_machine;;
mem_total_kB;2026-03-25T00:42:13.798553486Z;1081669578752;local_machine;;local_machine;;
mem_free_kB;2026-03-25T00:42:13.798553486Z;1027358003200;local_machine;;local_machine;;
mem_available_kB;2026-03-25T00:42:13.798553486Z;1063831810048;local_machine;;local_machine;;
cached_kB;2026-03-25T00:42:13.798553486Z;33521360896;local_machine;;local_machine;;
swap_cached_kB;2026-03-25T00:42:13.798553486Z;0;local_machine;;local_machine;;
active_kB;2026-03-25T00:42:13.798553486Z;7329873920;local_machine;;local_machine;;
inactive_kB;2026-03-25T00:42:13.798553486Z;34537537536;local_machine;;local_machine;;
mapped_kB;2026-03-25T00:42:13.798553486Z;467435520;local_machine;;local_machine;;
rapl_consumed_energy_J;2026-03-25T00:42:13.79860876Z;0;dram;0;local_machine;;domain=dram
rapl_consumed_energy_J;2026-03-25T00:42:13.79860876Z;0;dram;1;local_machine;;domain=dram
rapl_consumed_energy_J;2026-03-25T00:42:13.79860876Z;0;local_machine;;local_machine;;domain=platform
rapl_consumed_energy_J;2026-03-25T00:42:13.79860876Z;0;local_machine;;local_machine;;domain=platform
rapl_consumed_energy_J;2026-03-25T00:42:13.79860876Z;0;cpu_package;0;local_machine;;domain=package
rapl_consumed_energy_J;2026-03-25T00:42:13.79860876Z;0;cpu_package;1;local_machine;;domain=package
rapl_consumed_energy_J;2026-03-25T00:42:13.79860876Z;0;local_machine;;local_machine;;domain=package_total
rapl_consumed_energy_J;2026-03-25T00:42:13.79860876Z;0;local_machine;;local_machine;;domain=dram_total
rapl_consumed_energy_J;2026-03-25T00:42:13.79860876Z;0;local_machine;;local_machine;;domain=platform_total
cpu_time_delta_ns;2026-03-25T00:42:13.799073284Z;0;local_machine;;process;900625;kind=user
cpu_time_delta_ns;2026-03-25T00:42:13.799073284Z;0;local_machine;;process;900625;kind=system
cpu_time_delta_ns;2026-03-25T00:42:13.799073284Z;0;local_machine;;process;900625;kind=guest
memory_usage_B;2026-03-25T00:42:13.799073284Z;212992;local_machine;;process;900625;kind=resident
memory_usage_B;2026-03-25T00:42:13.799073284Z;176128;local_machine;;process;900625;kind=shared
memory_usage_B;2026-03-25T00:42:13.799073284Z;6410240;local_machine;;process;900625;kind=virtual
cpu_time_delta_ns;2026-03-25T00:42:13.799169432Z;0;local_machine;;process;900625;kind=user
cpu_time_delta_ns;2026-03-25T00:42:13.799169432Z;0;local_machine;;process;900625;kind=system
cpu_time_delta_ns;2026-03-25T00:42:13.799169432Z;0;local_machine;;process;900625;kind=guest
cpu_percent_%;2026-03-25T00:42:13.799169432Z;0;local_machine;;process;900625;kind=user
cpu_percent_%;2026-03-25T00:42:13.799169432Z;0;local_machine;;process;900625;kind=system
cpu_percent_%;2026-03-25T00:42:13.799169432Z;0;local_machine;;process;900625;kind=total
memory_usage_B;2026-03-25T00:42:13.799169432Z;212992;local_machine;;process;900625;kind=resident
memory_usage_B;2026-03-25T00:42:13.799169432Z;176128;local_machine;;process;900625;kind=shared
memory_usage_B;2026-03-25T00:42:13.799169432Z;6410240;local_machine;;process;900625;kind=virtual
kernel_cpu_time_ms;2026-03-25T00:42:13.799039219Z;0;local_machine;;local_machine;;cpu_state=user
kernel_cpu_time_ms;2026-03-25T00:42:13.799039219Z;0;local_machine;;local_machine;;cpu_state=nice
kernel_cpu_time_ms;2026-03-25T00:42:13.799039219Z;10;local_machine;;local_machine;;cpu_state=system
kernel_cpu_time_ms;2026-03-25T00:42:13.799039219Z;50;local_machine;;local_machine;;cpu_state=idle
kernel_cpu_time_ms;2026-03-25T00:42:13.799039219Z;0;local_machine;;local_machine;;cpu_state=irq
kernel_cpu_time_ms;2026-03-25T00:42:13.799039219Z;0;local_machine;;local_machine;;cpu_state=softirq
kernel_cpu_time_ms;2026-03-25T00:42:13.799039219Z;0;local_machine;;local_machine;;cpu_state=steal
kernel_cpu_time_ms;2026-03-25T00:42:13.799039219Z;0;local_machine;;local_machine;;cpu_state=guest
kernel_cpu_time_ms;2026-03-25T00:42:13.799039219Z;0;local_machine;;local_machine;;cpu_state=guest_nice
kernel_cpu_time_ms;2026-03-25T00:42:13.799039219Z;0;cpu_core;0;local_machine;;cpu_state=user
kernel_cpu_time_ms;2026-03-25T00:42:13.799039219Z;0;cpu_core;0;local_machine;;cpu_state=nice
kernel_cpu_time_ms;2026-03-25T00:42:13.799039219Z;0;cpu_core;0;local_machine;;cpu_state=system
kernel_cpu_time_ms;2026-03-25T00:42:13.799039219Z;0;cpu_core;0;local_machine;;cpu_state=idle
kernel_cpu_time_ms;2026-03-25T00:42:13.799039219Z;0;cpu_core;0;local_machine;;cpu_state=irq
kernel_cpu_time_ms;2026-03-25T00:42:13.799039219Z;0;cpu_core;0;local_machine;;cpu_state=softirq
kernel_cpu_time_ms;2026-03-25T00:42:13.799039219Z;0;cpu_core;0;local_machine;;cpu_state=steal
kernel_cpu_time_ms;2026-03-25T00:42:13.799039219Z;0;cpu_core;0;local_machine;;cpu_state=guest
kernel_cpu_time_ms;2026-03-25T00:42:13.799039219Z;0;cpu_core;0;local_machine;;cpu_state=guest_nice
kernel_cpu_time_ms;2026-03-25T00:42:13.799039219Z;0;cpu_core;1;local_machine;;cpu_state=user
kernel_cpu_time_ms;2026-03-25T00:42:13.799039219Z;0;cpu_core;1;local_machine;;cpu_state=nice
kernel_cpu_time_ms;2026-03-25T00:42:13.799039219Z;0;cpu_core;1;local_machine;;cpu_state=system
kernel_cpu_time_ms;2026-03-25T00:42:13.799039219Z;0;cpu_core;1;local_machine;;cpu_state=idle
kernel_cpu_time_ms;2026-03-25T00:42:13.799039219Z;0;cpu_core;1;local_machine;;cpu_state=irq
kernel_cpu_time_ms;2026-03-25T00:42:13.799039219Z;0;cpu_core;1;local_machine;;cpu_state=softirq
kernel_cpu_time_ms;2026-03-25T00:42:13.799039219Z;0;cpu_core;1;local_machine;;cpu_state=steal
kernel_cpu_time_ms;2026-03-25T00:42:13.799039219Z;0;cpu_core;1;local_machine;;cpu_state=guest
kernel_cpu_time_ms;2026-03-25T00:42:13.799039219Z;0;cpu_core;1;local_machine;;cpu_state=guest_nice
kernel_cpu_time_ms;2026-03-25T00:42:13.799039219Z;0;cpu_core;2;local_machine;;cpu_state=user
kernel_cpu_time_ms;2026-03-25T00:42:13.799039219Z;0;cpu_core;2;local_machine;;cpu_state=nice
kernel_cpu_time_ms;2026-03-25T00:42:13.799039219Z;0;cpu_core;2;local_machine;;cpu_state=system
kernel_cpu_time_ms;2026-03-25T00:42:13.799039219Z;0;cpu_core;2;local_machine;;cpu_state=idle
kernel_cpu_time_ms;2026-03-25T00:42:13.799039219Z;0;cpu_core;2;local_machine;;cpu_state=irq
kernel_cpu_time_ms;2026-03-25T00:42:13.799039219Z;0;cpu_core;2;local_machine;;cpu_state=softirq
kernel_cpu_time_ms;2026-03-25T00:42:13.799039219Z;0;cpu_core;2;local_machine;;cpu_state=steal
kernel_cpu_time_ms;2026-03-25T00:42:13.799039219Z;0;cpu_core;2;local_machine;;cpu_state=guest
kernel_cpu_time_ms;2026-03-25T00:42:13.799039219Z;0;cpu_core;2;local_machine;;cpu_state=guest_nice
kernel_cpu_time_ms;2026-03-25T00:42:13.799039219Z;0;cpu_core;3;local_machine;;cpu_state=user
kernel_cpu_time_ms;2026-03-25T00:42:13.799039219Z;0;cpu_core;3;local_machine;;cpu_state=nice
kernel_cpu_time_ms;2026-03-25T00:42:13.799039219Z;0;cpu_core;3;local_machine;;cpu_state=system
kernel_cpu_time_ms;2026-03-25T00:42:13.799039219Z;0;cpu_core;3;local_machine;;cpu_state=idle
kernel_cpu_time_ms;2026-03-25T00:42:13.799039219Z;0;cpu_core;3;local_machine;;cpu_state=irq
kernel_cpu_time_ms;2026-03-25T00:42:13.799039219Z;0;cpu_core;3;local_machine;;cpu_state=softirq
kernel_cpu_time_ms;2026-03-25T00:42:13.799039219Z;0;cpu_core;3;local_machine;;cpu_state=steal
kernel_cpu_time_ms;2026-03-25T00:42:13.799039219Z;0;cpu_core;3;local_machine;;cpu_state=guest
kernel_cpu_time_ms;2026-03-25T00:42:13.799039219Z;0;cpu_core;3;local_machine;;cpu_state=guest_nice
kernel_cpu_time_ms;2026-03-25T00:42:13.799039219Z;0;cpu_core;4;local_machine;;cpu_state=user
kernel_cpu_time_ms;2026-03-25T00:42:13.799039219Z;0;cpu_core;4;local_machine;;cpu_state=nice
kernel_cpu_time_ms;2026-03-25T00:42:13.799039219Z;0;cpu_core;4;local_machine;;cpu_state=system
kernel_cpu_time_ms;2026-03-25T00:42:13.799039219Z;0;cpu_core;4;local_machine;;cpu_state=idle
kernel_cpu_time_ms;2026-03-25T00:42:13.799039219Z;0;cpu_core;4;local_machine;;cpu_state=irq
kernel_cpu_time_ms;2026-03-25T00:42:13.799039219Z;0;cpu_core;4;local_machine;;cpu_state=softirq
kernel_cpu_time_ms;2026-03-25T00:42:13.799039219Z;0;cpu_core;4;local_machine;;cpu_state=steal
kernel_cpu_time_ms;2026-03-25T00:42:13.799039219Z;0;cpu_core;4;local_machine;;cpu_state=guest
kernel_cpu_time_ms;2026-03-25T00:42:13.799039219Z;0;cpu_core;4;local_machine;;cpu_state=guest_nice
kernel_cpu_time_ms;2026-03-25T00:42:13.799039219Z;0;cpu_core;5;local_machine;;cpu_state=user
kernel_cpu_time_ms;2026-03-25T00:42:13.799039219Z;0;cpu_core;5;local_machine;;cpu_state=nice
kernel_cpu_time_ms;2026-03-25T00:42:13.799039219Z;0;cpu_core;5;local_machine;;cpu_state=system
kernel_cpu_time_ms;2026-03-25T00:42:13.799039219Z;0;cpu_core;5;local_machine;;cpu_state=idle
kernel_cpu_time_ms;2026-03-25T00:42:13.799039219Z;0;cpu_core;5;local_machine;;cpu_state=irq
kernel_cpu_time_ms;2026-03-25T00:42:13.799039219Z;0;cpu_core;5;local_machine;;cpu_state=softirq
kernel_cpu_time_ms;2026-03-25T00:42:13.799039219Z;0;cpu_core;5;local_machine;;cpu_state=steal
kernel_cpu_time_ms;2026-03-25T00:42:13.799039219Z;0;cpu_core;5;local_machine;;cpu_state=guest
kernel_cpu_time_ms;2026-03-25T00:42:13.799039219Z;0;cpu_core;5;local_machine;;cpu_state=guest_nice
kernel_cpu_time_ms;2026-03-25T00:42:13.799039219Z;0;cpu_core;6;local_machine;;cpu_state=user
kernel_cpu_time_ms;2026-03-25T00:42:13.799039219Z;0;cpu_core;6;local_machine;;cpu_state=nice
kernel_cpu_time_ms;2026-03-25T00:42:13.799039219Z;0;cpu_core;6;local_machine;;cpu_state=system
kernel_cpu_time_ms;2026-03-25T00:42:13.799039219Z;0;cpu_core;6;local_machine;;cpu_state=idle
kernel_cpu_time_ms;2026-03-25T00:42:13.799039219Z;0;cpu_core;6;local_machine;;cpu_state=irq
kernel_cpu_time_ms;2026-03-25T00:42:13.799039219Z;0;cpu_core;6;local_machine;;cpu_state=softirq
kernel_cpu_time_ms;2026-03-25T00:42:13.799039219Z;0;cpu_core;6;local_machine;;cpu_state=steal
kernel_cpu_time_ms;2026-03-25T00:42:13.799039219Z;0;cpu_core;6;local_machine;;cpu_state=guest
kernel_cpu_time_ms;2026-03-25T00:42:13.799039219Z;0;cpu_core;6;local_machine;;cpu_state=guest_nice
kernel_cpu_time_ms;2026-03-25T00:42:13.799039219Z;0;cpu_core;7;local_machine;;cpu_state=user
kernel_cpu_time_ms;2026-03-25T00:42:13.799039219Z;0;cpu_core;7;local_machine;;cpu_state=nice
kernel_cpu_time_ms;2026-03-25T00:42:13.799039219Z;0;cpu_core;7;local_machine;;cpu_state=system
kernel_cpu_time_ms;2026-03-25T00:42:13.799039219Z;0;cpu_core;7;local_machine;;cpu_state=idle
kernel_cpu_time_ms;2026-03-25T00:42:13.799039219Z;0;cpu_core;7;local_machine;;cpu_state=irq
kernel_cpu_time_ms;2026-03-25T00:42:13.799039219Z;0;cpu_core;7;local_machine;;cpu_state=softirq
kernel_cpu_time_ms;2026-03-25T00:42:13.799039219Z;0;cpu_core;7;local_machine;;cpu_state=steal
kernel_cpu_time_ms;2026-03-25T00:42:13.799039219Z;0;cpu_core;7;local_machine;;cpu_state=guest
kernel_cpu_time_ms;2026-03-25T00:42:13.799039219Z;0;cpu_core;7;local_machine;;cpu_state=guest_nice
kernel_cpu_time_ms;2026-03-25T00:42:13.799039219Z;0;cpu_core;8;local_machine;;cpu_state=user
kernel_cpu_time_ms;2026-03-25T00:42:13.799039219Z;0;cpu_core;8;local_machine;;cpu_state=nice
kernel_cpu_time_ms;2026-03-25T00:42:13.799039219Z;0;cpu_core;8;local_machine;;cpu_state=system
kernel_cpu_time_ms;2026-03-25T00:42:13.799039219Z;0;cpu_core;8;local_machine;;cpu_state=idle
kernel_cpu_time_ms;2026-03-25T00:42:13.799039219Z;0;cpu_core;8;local_machine;;cpu_state=irq
kernel_cpu_time_ms;2026-03-25T00:42:13.799039219Z;0;cpu_core;8;local_machine;;cpu_state=softirq
kernel_cpu_time_ms;2026-03-25T00:42:13.799039219Z;0;cpu_core;8;local_machine;;cpu_state=steal
kernel_cpu_time_ms;2026-03-25T00:42:13.799039219Z;0;cpu_core;8;local_machine;;cpu_state=guest
kernel_cpu_time_ms;2026-03-25T00:42:13.799039219Z;0;cpu_core;8;local_machine;;cpu_state=guest_nice
kernel_cpu_time_ms;2026-03-25T00:42:13.799039219Z;0;cpu_core;9;local_machine;;cpu_state=user
kernel_cpu_time_ms;2026-03-25T00:42:13.799039219Z;0;cpu_core;9;local_machine;;cpu_state=nice
kernel_cpu_time_ms;2026-03-25T00:42:13.799039219Z;0;cpu_core;9;local_machine;;cpu_state=system
kernel_cpu_time_ms;2026-03-25T00:42:13.799039219Z;0;cpu_core;9;local_machine;;cpu_state=idle
kernel_cpu_time_ms;2026-03-25T00:42:13.799039219Z;0;cpu_core;9;local_machine;;cpu_state=irq
kernel_cpu_time_ms;2026-03-25T00:42:13.799039219Z;0;cpu_core;9;local_machine;;cpu_state=softirq
kernel_cpu_time_ms;2026-03-25T00:42:13.799039219Z;0;cpu_core;9;local_machine;;cpu_state=steal
kernel_cpu_time_ms;2026-03-25T00:42:13.799039219Z;0;cpu_core;9;local_machine;;cpu_state=guest
kernel_cpu_time_ms;2026-03-25T00:42:13.799039219Z;0;cpu_core;9;local_machine;;cpu_state=guest_nice
kernel_cpu_time_ms;2026-03-25T00:42:13.799039219Z;0;cpu_core;10;local_machine;;cpu_state=user
kernel_cpu_time_ms;2026-03-25T00:42:13.799039219Z;0;cpu_core;10;local_machine;;cpu_state=nice
kernel_cpu_time_ms;2026-03-25T00:42:13.799039219Z;0;cpu_core;10;local_machine;;cpu_state=system
kernel_cpu_time_ms;2026-03-25T00:42:13.799039219Z;0;cpu_core;10;local_machine;;cpu_state=idle
kernel_cpu_time_ms;2026-03-25T00:42:13.799039219Z;0;cpu_core;10;local_machine;;cpu_state=irq
kernel_cpu_time_ms;2026-03-25T00:42:13.799039219Z;0;cpu_core;10;local_machine;;cpu_state=softirq
kernel_cpu_time_ms;2026-03-25T00:42:13.799039219Z;0;cpu_core;10;local_machine;;cpu_state=steal
kernel_cpu_time_ms;2026-03-25T00:42:13.799039219Z;0;cpu_core;10;local_machine;;cpu_state=guest
kernel_cpu_time_ms;2026-03-25T00:42:13.799039219Z;0;cpu_core;10;local_machine;;cpu_state=guest_nice
kernel_cpu_time_ms;2026-03-25T00:42:13.799039219Z;0;cpu_core;11;local_machine;;cpu_state=user
kernel_cpu_time_ms;2026-03-25T00:42:13.799039219Z;0;cpu_core;11;local_machine;;cpu_state=nice
kernel_cpu_time_ms;2026-03-25T00:42:13.799039219Z;0;cpu_core;11;local_machine;;cpu_state=system
kernel_cpu_time_ms;2026-03-25T00:42:13.799039219Z;0;cpu_core;11;local_machine;;cpu_state=idle
kernel_cpu_time_ms;2026-03-25T00:42:13.799039219Z;0;cpu_core;11;local_machine;;cpu_state=irq
kernel_cpu_time_ms;2026-03-25T00:42:13.799039219Z;0;cpu_core;11;local_machine;;cpu_state=softirq
kernel_cpu_time_ms;2026-03-25T00:42:13.799039219Z;0;cpu_core;11;local_machine;;cpu_state=steal
kernel_cpu_time_ms;2026-03-25T00:42:13.799039219Z;0;cpu_core;11;local_machine;;cpu_state=guest
kernel_cpu_time_ms;2026-03-25T00:42:13.799039219Z;0;cpu_core;11;local_machine;;cpu_state=guest_nice
kernel_cpu_time_ms;2026-03-25T00:42:13.799039219Z;0;cpu_core;12;local_machine;;cpu_state=user
kernel_cpu_time_ms;2026-03-25T00:42:13.799039219Z;0;cpu_core;12;local_machine;;cpu_state=nice
kernel_cpu_time_ms;2026-03-25T00:42:13.799039219Z;0;cpu_core;12;local_machine;;cpu_state=system
kernel_cpu_time_ms;2026-03-25T00:42:13.799039219Z;0;cpu_core;12;local_machine;;cpu_state=idle
kernel_cpu_time_ms;2026-03-25T00:42:13.799039219Z;0;cpu_core;12;local_machine;;cpu_state=irq
kernel_cpu_time_ms;2026-03-25T00:42:13.799039219Z;0;cpu_core;12;local_machine;;cpu_state=softirq
kernel_cpu_time_ms;2026-03-25T00:42:13.799039219Z;0;cpu_core;12;local_machine;;cpu_state=steal
kernel_cpu_time_ms;2026-03-25T00:42:13.799039219Z;0;cpu_core;12;local_machine;;cpu_state=guest
kernel_cpu_time_ms;2026-03-25T00:42:13.799039219Z;0;cpu_core;12;local_machine;;cpu_state=guest_nice
kernel_cpu_time_ms;2026-03-25T00:42:13.799039219Z;0;cpu_core;13;local_machine;;cpu_state=user
kernel_cpu_time_ms;2026-03-25T00:42:13.799039219Z;0;cpu_core;13;local_machine;;cpu_state=nice
kernel_cpu_time_ms;2026-03-25T00:42:13.799039219Z;0;cpu_core;13;local_machine;;cpu_state=system
kernel_cpu_time_ms;2026-03-25T00:42:13.799039219Z;0;cpu_core;13;local_machine;;cpu_state=idle
kernel_cpu_time_ms;2026-03-25T00:42:13.799039219Z;0;cpu_core;13;local_machine;;cpu_state=irq
kernel_cpu_time_ms;2026-03-25T00:42:13.799039219Z;0;cpu_core;13;local_machine;;cpu_state=softirq
kernel_cpu_time_ms;2026-03-25T00:42:13.799039219Z;0;cpu_core;13;local_machine;;cpu_state=steal
kernel_cpu_time_ms;2026-03-25T00:42:13.799039219Z;0;cpu_core;13;local_machine;;cpu_state=guest
kernel_cpu_time_ms;2026-03-25T00:42:13.799039219Z;0;cpu_core;13;local_machine;;cpu_state=guest_nice
kernel_cpu_time_ms;2026-03-25T00:42:13.799039219Z;0;cpu_core;14;local_machine;;cpu_state=user
kernel_cpu_time_ms;2026-03-25T00:42:13.799039219Z;0;cpu_core;14;local_machine;;cpu_state=nice
kernel_cpu_time_ms;2026-03-25T00:42:13.799039219Z;0;cpu_core;14;local_machine;;cpu_state=system
kernel_cpu_time_ms;2026-03-25T00:42:13.799039219Z;0;cpu_core;14;local_machine;;cpu_state=idle
kernel_cpu_time_ms;2026-03-25T00:42:13.799039219Z;0;cpu_core;14;local_machine;;cpu_state=irq
kernel_cpu_time_ms;2026-03-25T00:42:13.799039219Z;0;cpu_core;14;local_machine;;cpu_state=softirq
kernel_cpu_time_ms;2026-03-25T00:42:13.799039219Z;0;cpu_core;14;local_machine;;cpu_state=steal
kernel_cpu_time_ms;2026-03-25T00:42:13.799039219Z;0;cpu_core;14;local_machine;;cpu_state=guest
kernel_cpu_time_ms;2026-03-25T00:42:13.799039219Z;0;cpu_core;14;local_machine;;cpu_state=guest_nice
kernel_cpu_time_ms;2026-03-25T00:42:13.799039219Z;0;cpu_core;15;local_machine;;cpu_state=user
kernel_cpu_time_ms;2026-03-25T00:42:13.799039219Z;0;cpu_core;15;local_machine;;cpu_state=nice
kernel_cpu_time_ms;2026-03-25T00:42:13.799039219Z;0;cpu_core;15;local_machine;;cpu_state=system
kernel_cpu_time_ms;2026-03-25T00:42:13.799039219Z;0;cpu_core;15;local_machine;;cpu_state=idle
kernel_cpu_time_ms;2026-03-25T00:42:13.799039219Z;0;cpu_core;15;local_machine;;cpu_state=irq
kernel_cpu_time_ms;2026-03-25T00:42:13.799039219Z;0;cpu_core;15;local_machine;;cpu_state=softirq
kernel_cpu_time_ms;2026-03-25T00:42:13.799039219Z;0;cpu_core;15;local_machine;;cpu_state=steal
kernel_cpu_time_ms;2026-03-25T00:42:13.799039219Z;0;cpu_core;15;local_machine;;cpu_state=guest
kernel_cpu_time_ms;2026-03-25T00:42:13.799039219Z;0;cpu_core;15;local_machine;;cpu_state=guest_nice
kernel_cpu_time_ms;2026-03-25T00:42:13.799039219Z;0;cpu_core;16;local_machine;;cpu_state=user
kernel_cpu_time_ms;2026-03-25T00:42:13.799039219Z;0;cpu_core;16;local_machine;;cpu_state=nice
kernel_cpu_time_ms;2026-03-25T00:42:13.799039219Z;0;cpu_core;16;local_machine;;cpu_state=system
kernel_cpu_time_ms;2026-03-25T00:42:13.799039219Z;0;cpu_core;16;local_machine;;cpu_state=idle
kernel_cpu_time_ms;2026-03-25T00:42:13.799039219Z;0;cpu_core;16;local_machine;;cpu_state=irq
kernel_cpu_time_ms;2026-03-25T00:42:13.799039219Z;0;cpu_core;16;local_machine;;cpu_state=softirq
kernel_cpu_time_ms;2026-03-25T00:42:13.799039219Z;0;cpu_core;16;local_machine;;cpu_state=steal
kernel_cpu_time_ms;2026-03-25T00:42:13.799039219Z;0;cpu_core;16;local_machine;;cpu_state=guest
kernel_cpu_time_ms;2026-03-25T00:42:13.799039219Z;0;cpu_core;16;local_machine;;cpu_state=guest_nice
kernel_cpu_time_ms;2026-03-25T00:42:13.799039219Z;0;cpu_core;17;local_machine;;cpu_state=user
kernel_cpu_time_ms;2026-03-25T00:42:13.799039219Z;0;cpu_core;17;local_machine;;cpu_state=nice
kernel_cpu_time_ms;2026-03-25T00:42:13.799039219Z;0;cpu_core;17;local_machine;;cpu_state=system
kernel_cpu_time_ms;2026-03-25T00:42:13.799039219Z;0;cpu_core;17;local_machine;;cpu_state=idle
kernel_cpu_time_ms;2026-03-25T00:42:13.799039219Z;0;cpu_core;17;local_machine;;cpu_state=irq
kernel_cpu_time_ms;2026-03-25T00:42:13.799039219Z;0;cpu_core;17;local_machine;;cpu_state=softirq
kernel_cpu_time_ms;2026-03-25T00:42:13.799039219Z;0;cpu_core;17;local_machine;;cpu_state=steal
kernel_cpu_time_ms;2026-03-25T00:42:13.799039219Z;0;cpu_core;17;local_machine;;cpu_state=guest
kernel_cpu_time_ms;2026-03-25T00:42:13.799039219Z;0;cpu_core;17;local_machine;;cpu_state=guest_nice
kernel_cpu_time_ms;2026-03-25T00:42:13.799039219Z;0;cpu_core;18;local_machine;;cpu_state=user
kernel_cpu_time_ms;2026-03-25T00:42:13.799039219Z;0;cpu_core;18;local_machine;;cpu_state=nice
kernel_cpu_time_ms;2026-03-25T00:42:13.799039219Z;0;cpu_core;18;local_machine;;cpu_state=system
kernel_cpu_time_ms;2026-03-25T00:42:13.799039219Z;0;cpu_core;18;local_machine;;cpu_state=idle
kernel_cpu_time_ms;2026-03-25T00:42:13.799039219Z;0;cpu_core;18;local_machine;;cpu_state=irq
kernel_cpu_time_ms;2026-03-25T00:42:13.799039219Z;0;cpu_core;18;local_machine;;cpu_state=softirq
kernel_cpu_time_ms;2026-03-25T00:42:13.799039219Z;0;cpu_core;18;local_machine;;cpu_state=steal
kernel_cpu_time_ms;2026-03-25T00:42:13.799039219Z;0;cpu_core;18;local_machine;;cpu_state=guest
kernel_cpu_time_ms;2026-03-25T00:42:13.799039219Z;0;cpu_core;18;local_machine;;cpu_state=guest_nice
kernel_cpu_time_ms;2026-03-25T00:42:13.799039219Z;0;cpu_core;19;local_machine;;cpu_state=user
kernel_cpu_time_ms;2026-03-25T00:42:13.799039219Z;0;cpu_core;19;local_machine;;cpu_state=nice
kernel_cpu_time_ms;2026-03-25T00:42:13.799039219Z;0;cpu_core;19;local_machine;;cpu_state=system
kernel_cpu_time_ms;2026-03-25T00:42:13.799039219Z;0;cpu_core;19;local_machine;;cpu_state=idle
kernel_cpu_time_ms;2026-03-25T00:42:13.799039219Z;0;cpu_core;19;local_machine;;cpu_state=irq
kernel_cpu_time_ms;2026-03-25T00:42:13.799039219Z;0;cpu_core;19;local_machine;;cpu_state=softirq
kernel_cpu_time_ms;2026-03-25T00:42:13.799039219Z;0;cpu_core;19;local_machine;;cpu_state=steal
kernel_cpu_time_ms;2026-03-25T00:42:13.799039219Z;0;cpu_core;19;local_machine;;cpu_state=guest
kernel_cpu_time_ms;2026-03-25T00:42:13.799039219Z;0;cpu_core;19;local_machine;;cpu_state=guest_nice
kernel_cpu_time_ms;2026-03-25T00:42:13.799039219Z;0;cpu_core;20;local_machine;;cpu_state=user
kernel_cpu_time_ms;2026-03-25T00:42:13.799039219Z;0;cpu_core;20;local_machine;;cpu_state=nice
kernel_cpu_time_ms;2026-03-25T00:42:13.799039219Z;0;cpu_core;20;local_machine;;cpu_state=system
kernel_cpu_time_ms;2026-03-25T00:42:13.799039219Z;0;cpu_core;20;local_machine;;cpu_state=idle
kernel_cpu_time_ms;2026-03-25T00:42:13.799039219Z;0;cpu_core;20;local_machine;;cpu_state=irq
kernel_cpu_time_ms;2026-03-25T00:42:13.799039219Z;0;cpu_core;20;local_machine;;cpu_state=softirq
kernel_cpu_time_ms;2026-03-25T00:42:13.799039219Z;0;cpu_core;20;local_machine;;cpu_state=steal
kernel_cpu_time_ms;2026-03-25T00:42:13.799039219Z;0;cpu_core;20;local_machine;;cpu_state=guest
kernel_cpu_time_ms;2026-03-25T00:42:13.799039219Z;0;cpu_core;20;local_machine;;cpu_state=guest_nice
kernel_cpu_time_ms;2026-03-25T00:42:13.799039219Z;0;cpu_core;21;local_machine;;cpu_state=user
kernel_cpu_time_ms;2026-03-25T00:42:13.799039219Z;0;cpu_core;21;local_machine;;cpu_state=nice
kernel_cpu_time_ms;2026-03-25T00:42:13.799039219Z;0;cpu_core;21;local_machine;;cpu_state=system
kernel_cpu_time_ms;2026-03-25T00:42:13.799039219Z;0;cpu_core;21;local_machine;;cpu_state=idle
kernel_cpu_time_ms;2026-03-25T00:42:13.799039219Z;0;cpu_core;21;local_machine;;cpu_state=irq
kernel_cpu_time_ms;2026-03-25T00:42:13.799039219Z;0;cpu_core;21;local_machine;;cpu_state=softirq
kernel_cpu_time_ms;2026-03-25T00:42:13.799039219Z;0;cpu_core;21;local_machine;;cpu_state=steal
kernel_cpu_time_ms;2026-03-25T00:42:13.799039219Z;0;cpu_core;21;local_machine;;cpu_state=guest
kernel_cpu_time_ms;2026-03-25T00:42:13.799039219Z;0;cpu_core;21;local_machine;;cpu_state=guest_nice
kernel_cpu_time_ms;2026-03-25T00:42:13.799039219Z;0;cpu_core;22;local_machine;;cpu_state=user
kernel_cpu_time_ms;2026-03-25T00:42:13.799039219Z;0;cpu_core;22;local_machine;;cpu_state=nice
kernel_cpu_time_ms;2026-03-25T00:42:13.799039219Z;0;cpu_core;22;local_machine;;cpu_state=system
kernel_cpu_time_ms;2026-03-25T00:42:13.799039219Z;0;cpu_core;22;local_machine;;cpu_state=idle
kernel_cpu_time_ms;2026-03-25T00:42:13.799039219Z;0;cpu_core;22;local_machine;;cpu_state=irq
kernel_cpu_time_ms;2026-03-25T00:42:13.799039219Z;0;cpu_core;22;local_machine;;cpu_state=softirq
kernel_cpu_time_ms;2026-03-25T00:42:13.799039219Z;0;cpu_core;22;local_machine;;cpu_state=steal
kernel_cpu_time_ms;2026-03-25T00:42:13.799039219Z;0;cpu_core;22;local_machine;;cpu_state=guest
kernel_cpu_time_ms;2026-03-25T00:42:13.799039219Z;0;cpu_core;22;local_machine;;cpu_state=guest_nice
kernel_cpu_time_ms;2026-03-25T00:42:13.799039219Z;0;cpu_core;23;local_machine;;cpu_state=user
kernel_cpu_time_ms;2026-03-25T00:42:13.799039219Z;0;cpu_core;23;local_machine;;cpu_state=nice
kernel_cpu_time_ms;2026-03-25T00:42:13.799039219Z;0;cpu_core;23;local_machine;;cpu_state=system
kernel_cpu_time_ms;2026-03-25T00:42:13.799039219Z;0;cpu_core;23;local_machine;;cpu_state=idle
kernel_cpu_time_ms;2026-03-25T00:42:13.799039219Z;0;cpu_core;23;local_machine;;cpu_state=irq
kernel_cpu_time_ms;2026-03-25T00:42:13.799039219Z;0;cpu_core;23;local_machine;;cpu_state=softirq
kernel_cpu_time_ms;2026-03-25T00:42:13.799039219Z;0;cpu_core;23;local_machine;;cpu_state=steal
kernel_cpu_time_ms;2026-03-25T00:42:13.799039219Z;0;cpu_core;23;local_machine;;cpu_state=guest
kernel_cpu_time_ms;2026-03-25T00:42:13.799039219Z;0;cpu_core;23;local_machine;;cpu_state=guest_nice
kernel_cpu_time_ms;2026-03-25T00:42:13.799039219Z;0;cpu_core;24;local_machine;;cpu_state=user
kernel_cpu_time_ms;2026-03-25T00:42:13.799039219Z;0;cpu_core;24;local_machine;;cpu_state=nice
kernel_cpu_time_ms;2026-03-25T00:42:13.799039219Z;0;cpu_core;24;local_machine;;cpu_state=system
kernel_cpu_time_ms;2026-03-25T00:42:13.799039219Z;0;cpu_core;24;local_machine;;cpu_state=idle
kernel_cpu_time_ms;2026-03-25T00:42:13.799039219Z;0;cpu_core;24;local_machine;;cpu_state=irq
kernel_cpu_time_ms;2026-03-25T00:42:13.799039219Z;0;cpu_core;24;local_machine;;cpu_state=softirq
kernel_cpu_time_ms;2026-03-25T00:42:13.799039219Z;0;cpu_core;24;local_machine;;cpu_state=steal
kernel_cpu_time_ms;2026-03-25T00:42:13.799039219Z;0;cpu_core;24;local_machine;;cpu_state=guest
kernel_cpu_time_ms;2026-03-25T00:42:13.799039219Z;0;cpu_core;24;local_machine;;cpu_state=guest_nice
kernel_cpu_time_ms;2026-03-25T00:42:13.799039219Z;0;cpu_core;25;local_machine;;cpu_state=user
kernel_cpu_time_ms;2026-03-25T00:42:13.799039219Z;0;cpu_core;25;local_machine;;cpu_state=nice
kernel_cpu_time_ms;2026-03-25T00:42:13.799039219Z;0;cpu_core;25;local_machine;;cpu_state=system
kernel_cpu_time_ms;2026-03-25T00:42:13.799039219Z;0;cpu_core;25;local_machine;;cpu_state=idle
kernel_cpu_time_ms;2026-03-25T00:42:13.799039219Z;0;cpu_core;25;local_machine;;cpu_state=irq
kernel_cpu_time_ms;2026-03-25T00:42:13.799039219Z;0;cpu_core;25;local_machine;;cpu_state=softirq
kernel_cpu_time_ms;2026-03-25T00:42:13.799039219Z;0;cpu_core;25;local_machine;;cpu_state=steal
kernel_cpu_time_ms;2026-03-25T00:42:13.799039219Z;0;cpu_core;25;local_machine;;cpu_state=guest
kernel_cpu_time_ms;2026-03-25T00:42:13.799039219Z;0;cpu_core;25;local_machine;;cpu_state=guest_nice
kernel_cpu_time_ms;2026-03-25T00:42:13.799039219Z;0;cpu_core;26;local_machine;;cpu_state=user
kernel_cpu_time_ms;2026-03-25T00:42:13.799039219Z;0;cpu_core;26;local_machine;;cpu_state=nice
kernel_cpu_time_ms;2026-03-25T00:42:13.799039219Z;0;cpu_core;26;local_machine;;cpu_state=system
kernel_cpu_time_ms;2026-03-25T00:42:13.799039219Z;0;cpu_core;26;local_machine;;cpu_state=idle
kernel_cpu_time_ms;2026-03-25T00:42:13.799039219Z;0;cpu_core;26;local_machine;;cpu_state=irq
kernel_cpu_time_ms;2026-03-25T00:42:13.799039219Z;0;cpu_core;26;local_machine;;cpu_state=softirq
kernel_cpu_time_ms;2026-03-25T00:42:13.799039219Z;0;cpu_core;26;local_machine;;cpu_state=steal
kernel_cpu_time_ms;2026-03-25T00:42:13.799039219Z;0;cpu_core;26;local_machine;;cpu_state=guest
kernel_cpu_time_ms;2026-03-25T00:42:13.799039219Z;0;cpu_core;26;local_machine;;cpu_state=guest_nice
kernel_cpu_time_ms;2026-03-25T00:42:13.799039219Z;0;cpu_core;27;local_machine;;cpu_state=user
kernel_cpu_time_ms;2026-03-25T00:42:13.799039219Z;0;cpu_core;27;local_machine;;cpu_state=nice
kernel_cpu_time_ms;2026-03-25T00:42:13.799039219Z;0;cpu_core;27;local_machine;;cpu_state=system
kernel_cpu_time_ms;2026-03-25T00:42:13.799039219Z;0;cpu_core;27;local_machine;;cpu_state=idle
kernel_cpu_time_ms;2026-03-25T00:42:13.799039219Z;0;cpu_core;27;local_machine;;cpu_state=irq
kernel_cpu_time_ms;2026-03-25T00:42:13.799039219Z;0;cpu_core;27;local_machine;;cpu_state=softirq
kernel_cpu_time_ms;2026-03-25T00:42:13.799039219Z;0;cpu_core;27;local_machine;;cpu_state=steal
kernel_cpu_time_ms;2026-03-25T00:42:13.799039219Z;0;cpu_core;27;local_machine;;cpu_state=guest
kernel_cpu_time_ms;2026-03-25T00:42:13.799039219Z;0;cpu_core;27;local_machine;;cpu_state=guest_nice
kernel_cpu_time_ms;2026-03-25T00:42:13.799039219Z;0;cpu_core;28;local_machine;;cpu_state=user
kernel_cpu_time_ms;2026-03-25T00:42:13.799039219Z;0;cpu_core;28;local_machine;;cpu_state=nice
kernel_cpu_time_ms;2026-03-25T00:42:13.799039219Z;0;cpu_core;28;local_machine;;cpu_state=system
kernel_cpu_time_ms;2026-03-25T00:42:13.799039219Z;0;cpu_core;28;local_machine;;cpu_state=idle
kernel_cpu_time_ms;2026-03-25T00:42:13.799039219Z;0;cpu_core;28;local_machine;;cpu_state=irq
kernel_cpu_time_ms;2026-03-25T00:42:13.799039219Z;0;cpu_core;28;local_machine;;cpu_state=softirq
kernel_cpu_time_ms;2026-03-25T00:42:13.799039219Z;0;cpu_core;28;local_machine;;cpu_state=steal
kernel_cpu_time_ms;2026-03-25T00:42:13.799039219Z;0;cpu_core;28;local_machine;;cpu_state=guest
kernel_cpu_time_ms;2026-03-25T00:42:13.799039219Z;0;cpu_core;28;local_machine;;cpu_state=guest_nice
kernel_cpu_time_ms;2026-03-25T00:42:13.799039219Z;0;cpu_core;29;local_machine;;cpu_state=user
kernel_cpu_time_ms;2026-03-25T00:42:13.799039219Z;0;cpu_core;29;local_machine;;cpu_state=nice
kernel_cpu_time_ms;2026-03-25T00:42:13.799039219Z;0;cpu_core;29;local_machine;;cpu_state=system
kernel_cpu_time_ms;2026-03-25T00:42:13.799039219Z;0;cpu_core;29;local_machine;;cpu_state=idle
kernel_cpu_time_ms;2026-03-25T00:42:13.799039219Z;0;cpu_core;29;local_machine;;cpu_state=irq
kernel_cpu_time_ms;2026-03-25T00:42:13.799039219Z;0;cpu_core;29;local_machine;;cpu_state=softirq
kernel_cpu_time_ms;2026-03-25T00:42:13.799039219Z;0;cpu_core;29;local_machine;;cpu_state=steal
kernel_cpu_time_ms;2026-03-25T00:42:13.799039219Z;0;cpu_core;29;local_machine;;cpu_state=guest
kernel_cpu_time_ms;2026-03-25T00:42:13.799039219Z;0;cpu_core;29;local_machine;;cpu_state=guest_nice
kernel_cpu_time_ms;2026-03-25T00:42:13.799039219Z;0;cpu_core;30;local_machine;;cpu_state=user
kernel_cpu_time_ms;2026-03-25T00:42:13.799039219Z;0;cpu_core;30;local_machine;;cpu_state=nice
kernel_cpu_time_ms;2026-03-25T00:42:13.799039219Z;0;cpu_core;30;local_machine;;cpu_state=system
kernel_cpu_time_ms;2026-03-25T00:42:13.799039219Z;0;cpu_core;30;local_machine;;cpu_state=idle
kernel_cpu_time_ms;2026-03-25T00:42:13.799039219Z;0;cpu_core;30;local_machine;;cpu_state=irq
kernel_cpu_time_ms;2026-03-25T00:42:13.799039219Z;0;cpu_core;30;local_machine;;cpu_state=softirq
kernel_cpu_time_ms;2026-03-25T00:42:13.799039219Z;0;cpu_core;30;local_machine;;cpu_state=steal
kernel_cpu_time_ms;2026-03-25T00:42:13.799039219Z;0;cpu_core;30;local_machine;;cpu_state=guest
kernel_cpu_time_ms;2026-03-25T00:42:13.799039219Z;0;cpu_core;30;local_machine;;cpu_state=guest_nice
kernel_cpu_time_ms;2026-03-25T00:42:13.799039219Z;0;cpu_core;31;local_machine;;cpu_state=user
kernel_cpu_time_ms;2026-03-25T00:42:13.799039219Z;0;cpu_core;31;local_machine;;cpu_state=nice
kernel_cpu_time_ms;2026-03-25T00:42:13.799039219Z;0;cpu_core;31;local_machine;;cpu_state=system
kernel_cpu_time_ms;2026-03-25T00:42:13.799039219Z;0;cpu_core;31;local_machine;;cpu_state=idle
kernel_cpu_time_ms;2026-03-25T00:42:13.799039219Z;0;cpu_core;31;local_machine;;cpu_state=irq
kernel_cpu_time_ms;2026-03-25T00:42:13.799039219Z;0;cpu_core;31;local_machine;;cpu_state=softirq
kernel_cpu_time_ms;2026-03-25T00:42:13.799039219Z;0;cpu_core;31;local_machine;;cpu_state=steal
kernel_cpu_time_ms;2026-03-25T00:42:13.799039219Z;0;cpu_core;31;local_machine;;cpu_state=guest
kernel_cpu_time_ms;2026-03-25T00:42:13.799039219Z;0;cpu_core;31;local_machine;;cpu_state=guest_nice
kernel_cpu_time_ms;2026-03-25T00:42:13.799039219Z;0;cpu_core;32;local_machine;;cpu_state=user
kernel_cpu_time_ms;2026-03-25T00:42:13.799039219Z;0;cpu_core;32;local_machine;;cpu_state=nice
kernel_cpu_time_ms;2026-03-25T00:42:13.799039219Z;0;cpu_core;32;local_machine;;cpu_state=system
kernel_cpu_time_ms;2026-03-25T00:42:13.799039219Z;0;cpu_core;32;local_machine;;cpu_state=idle
kernel_cpu_time_ms;2026-03-25T00:42:13.799039219Z;0;cpu_core;32;local_machine;;cpu_state=irq
kernel_cpu_time_ms;2026-03-25T00:42:13.799039219Z;0;cpu_core;32;local_machine;;cpu_state=softirq
kernel_cpu_time_ms;2026-03-25T00:42:13.799039219Z;0;cpu_core;32;local_machine;;cpu_state=steal
kernel_cpu_time_ms;2026-03-25T00:42:13.799039219Z;0;cpu_core;32;local_machine;;cpu_state=guest
kernel_cpu_time_ms;2026-03-25T00:42:13.799039219Z;0;cpu_core;32;local_machine;;cpu_state=guest_nice
kernel_cpu_time_ms;2026-03-25T00:42:13.799039219Z;0;cpu_core;33;local_machine;;cpu_state=user
kernel_cpu_time_ms;2026-03-25T00:42:13.799039219Z;0;cpu_core;33;local_machine;;cpu_state=nice
kernel_cpu_time_ms;2026-03-25T00:42:13.799039219Z;0;cpu_core;33;local_machine;;cpu_state=system
kernel_cpu_time_ms;2026-03-25T00:42:13.799039219Z;0;cpu_core;33;local_machine;;cpu_state=idle
kernel_cpu_time_ms;2026-03-25T00:42:13.799039219Z;0;cpu_core;33;local_machine;;cpu_state=irq
kernel_cpu_time_ms;2026-03-25T00:42:13.799039219Z;0;cpu_core;33;local_machine;;cpu_state=softirq
kernel_cpu_time_ms;2026-03-25T00:42:13.799039219Z;0;cpu_core;33;local_machine;;cpu_state=steal
kernel_cpu_time_ms;2026-03-25T00:42:13.799039219Z;0;cpu_core;33;local_machine;;cpu_state=guest
kernel_cpu_time_ms;2026-03-25T00:42:13.799039219Z;0;cpu_core;33;local_machine;;cpu_state=guest_nice
kernel_cpu_time_ms;2026-03-25T00:42:13.799039219Z;0;cpu_core;34;local_machine;;cpu_state=user
kernel_cpu_time_ms;2026-03-25T00:42:13.799039219Z;0;cpu_core;34;local_machine;;cpu_state=nice
kernel_cpu_time_ms;2026-03-25T00:42:13.799039219Z;0;cpu_core;34;local_machine;;cpu_state=system
kernel_cpu_time_ms;2026-03-25T00:42:13.799039219Z;0;cpu_core;34;local_machine;;cpu_state=idle
kernel_cpu_time_ms;2026-03-25T00:42:13.799039219Z;0;cpu_core;34;local_machine;;cpu_state=irq
kernel_cpu_time_ms;2026-03-25T00:42:13.799039219Z;0;cpu_core;34;local_machine;;cpu_state=softirq
kernel_cpu_time_ms;2026-03-25T00:42:13.799039219Z;0;cpu_core;34;local_machine;;cpu_state=steal
kernel_cpu_time_ms;2026-03-25T00:42:13.799039219Z;0;cpu_core;34;local_machine;;cpu_state=guest
kernel_cpu_time_ms;2026-03-25T00:42:13.799039219Z;0;cpu_core;34;local_machine;;cpu_state=guest_nice
kernel_cpu_time_ms;2026-03-25T00:42:13.799039219Z;0;cpu_core;35;local_machine;;cpu_state=user
kernel_cpu_time_ms;2026-03-25T00:42:13.799039219Z;0;cpu_core;35;local_machine;;cpu_state=nice
kernel_cpu_time_ms;2026-03-25T00:42:13.799039219Z;0;cpu_core;35;local_machine;;cpu_state=system
kernel_cpu_time_ms;2026-03-25T00:42:13.799039219Z;0;cpu_core;35;local_machine;;cpu_state=idle
kernel_cpu_time_ms;2026-03-25T00:42:13.799039219Z;0;cpu_core;35;local_machine;;cpu_state=irq
kernel_cpu_time_ms;2026-03-25T00:42:13.799039219Z;0;cpu_core;35;local_machine;;cpu_state=softirq
kernel_cpu_time_ms;2026-03-25T00:42:13.799039219Z;0;cpu_core;35;local_machine;;cpu_state=steal
kernel_cpu_time_ms;2026-03-25T00:42:13.799039219Z;0;cpu_core;35;local_machine;;cpu_state=guest
kernel_cpu_time_ms;2026-03-25T00:42:13.799039219Z;0;cpu_core;35;local_machine;;cpu_state=guest_nice
kernel_cpu_time_ms;2026-03-25T00:42:13.799039219Z;0;cpu_core;36;local_machine;;cpu_state=user
kernel_cpu_time_ms;2026-03-25T00:42:13.799039219Z;0;cpu_core;36;local_machine;;cpu_state=nice
kernel_cpu_time_ms;2026-03-25T00:42:13.799039219Z;0;cpu_core;36;local_machine;;cpu_state=system
kernel_cpu_time_ms;2026-03-25T00:42:13.799039219Z;0;cpu_core;36;local_machine;;cpu_state=idle
kernel_cpu_time_ms;2026-03-25T00:42:13.799039219Z;0;cpu_core;36;local_machine;;cpu_state=irq
kernel_cpu_time_ms;2026-03-25T00:42:13.799039219Z;0;cpu_core;36;local_machine;;cpu_state=softirq
kernel_cpu_time_ms;2026-03-25T00:42:13.799039219Z;0;cpu_core;36;local_machine;;cpu_state=steal
kernel_cpu_time_ms;2026-03-25T00:42:13.799039219Z;0;cpu_core;36;local_machine;;cpu_state=guest
kernel_cpu_time_ms;2026-03-25T00:42:13.799039219Z;0;cpu_core;36;local_machine;;cpu_state=guest_nice
kernel_cpu_time_ms;2026-03-25T00:42:13.799039219Z;0;cpu_core;37;local_machine;;cpu_state=user
kernel_cpu_time_ms;2026-03-25T00:42:13.799039219Z;0;cpu_core;37;local_machine;;cpu_state=nice
kernel_cpu_time_ms;2026-03-25T00:42:13.799039219Z;0;cpu_core;37;local_machine;;cpu_state=system
kernel_cpu_time_ms;2026-03-25T00:42:13.799039219Z;10;cpu_core;37;local_machine;;cpu_state=idle
kernel_cpu_time_ms;2026-03-25T00:42:13.799039219Z;0;cpu_core;37;local_machine;;cpu_state=irq
kernel_cpu_time_ms;2026-03-25T00:42:13.799039219Z;0;cpu_core;37;local_machine;;cpu_state=softirq
kernel_cpu_time_ms;2026-03-25T00:42:13.799039219Z;0;cpu_core;37;local_machine;;cpu_state=steal
kernel_cpu_time_ms;2026-03-25T00:42:13.799039219Z;0;cpu_core;37;local_machine;;cpu_state=guest
kernel_cpu_time_ms;2026-03-25T00:42:13.799039219Z;0;cpu_core;37;local_machine;;cpu_state=guest_nice
kernel_cpu_time_ms;2026-03-25T00:42:13.799039219Z;0;cpu_core;38;local_machine;;cpu_state=user
kernel_cpu_time_ms;2026-03-25T00:42:13.799039219Z;0;cpu_core;38;local_machine;;cpu_state=nice
kernel_cpu_time_ms;2026-03-25T00:42:13.799039219Z;0;cpu_core;38;local_machine;;cpu_state=system
kernel_cpu_time_ms;2026-03-25T00:42:13.799039219Z;0;cpu_core;38;local_machine;;cpu_state=idle
kernel_cpu_time_ms;2026-03-25T00:42:13.799039219Z;0;cpu_core;38;local_machine;;cpu_state=irq
kernel_cpu_time_ms;2026-03-25T00:42:13.799039219Z;0;cpu_core;38;local_machine;;cpu_state=softirq
kernel_cpu_time_ms;2026-03-25T00:42:13.799039219Z;0;cpu_core;38;local_machine;;cpu_state=steal
kernel_cpu_time_ms;2026-03-25T00:42:13.799039219Z;0;cpu_core;38;local_machine;;cpu_state=guest
kernel_cpu_time_ms;2026-03-25T00:42:13.799039219Z;0;cpu_core;38;local_machine;;cpu_state=guest_nice
kernel_cpu_time_ms;2026-03-25T00:42:13.799039219Z;0;cpu_core;39;local_machine;;cpu_state=user
kernel_cpu_time_ms;2026-03-25T00:42:13.799039219Z;0;cpu_core;39;local_machine;;cpu_state=nice
kernel_cpu_time_ms;2026-03-25T00:42:13.799039219Z;0;cpu_core;39;local_machine;;cpu_state=system
kernel_cpu_time_ms;2026-03-25T00:42:13.799039219Z;0;cpu_core;39;local_machine;;cpu_state=idle
kernel_cpu_time_ms;2026-03-25T00:42:13.799039219Z;0;cpu_core;39;local_machine;;cpu_state=irq
kernel_cpu_time_ms;2026-03-25T00:42:13.799039219Z;0;cpu_core;39;local_machine;;cpu_state=softirq
kernel_cpu_time_ms;2026-03-25T00:42:13.799039219Z;0;cpu_core;39;local_machine;;cpu_state=steal
kernel_cpu_time_ms;2026-03-25T00:42:13.799039219Z;0;cpu_core;39;local_machine;;cpu_state=guest
kernel_cpu_time_ms;2026-03-25T00:42:13.799039219Z;0;cpu_core;39;local_machine;;cpu_state=guest_nice
kernel_cpu_time_ms;2026-03-25T00:42:13.799039219Z;0;cpu_core;40;local_machine;;cpu_state=user
kernel_cpu_time_ms;2026-03-25T00:42:13.799039219Z;0;cpu_core;40;local_machine;;cpu_state=nice
kernel_cpu_time_ms;2026-03-25T00:42:13.799039219Z;0;cpu_core;40;local_machine;;cpu_state=system
kernel_cpu_time_ms;2026-03-25T00:42:13.799039219Z;0;cpu_core;40;local_machine;;cpu_state=idle
kernel_cpu_time_ms;2026-03-25T00:42:13.799039219Z;0;cpu_core;40;local_machine;;cpu_state=irq
kernel_cpu_time_ms;2026-03-25T00:42:13.799039219Z;0;cpu_core;40;local_machine;;cpu_state=softirq
kernel_cpu_time_ms;2026-03-25T00:42:13.799039219Z;0;cpu_core;40;local_machine;;cpu_state=steal
kernel_cpu_time_ms;2026-03-25T00:42:13.799039219Z;0;cpu_core;40;local_machine;;cpu_state=guest
kernel_cpu_time_ms;2026-03-25T00:42:13.799039219Z;0;cpu_core;40;local_machine;;cpu_state=guest_nice
kernel_cpu_time_ms;2026-03-25T00:42:13.799039219Z;0;cpu_core;41;local_machine;;cpu_state=user
kernel_cpu_time_ms;2026-03-25T00:42:13.799039219Z;0;cpu_core;41;local_machine;;cpu_state=nice
kernel_cpu_time_ms;2026-03-25T00:42:13.799039219Z;0;cpu_core;41;local_machine;;cpu_state=system
kernel_cpu_time_ms;2026-03-25T00:42:13.799039219Z;0;cpu_core;41;local_machine;;cpu_state=idle
kernel_cpu_time_ms;2026-03-25T00:42:13.799039219Z;0;cpu_core;41;local_machine;;cpu_state=irq
kernel_cpu_time_ms;2026-03-25T00:42:13.799039219Z;0;cpu_core;41;local_machine;;cpu_state=softirq
kernel_cpu_time_ms;2026-03-25T00:42:13.799039219Z;0;cpu_core;41;local_machine;;cpu_state=steal
kernel_cpu_time_ms;2026-03-25T00:42:13.799039219Z;0;cpu_core;41;local_machine;;cpu_state=guest
kernel_cpu_time_ms;2026-03-25T00:42:13.799039219Z;0;cpu_core;41;local_machine;;cpu_state=guest_nice
kernel_cpu_time_ms;2026-03-25T00:42:13.799039219Z;0;cpu_core;42;local_machine;;cpu_state=user
kernel_cpu_time_ms;2026-03-25T00:42:13.799039219Z;0;cpu_core;42;local_machine;;cpu_state=nice
kernel_cpu_time_ms;2026-03-25T00:42:13.799039219Z;0;cpu_core;42;local_machine;;cpu_state=system
kernel_cpu_time_ms;2026-03-25T00:42:13.799039219Z;0;cpu_core;42;local_machine;;cpu_state=idle
kernel_cpu_time_ms;2026-03-25T00:42:13.799039219Z;0;cpu_core;42;local_machine;;cpu_state=irq
kernel_cpu_time_ms;2026-03-25T00:42:13.799039219Z;0;cpu_core;42;local_machine;;cpu_state=softirq
kernel_cpu_time_ms;2026-03-25T00:42:13.799039219Z;0;cpu_core;42;local_machine;;cpu_state=steal
kernel_cpu_time_ms;2026-03-25T00:42:13.799039219Z;0;cpu_core;42;local_machine;;cpu_state=guest
kernel_cpu_time_ms;2026-03-25T00:42:13.799039219Z;0;cpu_core;42;local_machine;;cpu_state=guest_nice
kernel_cpu_time_ms;2026-03-25T00:42:13.799039219Z;0;cpu_core;43;local_machine;;cpu_state=user
kernel_cpu_time_ms;2026-03-25T00:42:13.799039219Z;0;cpu_core;43;local_machine;;cpu_state=nice
kernel_cpu_time_ms;2026-03-25T00:42:13.799039219Z;0;cpu_core;43;local_machine;;cpu_state=system
kernel_cpu_time_ms;2026-03-25T00:42:13.799039219Z;0;cpu_core;43;local_machine;;cpu_state=idle
kernel_cpu_time_ms;2026-03-25T00:42:13.799039219Z;0;cpu_core;43;local_machine;;cpu_state=irq
kernel_cpu_time_ms;2026-03-25T00:42:13.799039219Z;0;cpu_core;43;local_machine;;cpu_state=softirq
kernel_cpu_time_ms;2026-03-25T00:42:13.799039219Z;0;cpu_core;43;local_machine;;cpu_state=steal
kernel_cpu_time_ms;2026-03-25T00:42:13.799039219Z;0;cpu_core;43;local_machine;;cpu_state=guest
kernel_cpu_time_ms;2026-03-25T00:42:13.799039219Z;0;cpu_core;43;local_machine;;cpu_state=guest_nice
kernel_cpu_time_ms;2026-03-25T00:42:13.799039219Z;0;cpu_core;44;local_machine;;cpu_state=user
kernel_cpu_time_ms;2026-03-25T00:42:13.799039219Z;0;cpu_core;44;local_machine;;cpu_state=nice
kernel_cpu_time_ms;2026-03-25T00:42:13.799039219Z;0;cpu_core;44;local_machine;;cpu_state=system
kernel_cpu_time_ms;2026-03-25T00:42:13.799039219Z;0;cpu_core;44;local_machine;;cpu_state=idle
kernel_cpu_time_ms;2026-03-25T00:42:13.799039219Z;0;cpu_core;44;local_machine;;cpu_state=irq
kernel_cpu_time_ms;2026-03-25T00:42:13.799039219Z;0;cpu_core;44;local_machine;;cpu_state=softirq
kernel_cpu_time_ms;2026-03-25T00:42:13.799039219Z;0;cpu_core;44;local_machine;;cpu_state=steal
kernel_cpu_time_ms;2026-03-25T00:42:13.799039219Z;0;cpu_core;44;local_machine;;cpu_state=guest
kernel_cpu_time_ms;2026-03-25T00:42:13.799039219Z;0;cpu_core;44;local_machine;;cpu_state=guest_nice
kernel_cpu_time_ms;2026-03-25T00:42:13.799039219Z;0;cpu_core;45;local_machine;;cpu_state=user
kernel_cpu_time_ms;2026-03-25T00:42:13.799039219Z;0;cpu_core;45;local_machine;;cpu_state=nice
kernel_cpu_time_ms;2026-03-25T00:42:13.799039219Z;0;cpu_core;45;local_machine;;cpu_state=system
kernel_cpu_time_ms;2026-03-25T00:42:13.799039219Z;0;cpu_core;45;local_machine;;cpu_state=idle
kernel_cpu_time_ms;2026-03-25T00:42:13.799039219Z;0;cpu_core;45;local_machine;;cpu_state=irq
kernel_cpu_time_ms;2026-03-25T00:42:13.799039219Z;0;cpu_core;45;local_machine;;cpu_state=softirq
kernel_cpu_time_ms;2026-03-25T00:42:13.799039219Z;0;cpu_core;45;local_machine;;cpu_state=steal
kernel_cpu_time_ms;2026-03-25T00:42:13.799039219Z;0;cpu_core;45;local_machine;;cpu_state=guest
kernel_cpu_time_ms;2026-03-25T00:42:13.799039219Z;0;cpu_core;45;local_machine;;cpu_state=guest_nice
kernel_cpu_time_ms;2026-03-25T00:42:13.799039219Z;0;cpu_core;46;local_machine;;cpu_state=user
kernel_cpu_time_ms;2026-03-25T00:42:13.799039219Z;0;cpu_core;46;local_machine;;cpu_state=nice
kernel_cpu_time_ms;2026-03-25T00:42:13.799039219Z;0;cpu_core;46;local_machine;;cpu_state=system
kernel_cpu_time_ms;2026-03-25T00:42:13.799039219Z;0;cpu_core;46;local_machine;;cpu_state=idle
kernel_cpu_time_ms;2026-03-25T00:42:13.799039219Z;0;cpu_core;46;local_machine;;cpu_state=irq
kernel_cpu_time_ms;2026-03-25T00:42:13.799039219Z;0;cpu_core;46;local_machine;;cpu_state=softirq
kernel_cpu_time_ms;2026-03-25T00:42:13.799039219Z;0;cpu_core;46;local_machine;;cpu_state=steal
kernel_cpu_time_ms;2026-03-25T00:42:13.799039219Z;0;cpu_core;46;local_machine;;cpu_state=guest
kernel_cpu_time_ms;2026-03-25T00:42:13.799039219Z;0;cpu_core;46;local_machine;;cpu_state=guest_nice
kernel_cpu_time_ms;2026-03-25T00:42:13.799039219Z;0;cpu_core;47;local_machine;;cpu_state=user
kernel_cpu_time_ms;2026-03-25T00:42:13.799039219Z;0;cpu_core;47;local_machine;;cpu_state=nice
kernel_cpu_time_ms;2026-03-25T00:42:13.799039219Z;0;cpu_core;47;local_machine;;cpu_state=system
kernel_cpu_time_ms;2026-03-25T00:42:13.799039219Z;0;cpu_core;47;local_machine;;cpu_state=idle
kernel_cpu_time_ms;2026-03-25T00:42:13.799039219Z;0;cpu_core;47;local_machine;;cpu_state=irq
kernel_cpu_time_ms;2026-03-25T00:42:13.799039219Z;0;cpu_core;47;local_machine;;cpu_state=softirq
kernel_cpu_time_ms;2026-03-25T00:42:13.799039219Z;0;cpu_core;47;local_machine;;cpu_state=steal
kernel_cpu_time_ms;2026-03-25T00:42:13.799039219Z;0;cpu_core;47;local_machine;;cpu_state=guest
kernel_cpu_time_ms;2026-03-25T00:42:13.799039219Z;0;cpu_core;47;local_machine;;cpu_state=guest_nice
kernel_cpu_time_ms;2026-03-25T00:42:13.799039219Z;0;cpu_core;48;local_machine;;cpu_state=user
kernel_cpu_time_ms;2026-03-25T00:42:13.799039219Z;0;cpu_core;48;local_machine;;cpu_state=nice
kernel_cpu_time_ms;2026-03-25T00:42:13.799039219Z;0;cpu_core;48;local_machine;;cpu_state=system
kernel_cpu_time_ms;2026-03-25T00:42:13.799039219Z;0;cpu_core;48;local_machine;;cpu_state=idle
kernel_cpu_time_ms;2026-03-25T00:42:13.799039219Z;0;cpu_core;48;local_machine;;cpu_state=irq
kernel_cpu_time_ms;2026-03-25T00:42:13.799039219Z;0;cpu_core;48;local_machine;;cpu_state=softirq
kernel_cpu_time_ms;2026-03-25T00:42:13.799039219Z;0;cpu_core;48;local_machine;;cpu_state=steal
kernel_cpu_time_ms;2026-03-25T00:42:13.799039219Z;0;cpu_core;48;local_machine;;cpu_state=guest
kernel_cpu_time_ms;2026-03-25T00:42:13.799039219Z;0;cpu_core;48;local_machine;;cpu_state=guest_nice
kernel_cpu_time_ms;2026-03-25T00:42:13.799039219Z;0;cpu_core;49;local_machine;;cpu_state=user
kernel_cpu_time_ms;2026-03-25T00:42:13.799039219Z;0;cpu_core;49;local_machine;;cpu_state=nice
kernel_cpu_time_ms;2026-03-25T00:42:13.799039219Z;0;cpu_core;49;local_machine;;cpu_state=system
kernel_cpu_time_ms;2026-03-25T00:42:13.799039219Z;0;cpu_core;49;local_machine;;cpu_state=idle
kernel_cpu_time_ms;2026-03-25T00:42:13.799039219Z;0;cpu_core;49;local_machine;;cpu_state=irq
kernel_cpu_time_ms;2026-03-25T00:42:13.799039219Z;0;cpu_core;49;local_machine;;cpu_state=softirq
kernel_cpu_time_ms;2026-03-25T00:42:13.799039219Z;0;cpu_core;49;local_machine;;cpu_state=steal
kernel_cpu_time_ms;2026-03-25T00:42:13.799039219Z;0;cpu_core;49;local_machine;;cpu_state=guest
kernel_cpu_time_ms;2026-03-25T00:42:13.799039219Z;0;cpu_core;49;local_machine;;cpu_state=guest_nice
kernel_cpu_time_ms;2026-03-25T00:42:13.799039219Z;0;cpu_core;50;local_machine;;cpu_state=user
kernel_cpu_time_ms;2026-03-25T00:42:13.799039219Z;0;cpu_core;50;local_machine;;cpu_state=nice
kernel_cpu_time_ms;2026-03-25T00:42:13.799039219Z;0;cpu_core;50;local_machine;;cpu_state=system
kernel_cpu_time_ms;2026-03-25T00:42:13.799039219Z;0;cpu_core;50;local_machine;;cpu_state=idle
kernel_cpu_time_ms;2026-03-25T00:42:13.799039219Z;0;cpu_core;50;local_machine;;cpu_state=irq
kernel_cpu_time_ms;2026-03-25T00:42:13.799039219Z;0;cpu_core;50;local_machine;;cpu_state=softirq
kernel_cpu_time_ms;2026-03-25T00:42:13.799039219Z;0;cpu_core;50;local_machine;;cpu_state=steal
kernel_cpu_time_ms;2026-03-25T00:42:13.799039219Z;0;cpu_core;50;local_machine;;cpu_state=guest
kernel_cpu_time_ms;2026-03-25T00:42:13.799039219Z;0;cpu_core;50;local_machine;;cpu_state=guest_nice
kernel_cpu_time_ms;2026-03-25T00:42:13.799039219Z;0;cpu_core;51;local_machine;;cpu_state=user
kernel_cpu_time_ms;2026-03-25T00:42:13.799039219Z;0;cpu_core;51;local_machine;;cpu_state=nice
kernel_cpu_time_ms;2026-03-25T00:42:13.799039219Z;0;cpu_core;51;local_machine;;cpu_state=system
kernel_cpu_time_ms;2026-03-25T00:42:13.799039219Z;0;cpu_core;51;local_machine;;cpu_state=idle
kernel_cpu_time_ms;2026-03-25T00:42:13.799039219Z;0;cpu_core;51;local_machine;;cpu_state=irq
kernel_cpu_time_ms;2026-03-25T00:42:13.799039219Z;0;cpu_core;51;local_machine;;cpu_state=softirq
kernel_cpu_time_ms;2026-03-25T00:42:13.799039219Z;0;cpu_core;51;local_machine;;cpu_state=steal
kernel_cpu_time_ms;2026-03-25T00:42:13.799039219Z;0;cpu_core;51;local_machine;;cpu_state=guest
kernel_cpu_time_ms;2026-03-25T00:42:13.799039219Z;0;cpu_core;51;local_machine;;cpu_state=guest_nice
kernel_cpu_time_ms;2026-03-25T00:42:13.799039219Z;0;cpu_core;52;local_machine;;cpu_state=user
kernel_cpu_time_ms;2026-03-25T00:42:13.799039219Z;0;cpu_core;52;local_machine;;cpu_state=nice
kernel_cpu_time_ms;2026-03-25T00:42:13.799039219Z;0;cpu_core;52;local_machine;;cpu_state=system
kernel_cpu_time_ms;2026-03-25T00:42:13.799039219Z;0;cpu_core;52;local_machine;;cpu_state=idle
kernel_cpu_time_ms;2026-03-25T00:42:13.799039219Z;0;cpu_core;52;local_machine;;cpu_state=irq
kernel_cpu_time_ms;2026-03-25T00:42:13.799039219Z;0;cpu_core;52;local_machine;;cpu_state=softirq
kernel_cpu_time_ms;2026-03-25T00:42:13.799039219Z;0;cpu_core;52;local_machine;;cpu_state=steal
kernel_cpu_time_ms;2026-03-25T00:42:13.799039219Z;0;cpu_core;52;local_machine;;cpu_state=guest
kernel_cpu_time_ms;2026-03-25T00:42:13.799039219Z;0;cpu_core;52;local_machine;;cpu_state=guest_nice
kernel_cpu_time_ms;2026-03-25T00:42:13.799039219Z;0;cpu_core;53;local_machine;;cpu_state=user
kernel_cpu_time_ms;2026-03-25T00:42:13.799039219Z;0;cpu_core;53;local_machine;;cpu_state=nice
kernel_cpu_time_ms;2026-03-25T00:42:13.799039219Z;0;cpu_core;53;local_machine;;cpu_state=system
kernel_cpu_time_ms;2026-03-25T00:42:13.799039219Z;0;cpu_core;53;local_machine;;cpu_state=idle
kernel_cpu_time_ms;2026-03-25T00:42:13.799039219Z;0;cpu_core;53;local_machine;;cpu_state=irq
kernel_cpu_time_ms;2026-03-25T00:42:13.799039219Z;0;cpu_core;53;local_machine;;cpu_state=softirq
kernel_cpu_time_ms;2026-03-25T00:42:13.799039219Z;0;cpu_core;53;local_machine;;cpu_state=steal
kernel_cpu_time_ms;2026-03-25T00:42:13.799039219Z;0;cpu_core;53;local_machine;;cpu_state=guest
kernel_cpu_time_ms;2026-03-25T00:42:13.799039219Z;0;cpu_core;53;local_machine;;cpu_state=guest_nice
kernel_cpu_time_ms;2026-03-25T00:42:13.799039219Z;0;cpu_core;54;local_machine;;cpu_state=user
kernel_cpu_time_ms;2026-03-25T00:42:13.799039219Z;0;cpu_core;54;local_machine;;cpu_state=nice
kernel_cpu_time_ms;2026-03-25T00:42:13.799039219Z;0;cpu_core;54;local_machine;;cpu_state=system
kernel_cpu_time_ms;2026-03-25T00:42:13.799039219Z;0;cpu_core;54;local_machine;;cpu_state=idle
kernel_cpu_time_ms;2026-03-25T00:42:13.799039219Z;0;cpu_core;54;local_machine;;cpu_state=irq
kernel_cpu_time_ms;2026-03-25T00:42:13.799039219Z;0;cpu_core;54;local_machine;;cpu_state=softirq
kernel_cpu_time_ms;2026-03-25T00:42:13.799039219Z;0;cpu_core;54;local_machine;;cpu_state=steal
kernel_cpu_time_ms;2026-03-25T00:42:13.799039219Z;0;cpu_core;54;local_machine;;cpu_state=guest
kernel_cpu_time_ms;2026-03-25T00:42:13.799039219Z;0;cpu_core;54;local_machine;;cpu_state=guest_nice
kernel_cpu_time_ms;2026-03-25T00:42:13.799039219Z;0;cpu_core;55;local_machine;;cpu_state=user
kernel_cpu_time_ms;2026-03-25T00:42:13.799039219Z;0;cpu_core;55;local_machine;;cpu_state=nice
kernel_cpu_time_ms;2026-03-25T00:42:13.799039219Z;0;cpu_core;55;local_machine;;cpu_state=system
kernel_cpu_time_ms;2026-03-25T00:42:13.799039219Z;0;cpu_core;55;local_machine;;cpu_state=idle
kernel_cpu_time_ms;2026-03-25T00:42:13.799039219Z;0;cpu_core;55;local_machine;;cpu_state=irq
kernel_cpu_time_ms;2026-03-25T00:42:13.799039219Z;0;cpu_core;55;local_machine;;cpu_state=softirq
kernel_cpu_time_ms;2026-03-25T00:42:13.799039219Z;0;cpu_core;55;local_machine;;cpu_state=steal
kernel_cpu_time_ms;2026-03-25T00:42:13.799039219Z;0;cpu_core;55;local_machine;;cpu_state=guest
kernel_cpu_time_ms;2026-03-25T00:42:13.799039219Z;0;cpu_core;55;local_machine;;cpu_state=guest_nice
kernel_cpu_time_ms;2026-03-25T00:42:13.799039219Z;0;cpu_core;56;local_machine;;cpu_state=user
kernel_cpu_time_ms;2026-03-25T00:42:13.799039219Z;0;cpu_core;56;local_machine;;cpu_state=nice
kernel_cpu_time_ms;2026-03-25T00:42:13.799039219Z;0;cpu_core;56;local_machine;;cpu_state=system
kernel_cpu_time_ms;2026-03-25T00:42:13.799039219Z;0;cpu_core;56;local_machine;;cpu_state=idle
kernel_cpu_time_ms;2026-03-25T00:42:13.799039219Z;0;cpu_core;56;local_machine;;cpu_state=irq
kernel_cpu_time_ms;2026-03-25T00:42:13.799039219Z;0;cpu_core;56;local_machine;;cpu_state=softirq
kernel_cpu_time_ms;2026-03-25T00:42:13.799039219Z;0;cpu_core;56;local_machine;;cpu_state=steal
kernel_cpu_time_ms;2026-03-25T00:42:13.799039219Z;0;cpu_core;56;local_machine;;cpu_state=guest
kernel_cpu_time_ms;2026-03-25T00:42:13.799039219Z;0;cpu_core;56;local_machine;;cpu_state=guest_nice
kernel_cpu_time_ms;2026-03-25T00:42:13.799039219Z;0;cpu_core;57;local_machine;;cpu_state=user
kernel_cpu_time_ms;2026-03-25T00:42:13.799039219Z;0;cpu_core;57;local_machine;;cpu_state=nice
kernel_cpu_time_ms;2026-03-25T00:42:13.799039219Z;0;cpu_core;57;local_machine;;cpu_state=system
kernel_cpu_time_ms;2026-03-25T00:42:13.799039219Z;0;cpu_core;57;local_machine;;cpu_state=idle
kernel_cpu_time_ms;2026-03-25T00:42:13.799039219Z;0;cpu_core;57;local_machine;;cpu_state=irq
kernel_cpu_time_ms;2026-03-25T00:42:13.799039219Z;0;cpu_core;57;local_machine;;cpu_state=softirq
kernel_cpu_time_ms;2026-03-25T00:42:13.799039219Z;0;cpu_core;57;local_machine;;cpu_state=steal
kernel_cpu_time_ms;2026-03-25T00:42:13.799039219Z;0;cpu_core;57;local_machine;;cpu_state=guest
kernel_cpu_time_ms;2026-03-25T00:42:13.799039219Z;0;cpu_core;57;local_machine;;cpu_state=guest_nice
kernel_cpu_time_ms;2026-03-25T00:42:13.799039219Z;0;cpu_core;58;local_machine;;cpu_state=user
kernel_cpu_time_ms;2026-03-25T00:42:13.799039219Z;0;cpu_core;58;local_machine;;cpu_state=nice
kernel_cpu_time_ms;2026-03-25T00:42:13.799039219Z;0;cpu_core;58;local_machine;;cpu_state=system
kernel_cpu_time_ms;2026-03-25T00:42:13.799039219Z;0;cpu_core;58;local_machine;;cpu_state=idle
kernel_cpu_time_ms;2026-03-25T00:42:13.799039219Z;0;cpu_core;58;local_machine;;cpu_state=irq
kernel_cpu_time_ms;2026-03-25T00:42:13.799039219Z;0;cpu_core;58;local_machine;;cpu_state=softirq
kernel_cpu_time_ms;2026-03-25T00:42:13.799039219Z;0;cpu_core;58;local_machine;;cpu_state=steal
kernel_cpu_time_ms;2026-03-25T00:42:13.799039219Z;0;cpu_core;58;local_machine;;cpu_state=guest
kernel_cpu_time_ms;2026-03-25T00:42:13.799039219Z;0;cpu_core;58;local_machine;;cpu_state=guest_nice
kernel_cpu_time_ms;2026-03-25T00:42:13.799039219Z;0;cpu_core;59;local_machine;;cpu_state=user
kernel_cpu_time_ms;2026-03-25T00:42:13.799039219Z;0;cpu_core;59;local_machine;;cpu_state=nice
kernel_cpu_time_ms;2026-03-25T00:42:13.799039219Z;0;cpu_core;59;local_machine;;cpu_state=system
kernel_cpu_time_ms;2026-03-25T00:42:13.799039219Z;0;cpu_core;59;local_machine;;cpu_state=idle
kernel_cpu_time_ms;2026-03-25T00:42:13.799039219Z;0;cpu_core;59;local_machine;;cpu_state=irq
kernel_cpu_time_ms;2026-03-25T00:42:13.799039219Z;0;cpu_core;59;local_machine;;cpu_state=softirq
kernel_cpu_time_ms;2026-03-25T00:42:13.799039219Z;0;cpu_core;59;local_machine;;cpu_state=steal
kernel_cpu_time_ms;2026-03-25T00:42:13.799039219Z;0;cpu_core;59;local_machine;;cpu_state=guest
kernel_cpu_time_ms;2026-03-25T00:42:13.799039219Z;0;cpu_core;59;local_machine;;cpu_state=guest_nice
kernel_cpu_time_ms;2026-03-25T00:42:13.799039219Z;0;cpu_core;60;local_machine;;cpu_state=user
kernel_cpu_time_ms;2026-03-25T00:42:13.799039219Z;0;cpu_core;60;local_machine;;cpu_state=nice
kernel_cpu_time_ms;2026-03-25T00:42:13.799039219Z;0;cpu_core;60;local_machine;;cpu_state=system
kernel_cpu_time_ms;2026-03-25T00:42:13.799039219Z;0;cpu_core;60;local_machine;;cpu_state=idle
kernel_cpu_time_ms;2026-03-25T00:42:13.799039219Z;0;cpu_core;60;local_machine;;cpu_state=irq
kernel_cpu_time_ms;2026-03-25T00:42:13.799039219Z;0;cpu_core;60;local_machine;;cpu_state=softirq
kernel_cpu_time_ms;2026-03-25T00:42:13.799039219Z;0;cpu_core;60;local_machine;;cpu_state=steal
kernel_cpu_time_ms;2026-03-25T00:42:13.799039219Z;0;cpu_core;60;local_machine;;cpu_state=guest
kernel_cpu_time_ms;2026-03-25T00:42:13.799039219Z;0;cpu_core;60;local_machine;;cpu_state=guest_nice
kernel_cpu_time_ms;2026-03-25T00:42:13.799039219Z;0;cpu_core;61;local_machine;;cpu_state=user
kernel_cpu_time_ms;2026-03-25T00:42:13.799039219Z;0;cpu_core;61;local_machine;;cpu_state=nice
kernel_cpu_time_ms;2026-03-25T00:42:13.799039219Z;0;cpu_core;61;local_machine;;cpu_state=system
kernel_cpu_time_ms;2026-03-25T00:42:13.799039219Z;0;cpu_core;61;local_machine;;cpu_state=idle
kernel_cpu_time_ms;2026-03-25T00:42:13.799039219Z;0;cpu_core;61;local_machine;;cpu_state=irq
kernel_cpu_time_ms;2026-03-25T00:42:13.799039219Z;0;cpu_core;61;local_machine;;cpu_state=softirq
kernel_cpu_time_ms;2026-03-25T00:42:13.799039219Z;0;cpu_core;61;local_machine;;cpu_state=steal
kernel_cpu_time_ms;2026-03-25T00:42:13.799039219Z;0;cpu_core;61;local_machine;;cpu_state=guest
kernel_cpu_time_ms;2026-03-25T00:42:13.799039219Z;0;cpu_core;61;local_machine;;cpu_state=guest_nice
kernel_cpu_time_ms;2026-03-25T00:42:13.799039219Z;0;cpu_core;62;local_machine;;cpu_state=user
kernel_cpu_time_ms;2026-03-25T00:42:13.799039219Z;0;cpu_core;62;local_machine;;cpu_state=nice
kernel_cpu_time_ms;2026-03-25T00:42:13.799039219Z;0;cpu_core;62;local_machine;;cpu_state=system
kernel_cpu_time_ms;2026-03-25T00:42:13.799039219Z;0;cpu_core;62;local_machine;;cpu_state=idle
kernel_cpu_time_ms;2026-03-25T00:42:13.799039219Z;0;cpu_core;62;local_machine;;cpu_state=irq
kernel_cpu_time_ms;2026-03-25T00:42:13.799039219Z;0;cpu_core;62;local_machine;;cpu_state=softirq
kernel_cpu_time_ms;2026-03-25T00:42:13.799039219Z;0;cpu_core;62;local_machine;;cpu_state=steal
kernel_cpu_time_ms;2026-03-25T00:42:13.799039219Z;0;cpu_core;62;local_machine;;cpu_state=guest
kernel_cpu_time_ms;2026-03-25T00:42:13.799039219Z;0;cpu_core;62;local_machine;;cpu_state=guest_nice
kernel_cpu_time_ms;2026-03-25T00:42:13.799039219Z;0;cpu_core;63;local_machine;;cpu_state=user
kernel_cpu_time_ms;2026-03-25T00:42:13.799039219Z;0;cpu_core;63;local_machine;;cpu_state=nice
kernel_cpu_time_ms;2026-03-25T00:42:13.799039219Z;0;cpu_core;63;local_machine;;cpu_state=system
kernel_cpu_time_ms;2026-03-25T00:42:13.799039219Z;0;cpu_core;63;local_machine;;cpu_state=idle
kernel_cpu_time_ms;2026-03-25T00:42:13.799039219Z;0;cpu_core;63;local_machine;;cpu_state=irq
kernel_cpu_time_ms;2026-03-25T00:42:13.799039219Z;0;cpu_core;63;local_machine;;cpu_state=softirq
kernel_cpu_time_ms;2026-03-25T00:42:13.799039219Z;0;cpu_core;63;local_machine;;cpu_state=steal
kernel_cpu_time_ms;2026-03-25T00:42:13.799039219Z;0;cpu_core;63;local_machine;;cpu_state=guest
kernel_cpu_time_ms;2026-03-25T00:42:13.799039219Z;0;cpu_core;63;local_machine;;cpu_state=guest_nice
kernel_cpu_time_ms;2026-03-25T00:42:13.799039219Z;0;cpu_core;64;local_machine;;cpu_state=user
kernel_cpu_time_ms;2026-03-25T00:42:13.799039219Z;0;cpu_core;64;local_machine;;cpu_state=nice
kernel_cpu_time_ms;2026-03-25T00:42:13.799039219Z;0;cpu_core;64;local_machine;;cpu_state=system
kernel_cpu_time_ms;2026-03-25T00:42:13.799039219Z;0;cpu_core;64;local_machine;;cpu_state=idle
kernel_cpu_time_ms;2026-03-25T00:42:13.799039219Z;0;cpu_core;64;local_machine;;cpu_state=irq
kernel_cpu_time_ms;2026-03-25T00:42:13.799039219Z;0;cpu_core;64;local_machine;;cpu_state=softirq
kernel_cpu_time_ms;2026-03-25T00:42:13.799039219Z;0;cpu_core;64;local_machine;;cpu_state=steal
kernel_cpu_time_ms;2026-03-25T00:42:13.799039219Z;0;cpu_core;64;local_machine;;cpu_state=guest
kernel_cpu_time_ms;2026-03-25T00:42:13.799039219Z;0;cpu_core;64;local_machine;;cpu_state=guest_nice
kernel_cpu_time_ms;2026-03-25T00:42:13.799039219Z;0;cpu_core;65;local_machine;;cpu_state=user
kernel_cpu_time_ms;2026-03-25T00:42:13.799039219Z;0;cpu_core;65;local_machine;;cpu_state=nice
kernel_cpu_time_ms;2026-03-25T00:42:13.799039219Z;0;cpu_core;65;local_machine;;cpu_state=system
kernel_cpu_time_ms;2026-03-25T00:42:13.799039219Z;0;cpu_core;65;local_machine;;cpu_state=idle
kernel_cpu_time_ms;2026-03-25T00:42:13.799039219Z;0;cpu_core;65;local_machine;;cpu_state=irq
kernel_cpu_time_ms;2026-03-25T00:42:13.799039219Z;0;cpu_core;65;local_machine;;cpu_state=softirq
kernel_cpu_time_ms;2026-03-25T00:42:13.799039219Z;0;cpu_core;65;local_machine;;cpu_state=steal
kernel_cpu_time_ms;2026-03-25T00:42:13.799039219Z;0;cpu_core;65;local_machine;;cpu_state=guest
kernel_cpu_time_ms;2026-03-25T00:42:13.799039219Z;0;cpu_core;65;local_machine;;cpu_state=guest_nice
kernel_cpu_time_ms;2026-03-25T00:42:13.799039219Z;0;cpu_core;66;local_machine;;cpu_state=user
kernel_cpu_time_ms;2026-03-25T00:42:13.799039219Z;0;cpu_core;66;local_machine;;cpu_state=nice
kernel_cpu_time_ms;2026-03-25T00:42:13.799039219Z;0;cpu_core;66;local_machine;;cpu_state=system
kernel_cpu_time_ms;2026-03-25T00:42:13.799039219Z;0;cpu_core;66;local_machine;;cpu_state=idle
kernel_cpu_time_ms;2026-03-25T00:42:13.799039219Z;0;cpu_core;66;local_machine;;cpu_state=irq
kernel_cpu_time_ms;2026-03-25T00:42:13.799039219Z;0;cpu_core;66;local_machine;;cpu_state=softirq
kernel_cpu_time_ms;2026-03-25T00:42:13.799039219Z;0;cpu_core;66;local_machine;;cpu_state=steal
kernel_cpu_time_ms;2026-03-25T00:42:13.799039219Z;0;cpu_core;66;local_machine;;cpu_state=guest
kernel_cpu_time_ms;2026-03-25T00:42:13.799039219Z;0;cpu_core;66;local_machine;;cpu_state=guest_nice
kernel_cpu_time_ms;2026-03-25T00:42:13.799039219Z;0;cpu_core;67;local_machine;;cpu_state=user
kernel_cpu_time_ms;2026-03-25T00:42:13.799039219Z;0;cpu_core;67;local_machine;;cpu_state=nice
kernel_cpu_time_ms;2026-03-25T00:42:13.799039219Z;0;cpu_core;67;local_machine;;cpu_state=system
kernel_cpu_time_ms;2026-03-25T00:42:13.799039219Z;0;cpu_core;67;local_machine;;cpu_state=idle
kernel_cpu_time_ms;2026-03-25T00:42:13.799039219Z;0;cpu_core;67;local_machine;;cpu_state=irq
kernel_cpu_time_ms;2026-03-25T00:42:13.799039219Z;0;cpu_core;67;local_machine;;cpu_state=softirq
kernel_cpu_time_ms;2026-03-25T00:42:13.799039219Z;0;cpu_core;67;local_machine;;cpu_state=steal
kernel_cpu_time_ms;2026-03-25T00:42:13.799039219Z;0;cpu_core;67;local_machine;;cpu_state=guest
kernel_cpu_time_ms;2026-03-25T00:42:13.799039219Z;0;cpu_core;67;local_machine;;cpu_state=guest_nice
kernel_cpu_time_ms;2026-03-25T00:42:13.799039219Z;0;cpu_core;68;local_machine;;cpu_state=user
kernel_cpu_time_ms;2026-03-25T00:42:13.799039219Z;0;cpu_core;68;local_machine;;cpu_state=nice
kernel_cpu_time_ms;2026-03-25T00:42:13.799039219Z;0;cpu_core;68;local_machine;;cpu_state=system
kernel_cpu_time_ms;2026-03-25T00:42:13.799039219Z;0;cpu_core;68;local_machine;;cpu_state=idle
kernel_cpu_time_ms;2026-03-25T00:42:13.799039219Z;0;cpu_core;68;local_machine;;cpu_state=irq
kernel_cpu_time_ms;2026-03-25T00:42:13.799039219Z;0;cpu_core;68;local_machine;;cpu_state=softirq
kernel_cpu_time_ms;2026-03-25T00:42:13.799039219Z;0;cpu_core;68;local_machine;;cpu_state=steal
kernel_cpu_time_ms;2026-03-25T00:42:13.799039219Z;0;cpu_core;68;local_machine;;cpu_state=guest
kernel_cpu_time_ms;2026-03-25T00:42:13.799039219Z;0;cpu_core;68;local_machine;;cpu_state=guest_nice
kernel_cpu_time_ms;2026-03-25T00:42:13.799039219Z;0;cpu_core;69;local_machine;;cpu_state=user
kernel_cpu_time_ms;2026-03-25T00:42:13.799039219Z;0;cpu_core;69;local_machine;;cpu_state=nice
kernel_cpu_time_ms;2026-03-25T00:42:13.799039219Z;0;cpu_core;69;local_machine;;cpu_state=system
kernel_cpu_time_ms;2026-03-25T00:42:13.799039219Z;0;cpu_core;69;local_machine;;cpu_state=idle
kernel_cpu_time_ms;2026-03-25T00:42:13.799039219Z;0;cpu_core;69;local_machine;;cpu_state=irq
kernel_cpu_time_ms;2026-03-25T00:42:13.799039219Z;0;cpu_core;69;local_machine;;cpu_state=softirq
kernel_cpu_time_ms;2026-03-25T00:42:13.799039219Z;0;cpu_core;69;local_machine;;cpu_state=steal
kernel_cpu_time_ms;2026-03-25T00:42:13.799039219Z;0;cpu_core;69;local_machine;;cpu_state=guest
kernel_cpu_time_ms;2026-03-25T00:42:13.799039219Z;0;cpu_core;69;local_machine;;cpu_state=guest_nice
kernel_cpu_time_ms;2026-03-25T00:42:13.799039219Z;0;cpu_core;70;local_machine;;cpu_state=user
kernel_cpu_time_ms;2026-03-25T00:42:13.799039219Z;0;cpu_core;70;local_machine;;cpu_state=nice
kernel_cpu_time_ms;2026-03-25T00:42:13.799039219Z;0;cpu_core;70;local_machine;;cpu_state=system
kernel_cpu_time_ms;2026-03-25T00:42:13.799039219Z;0;cpu_core;70;local_machine;;cpu_state=idle
kernel_cpu_time_ms;2026-03-25T00:42:13.799039219Z;0;cpu_core;70;local_machine;;cpu_state=irq
kernel_cpu_time_ms;2026-03-25T00:42:13.799039219Z;0;cpu_core;70;local_machine;;cpu_state=softirq
kernel_cpu_time_ms;2026-03-25T00:42:13.799039219Z;0;cpu_core;70;local_machine;;cpu_state=steal
kernel_cpu_time_ms;2026-03-25T00:42:13.799039219Z;0;cpu_core;70;local_machine;;cpu_state=guest
kernel_cpu_time_ms;2026-03-25T00:42:13.799039219Z;0;cpu_core;70;local_machine;;cpu_state=guest_nice
kernel_cpu_time_ms;2026-03-25T00:42:13.799039219Z;0;cpu_core;71;local_machine;;cpu_state=user
kernel_cpu_time_ms;2026-03-25T00:42:13.799039219Z;0;cpu_core;71;local_machine;;cpu_state=nice
kernel_cpu_time_ms;2026-03-25T00:42:13.799039219Z;0;cpu_core;71;local_machine;;cpu_state=system
kernel_cpu_time_ms;2026-03-25T00:42:13.799039219Z;0;cpu_core;71;local_machine;;cpu_state=idle
kernel_cpu_time_ms;2026-03-25T00:42:13.799039219Z;0;cpu_core;71;local_machine;;cpu_state=irq
kernel_cpu_time_ms;2026-03-25T00:42:13.799039219Z;0;cpu_core;71;local_machine;;cpu_state=softirq
kernel_cpu_time_ms;2026-03-25T00:42:13.799039219Z;0;cpu_core;71;local_machine;;cpu_state=steal
kernel_cpu_time_ms;2026-03-25T00:42:13.799039219Z;0;cpu_core;71;local_machine;;cpu_state=guest
kernel_cpu_time_ms;2026-03-25T00:42:13.799039219Z;0;cpu_core;71;local_machine;;cpu_state=guest_nice
kernel_cpu_time_ms;2026-03-25T00:42:13.799039219Z;0;cpu_core;72;local_machine;;cpu_state=user
kernel_cpu_time_ms;2026-03-25T00:42:13.799039219Z;0;cpu_core;72;local_machine;;cpu_state=nice
kernel_cpu_time_ms;2026-03-25T00:42:13.799039219Z;0;cpu_core;72;local_machine;;cpu_state=system
kernel_cpu_time_ms;2026-03-25T00:42:13.799039219Z;0;cpu_core;72;local_machine;;cpu_state=idle
kernel_cpu_time_ms;2026-03-25T00:42:13.799039219Z;0;cpu_core;72;local_machine;;cpu_state=irq
kernel_cpu_time_ms;2026-03-25T00:42:13.799039219Z;0;cpu_core;72;local_machine;;cpu_state=softirq
kernel_cpu_time_ms;2026-03-25T00:42:13.799039219Z;0;cpu_core;72;local_machine;;cpu_state=steal
kernel_cpu_time_ms;2026-03-25T00:42:13.799039219Z;0;cpu_core;72;local_machine;;cpu_state=guest
kernel_cpu_time_ms;2026-03-25T00:42:13.799039219Z;0;cpu_core;72;local_machine;;cpu_state=guest_nice
kernel_cpu_time_ms;2026-03-25T00:42:13.799039219Z;0;cpu_core;73;local_machine;;cpu_state=user
kernel_cpu_time_ms;2026-03-25T00:42:13.799039219Z;0;cpu_core;73;local_machine;;cpu_state=nice
kernel_cpu_time_ms;2026-03-25T00:42:13.799039219Z;0;cpu_core;73;local_machine;;cpu_state=system
kernel_cpu_time_ms;2026-03-25T00:42:13.799039219Z;0;cpu_core;73;local_machine;;cpu_state=idle
kernel_cpu_time_ms;2026-03-25T00:42:13.799039219Z;0;cpu_core;73;local_machine;;cpu_state=irq
kernel_cpu_time_ms;2026-03-25T00:42:13.799039219Z;0;cpu_core;73;local_machine;;cpu_state=softirq
kernel_cpu_time_ms;2026-03-25T00:42:13.799039219Z;0;cpu_core;73;local_machine;;cpu_state=steal
kernel_cpu_time_ms;2026-03-25T00:42:13.799039219Z;0;cpu_core;73;local_machine;;cpu_state=guest
kernel_cpu_time_ms;2026-03-25T00:42:13.799039219Z;0;cpu_core;73;local_machine;;cpu_state=guest_nice
kernel_cpu_time_ms;2026-03-25T00:42:13.799039219Z;0;cpu_core;74;local_machine;;cpu_state=user
kernel_cpu_time_ms;2026-03-25T00:42:13.799039219Z;0;cpu_core;74;local_machine;;cpu_state=nice
kernel_cpu_time_ms;2026-03-25T00:42:13.799039219Z;0;cpu_core;74;local_machine;;cpu_state=system
kernel_cpu_time_ms;2026-03-25T00:42:13.799039219Z;0;cpu_core;74;local_machine;;cpu_state=idle
kernel_cpu_time_ms;2026-03-25T00:42:13.799039219Z;0;cpu_core;74;local_machine;;cpu_state=irq
kernel_cpu_time_ms;2026-03-25T00:42:13.799039219Z;0;cpu_core;74;local_machine;;cpu_state=softirq
kernel_cpu_time_ms;2026-03-25T00:42:13.799039219Z;0;cpu_core;74;local_machine;;cpu_state=steal
kernel_cpu_time_ms;2026-03-25T00:42:13.799039219Z;0;cpu_core;74;local_machine;;cpu_state=guest
kernel_cpu_time_ms;2026-03-25T00:42:13.799039219Z;0;cpu_core;74;local_machine;;cpu_state=guest_nice
kernel_cpu_time_ms;2026-03-25T00:42:13.799039219Z;0;cpu_core;75;local_machine;;cpu_state=user
kernel_cpu_time_ms;2026-03-25T00:42:13.799039219Z;0;cpu_core;75;local_machine;;cpu_state=nice
kernel_cpu_time_ms;2026-03-25T00:42:13.799039219Z;0;cpu_core;75;local_machine;;cpu_state=system
kernel_cpu_time_ms;2026-03-25T00:42:13.799039219Z;0;cpu_core;75;local_machine;;cpu_state=idle
kernel_cpu_time_ms;2026-03-25T00:42:13.799039219Z;0;cpu_core;75;local_machine;;cpu_state=irq
kernel_cpu_time_ms;2026-03-25T00:42:13.799039219Z;0;cpu_core;75;local_machine;;cpu_state=softirq
kernel_cpu_time_ms;2026-03-25T00:42:13.799039219Z;0;cpu_core;75;local_machine;;cpu_state=steal
kernel_cpu_time_ms;2026-03-25T00:42:13.799039219Z;0;cpu_core;75;local_machine;;cpu_state=guest
kernel_cpu_time_ms;2026-03-25T00:42:13.799039219Z;0;cpu_core;75;local_machine;;cpu_state=guest_nice
kernel_cpu_time_ms;2026-03-25T00:42:13.799039219Z;0;cpu_core;76;local_machine;;cpu_state=user
kernel_cpu_time_ms;2026-03-25T00:42:13.799039219Z;0;cpu_core;76;local_machine;;cpu_state=nice
kernel_cpu_time_ms;2026-03-25T00:42:13.799039219Z;0;cpu_core;76;local_machine;;cpu_state=system
kernel_cpu_time_ms;2026-03-25T00:42:13.799039219Z;0;cpu_core;76;local_machine;;cpu_state=idle
kernel_cpu_time_ms;2026-03-25T00:42:13.799039219Z;0;cpu_core;76;local_machine;;cpu_state=irq
kernel_cpu_time_ms;2026-03-25T00:42:13.799039219Z;0;cpu_core;76;local_machine;;cpu_state=softirq
kernel_cpu_time_ms;2026-03-25T00:42:13.799039219Z;0;cpu_core;76;local_machine;;cpu_state=steal
kernel_cpu_time_ms;2026-03-25T00:42:13.799039219Z;0;cpu_core;76;local_machine;;cpu_state=guest
kernel_cpu_time_ms;2026-03-25T00:42:13.799039219Z;0;cpu_core;76;local_machine;;cpu_state=guest_nice
kernel_cpu_time_ms;2026-03-25T00:42:13.799039219Z;0;cpu_core;77;local_machine;;cpu_state=user
kernel_cpu_time_ms;2026-03-25T00:42:13.799039219Z;0;cpu_core;77;local_machine;;cpu_state=nice
kernel_cpu_time_ms;2026-03-25T00:42:13.799039219Z;0;cpu_core;77;local_machine;;cpu_state=system
kernel_cpu_time_ms;2026-03-25T00:42:13.799039219Z;10;cpu_core;77;local_machine;;cpu_state=idle
kernel_cpu_time_ms;2026-03-25T00:42:13.799039219Z;0;cpu_core;77;local_machine;;cpu_state=irq
kernel_cpu_time_ms;2026-03-25T00:42:13.799039219Z;0;cpu_core;77;local_machine;;cpu_state=softirq
kernel_cpu_time_ms;2026-03-25T00:42:13.799039219Z;0;cpu_core;77;local_machine;;cpu_state=steal
kernel_cpu_time_ms;2026-03-25T00:42:13.799039219Z;0;cpu_core;77;local_machine;;cpu_state=guest
kernel_cpu_time_ms;2026-03-25T00:42:13.799039219Z;0;cpu_core;77;local_machine;;cpu_state=guest_nice
kernel_cpu_time_ms;2026-03-25T00:42:13.799039219Z;0;cpu_core;78;local_machine;;cpu_state=user
kernel_cpu_time_ms;2026-03-25T00:42:13.799039219Z;0;cpu_core;78;local_machine;;cpu_state=nice
kernel_cpu_time_ms;2026-03-25T00:42:13.799039219Z;0;cpu_core;78;local_machine;;cpu_state=system
kernel_cpu_time_ms;2026-03-25T00:42:13.799039219Z;0;cpu_core;78;local_machine;;cpu_state=idle
kernel_cpu_time_ms;2026-03-25T00:42:13.799039219Z;0;cpu_core;78;local_machine;;cpu_state=irq
kernel_cpu_time_ms;2026-03-25T00:42:13.799039219Z;0;cpu_core;78;local_machine;;cpu_state=softirq
kernel_cpu_time_ms;2026-03-25T00:42:13.799039219Z;0;cpu_core;78;local_machine;;cpu_state=steal
kernel_cpu_time_ms;2026-03-25T00:42:13.799039219Z;0;cpu_core;78;local_machine;;cpu_state=guest
kernel_cpu_time_ms;2026-03-25T00:42:13.799039219Z;0;cpu_core;78;local_machine;;cpu_state=guest_nice
kernel_cpu_time_ms;2026-03-25T00:42:13.799039219Z;0;cpu_core;79;local_machine;;cpu_state=user
kernel_cpu_time_ms;2026-03-25T00:42:13.799039219Z;0;cpu_core;79;local_machine;;cpu_state=nice
kernel_cpu_time_ms;2026-03-25T00:42:13.799039219Z;0;cpu_core;79;local_machine;;cpu_state=system
kernel_cpu_time_ms;2026-03-25T00:42:13.799039219Z;0;cpu_core;79;local_machine;;cpu_state=idle
kernel_cpu_time_ms;2026-03-25T00:42:13.799039219Z;0;cpu_core;79;local_machine;;cpu_state=irq
kernel_cpu_time_ms;2026-03-25T00:42:13.799039219Z;0;cpu_core;79;local_machine;;cpu_state=softirq
kernel_cpu_time_ms;2026-03-25T00:42:13.799039219Z;0;cpu_core;79;local_machine;;cpu_state=steal
kernel_cpu_time_ms;2026-03-25T00:42:13.799039219Z;0;cpu_core;79;local_machine;;cpu_state=guest
kernel_cpu_time_ms;2026-03-25T00:42:13.799039219Z;0;cpu_core;79;local_machine;;cpu_state=guest_nice
kernel_cpu_time_ms;2026-03-25T00:42:13.799039219Z;0;cpu_core;80;local_machine;;cpu_state=user
kernel_cpu_time_ms;2026-03-25T00:42:13.799039219Z;0;cpu_core;80;local_machine;;cpu_state=nice
kernel_cpu_time_ms;2026-03-25T00:42:13.799039219Z;0;cpu_core;80;local_machine;;cpu_state=system
kernel_cpu_time_ms;2026-03-25T00:42:13.799039219Z;0;cpu_core;80;local_machine;;cpu_state=idle
kernel_cpu_time_ms;2026-03-25T00:42:13.799039219Z;0;cpu_core;80;local_machine;;cpu_state=irq
kernel_cpu_time_ms;2026-03-25T00:42:13.799039219Z;0;cpu_core;80;local_machine;;cpu_state=softirq
kernel_cpu_time_ms;2026-03-25T00:42:13.799039219Z;0;cpu_core;80;local_machine;;cpu_state=steal
kernel_cpu_time_ms;2026-03-25T00:42:13.799039219Z;0;cpu_core;80;local_machine;;cpu_state=guest
kernel_cpu_time_ms;2026-03-25T00:42:13.799039219Z;0;cpu_core;80;local_machine;;cpu_state=guest_nice
kernel_cpu_time_ms;2026-03-25T00:42:13.799039219Z;0;cpu_core;81;local_machine;;cpu_state=user
kernel_cpu_time_ms;2026-03-25T00:42:13.799039219Z;0;cpu_core;81;local_machine;;cpu_state=nice
kernel_cpu_time_ms;2026-03-25T00:42:13.799039219Z;0;cpu_core;81;local_machine;;cpu_state=system
kernel_cpu_time_ms;2026-03-25T00:42:13.799039219Z;0;cpu_core;81;local_machine;;cpu_state=idle
kernel_cpu_time_ms;2026-03-25T00:42:13.799039219Z;0;cpu_core;81;local_machine;;cpu_state=irq
kernel_cpu_time_ms;2026-03-25T00:42:13.799039219Z;0;cpu_core;81;local_machine;;cpu_state=softirq
kernel_cpu_time_ms;2026-03-25T00:42:13.799039219Z;0;cpu_core;81;local_machine;;cpu_state=steal
kernel_cpu_time_ms;2026-03-25T00:42:13.799039219Z;0;cpu_core;81;local_machine;;cpu_state=guest
kernel_cpu_time_ms;2026-03-25T00:42:13.799039219Z;0;cpu_core;81;local_machine;;cpu_state=guest_nice
kernel_cpu_time_ms;2026-03-25T00:42:13.799039219Z;0;cpu_core;82;local_machine;;cpu_state=user
kernel_cpu_time_ms;2026-03-25T00:42:13.799039219Z;0;cpu_core;82;local_machine;;cpu_state=nice
kernel_cpu_time_ms;2026-03-25T00:42:13.799039219Z;0;cpu_core;82;local_machine;;cpu_state=system
kernel_cpu_time_ms;2026-03-25T00:42:13.799039219Z;0;cpu_core;82;local_machine;;cpu_state=idle
kernel_cpu_time_ms;2026-03-25T00:42:13.799039219Z;0;cpu_core;82;local_machine;;cpu_state=irq
kernel_cpu_time_ms;2026-03-25T00:42:13.799039219Z;0;cpu_core;82;local_machine;;cpu_state=softirq
kernel_cpu_time_ms;2026-03-25T00:42:13.799039219Z;0;cpu_core;82;local_machine;;cpu_state=steal
kernel_cpu_time_ms;2026-03-25T00:42:13.799039219Z;0;cpu_core;82;local_machine;;cpu_state=guest
kernel_cpu_time_ms;2026-03-25T00:42:13.799039219Z;0;cpu_core;82;local_machine;;cpu_state=guest_nice
kernel_cpu_time_ms;2026-03-25T00:42:13.799039219Z;0;cpu_core;83;local_machine;;cpu_state=user
kernel_cpu_time_ms;2026-03-25T00:42:13.799039219Z;0;cpu_core;83;local_machine;;cpu_state=nice
kernel_cpu_time_ms;2026-03-25T00:42:13.799039219Z;0;cpu_core;83;local_machine;;cpu_state=system
kernel_cpu_time_ms;2026-03-25T00:42:13.799039219Z;0;cpu_core;83;local_machine;;cpu_state=idle
kernel_cpu_time_ms;2026-03-25T00:42:13.799039219Z;0;cpu_core;83;local_machine;;cpu_state=irq
kernel_cpu_time_ms;2026-03-25T00:42:13.799039219Z;0;cpu_core;83;local_machine;;cpu_state=softirq
kernel_cpu_time_ms;2026-03-25T00:42:13.799039219Z;0;cpu_core;83;local_machine;;cpu_state=steal
kernel_cpu_time_ms;2026-03-25T00:42:13.799039219Z;0;cpu_core;83;local_machine;;cpu_state=guest
kernel_cpu_time_ms;2026-03-25T00:42:13.799039219Z;0;cpu_core;83;local_machine;;cpu_state=guest_nice
kernel_cpu_time_ms;2026-03-25T00:42:13.799039219Z;0;cpu_core;84;local_machine;;cpu_state=user
kernel_cpu_time_ms;2026-03-25T00:42:13.799039219Z;0;cpu_core;84;local_machine;;cpu_state=nice
kernel_cpu_time_ms;2026-03-25T00:42:13.799039219Z;0;cpu_core;84;local_machine;;cpu_state=system
kernel_cpu_time_ms;2026-03-25T00:42:13.799039219Z;0;cpu_core;84;local_machine;;cpu_state=idle
kernel_cpu_time_ms;2026-03-25T00:42:13.799039219Z;0;cpu_core;84;local_machine;;cpu_state=irq
kernel_cpu_time_ms;2026-03-25T00:42:13.799039219Z;0;cpu_core;84;local_machine;;cpu_state=softirq
kernel_cpu_time_ms;2026-03-25T00:42:13.799039219Z;0;cpu_core;84;local_machine;;cpu_state=steal
kernel_cpu_time_ms;2026-03-25T00:42:13.799039219Z;0;cpu_core;84;local_machine;;cpu_state=guest
kernel_cpu_time_ms;2026-03-25T00:42:13.799039219Z;0;cpu_core;84;local_machine;;cpu_state=guest_nice
kernel_cpu_time_ms;2026-03-25T00:42:13.799039219Z;0;cpu_core;85;local_machine;;cpu_state=user
kernel_cpu_time_ms;2026-03-25T00:42:13.799039219Z;0;cpu_core;85;local_machine;;cpu_state=nice
kernel_cpu_time_ms;2026-03-25T00:42:13.799039219Z;0;cpu_core;85;local_machine;;cpu_state=system
kernel_cpu_time_ms;2026-03-25T00:42:13.799039219Z;0;cpu_core;85;local_machine;;cpu_state=idle
kernel_cpu_time_ms;2026-03-25T00:42:13.799039219Z;0;cpu_core;85;local_machine;;cpu_state=irq
kernel_cpu_time_ms;2026-03-25T00:42:13.799039219Z;0;cpu_core;85;local_machine;;cpu_state=softirq
kernel_cpu_time_ms;2026-03-25T00:42:13.799039219Z;0;cpu_core;85;local_machine;;cpu_state=steal
kernel_cpu_time_ms;2026-03-25T00:42:13.799039219Z;0;cpu_core;85;local_machine;;cpu_state=guest
kernel_cpu_time_ms;2026-03-25T00:42:13.799039219Z;0;cpu_core;85;local_machine;;cpu_state=guest_nice
kernel_cpu_time_ms;2026-03-25T00:42:13.799039219Z;0;cpu_core;86;local_machine;;cpu_state=user
kernel_cpu_time_ms;2026-03-25T00:42:13.799039219Z;0;cpu_core;86;local_machine;;cpu_state=nice
kernel_cpu_time_ms;2026-03-25T00:42:13.799039219Z;0;cpu_core;86;local_machine;;cpu_state=system
kernel_cpu_time_ms;2026-03-25T00:42:13.799039219Z;0;cpu_core;86;local_machine;;cpu_state=idle
kernel_cpu_time_ms;2026-03-25T00:42:13.799039219Z;0;cpu_core;86;local_machine;;cpu_state=irq
kernel_cpu_time_ms;2026-03-25T00:42:13.799039219Z;0;cpu_core;86;local_machine;;cpu_state=softirq
kernel_cpu_time_ms;2026-03-25T00:42:13.799039219Z;0;cpu_core;86;local_machine;;cpu_state=steal
kernel_cpu_time_ms;2026-03-25T00:42:13.799039219Z;0;cpu_core;86;local_machine;;cpu_state=guest
kernel_cpu_time_ms;2026-03-25T00:42:13.799039219Z;0;cpu_core;86;local_machine;;cpu_state=guest_nice
kernel_cpu_time_ms;2026-03-25T00:42:13.799039219Z;0;cpu_core;87;local_machine;;cpu_state=user
kernel_cpu_time_ms;2026-03-25T00:42:13.799039219Z;0;cpu_core;87;local_machine;;cpu_state=nice
kernel_cpu_time_ms;2026-03-25T00:42:13.799039219Z;0;cpu_core;87;local_machine;;cpu_state=system
kernel_cpu_time_ms;2026-03-25T00:42:13.799039219Z;0;cpu_core;87;local_machine;;cpu_state=idle
kernel_cpu_time_ms;2026-03-25T00:42:13.799039219Z;0;cpu_core;87;local_machine;;cpu_state=irq
kernel_cpu_time_ms;2026-03-25T00:42:13.799039219Z;0;cpu_core;87;local_machine;;cpu_state=softirq
kernel_cpu_time_ms;2026-03-25T00:42:13.799039219Z;0;cpu_core;87;local_machine;;cpu_state=steal
kernel_cpu_time_ms;2026-03-25T00:42:13.799039219Z;0;cpu_core;87;local_machine;;cpu_state=guest
kernel_cpu_time_ms;2026-03-25T00:42:13.799039219Z;0;cpu_core;87;local_machine;;cpu_state=guest_nice
kernel_cpu_time_ms;2026-03-25T00:42:13.799039219Z;0;cpu_core;88;local_machine;;cpu_state=user
kernel_cpu_time_ms;2026-03-25T00:42:13.799039219Z;0;cpu_core;88;local_machine;;cpu_state=nice
kernel_cpu_time_ms;2026-03-25T00:42:13.799039219Z;0;cpu_core;88;local_machine;;cpu_state=system
kernel_cpu_time_ms;2026-03-25T00:42:13.799039219Z;0;cpu_core;88;local_machine;;cpu_state=idle
kernel_cpu_time_ms;2026-03-25T00:42:13.799039219Z;0;cpu_core;88;local_machine;;cpu_state=irq
kernel_cpu_time_ms;2026-03-25T00:42:13.799039219Z;0;cpu_core;88;local_machine;;cpu_state=softirq
kernel_cpu_time_ms;2026-03-25T00:42:13.799039219Z;0;cpu_core;88;local_machine;;cpu_state=steal
kernel_cpu_time_ms;2026-03-25T00:42:13.799039219Z;0;cpu_core;88;local_machine;;cpu_state=guest
kernel_cpu_time_ms;2026-03-25T00:42:13.799039219Z;0;cpu_core;88;local_machine;;cpu_state=guest_nice
kernel_cpu_time_ms;2026-03-25T00:42:13.799039219Z;0;cpu_core;89;local_machine;;cpu_state=user
kernel_cpu_time_ms;2026-03-25T00:42:13.799039219Z;0;cpu_core;89;local_machine;;cpu_state=nice
kernel_cpu_time_ms;2026-03-25T00:42:13.799039219Z;0;cpu_core;89;local_machine;;cpu_state=system
kernel_cpu_time_ms;2026-03-25T00:42:13.799039219Z;0;cpu_core;89;local_machine;;cpu_state=idle
kernel_cpu_time_ms;2026-03-25T00:42:13.799039219Z;0;cpu_core;89;local_machine;;cpu_state=irq
kernel_cpu_time_ms;2026-03-25T00:42:13.799039219Z;0;cpu_core;89;local_machine;;cpu_state=softirq
kernel_cpu_time_ms;2026-03-25T00:42:13.799039219Z;0;cpu_core;89;local_machine;;cpu_state=steal
kernel_cpu_time_ms;2026-03-25T00:42:13.799039219Z;0;cpu_core;89;local_machine;;cpu_state=guest
kernel_cpu_time_ms;2026-03-25T00:42:13.799039219Z;0;cpu_core;89;local_machine;;cpu_state=guest_nice
kernel_cpu_time_ms;2026-03-25T00:42:13.799039219Z;0;cpu_core;90;local_machine;;cpu_state=user
kernel_cpu_time_ms;2026-03-25T00:42:13.799039219Z;0;cpu_core;90;local_machine;;cpu_state=nice
kernel_cpu_time_ms;2026-03-25T00:42:13.799039219Z;0;cpu_core;90;local_machine;;cpu_state=system
kernel_cpu_time_ms;2026-03-25T00:42:13.799039219Z;0;cpu_core;90;local_machine;;cpu_state=idle
kernel_cpu_time_ms;2026-03-25T00:42:13.799039219Z;0;cpu_core;90;local_machine;;cpu_state=irq
kernel_cpu_time_ms;2026-03-25T00:42:13.799039219Z;0;cpu_core;90;local_machine;;cpu_state=softirq
kernel_cpu_time_ms;2026-03-25T00:42:13.799039219Z;0;cpu_core;90;local_machine;;cpu_state=steal
kernel_cpu_time_ms;2026-03-25T00:42:13.799039219Z;0;cpu_core;90;local_machine;;cpu_state=guest
kernel_cpu_time_ms;2026-03-25T00:42:13.799039219Z;0;cpu_core;90;local_machine;;cpu_state=guest_nice
kernel_cpu_time_ms;2026-03-25T00:42:13.799039219Z;0;cpu_core;91;local_machine;;cpu_state=user
kernel_cpu_time_ms;2026-03-25T00:42:13.799039219Z;0;cpu_core;91;local_machine;;cpu_state=nice
kernel_cpu_time_ms;2026-03-25T00:42:13.799039219Z;0;cpu_core;91;local_machine;;cpu_state=system
kernel_cpu_time_ms;2026-03-25T00:42:13.799039219Z;0;cpu_core;91;local_machine;;cpu_state=idle
kernel_cpu_time_ms;2026-03-25T00:42:13.799039219Z;0;cpu_core;91;local_machine;;cpu_state=irq
kernel_cpu_time_ms;2026-03-25T00:42:13.799039219Z;0;cpu_core;91;local_machine;;cpu_state=softirq
kernel_cpu_time_ms;2026-03-25T00:42:13.799039219Z;0;cpu_core;91;local_machine;;cpu_state=steal
kernel_cpu_time_ms;2026-03-25T00:42:13.799039219Z;0;cpu_core;91;local_machine;;cpu_state=guest
kernel_cpu_time_ms;2026-03-25T00:42:13.799039219Z;0;cpu_core;91;local_machine;;cpu_state=guest_nice
kernel_cpu_time_ms;2026-03-25T00:42:13.799039219Z;0;cpu_core;92;local_machine;;cpu_state=user
kernel_cpu_time_ms;2026-03-25T00:42:13.799039219Z;0;cpu_core;92;local_machine;;cpu_state=nice
kernel_cpu_time_ms;2026-03-25T00:42:13.799039219Z;0;cpu_core;92;local_machine;;cpu_state=system
kernel_cpu_time_ms;2026-03-25T00:42:13.799039219Z;0;cpu_core;92;local_machine;;cpu_state=idle
kernel_cpu_time_ms;2026-03-25T00:42:13.799039219Z;0;cpu_core;92;local_machine;;cpu_state=irq
kernel_cpu_time_ms;2026-03-25T00:42:13.799039219Z;0;cpu_core;92;local_machine;;cpu_state=softirq
kernel_cpu_time_ms;2026-03-25T00:42:13.799039219Z;0;cpu_core;92;local_machine;;cpu_state=steal
kernel_cpu_time_ms;2026-03-25T00:42:13.799039219Z;0;cpu_core;92;local_machine;;cpu_state=guest
kernel_cpu_time_ms;2026-03-25T00:42:13.799039219Z;0;cpu_core;92;local_machine;;cpu_state=guest_nice
kernel_cpu_time_ms;2026-03-25T00:42:13.799039219Z;0;cpu_core;93;local_machine;;cpu_state=user
kernel_cpu_time_ms;2026-03-25T00:42:13.799039219Z;0;cpu_core;93;local_machine;;cpu_state=nice
kernel_cpu_time_ms;2026-03-25T00:42:13.799039219Z;0;cpu_core;93;local_machine;;cpu_state=system
kernel_cpu_time_ms;2026-03-25T00:42:13.799039219Z;0;cpu_core;93;local_machine;;cpu_state=idle
kernel_cpu_time_ms;2026-03-25T00:42:13.799039219Z;0;cpu_core;93;local_machine;;cpu_state=irq
kernel_cpu_time_ms;2026-03-25T00:42:13.799039219Z;0;cpu_core;93;local_machine;;cpu_state=softirq
kernel_cpu_time_ms;2026-03-25T00:42:13.799039219Z;0;cpu_core;93;local_machine;;cpu_state=steal
kernel_cpu_time_ms;2026-03-25T00:42:13.799039219Z;0;cpu_core;93;local_machine;;cpu_state=guest
kernel_cpu_time_ms;2026-03-25T00:42:13.799039219Z;0;cpu_core;93;local_machine;;cpu_state=guest_nice
kernel_cpu_time_ms;2026-03-25T00:42:13.799039219Z;0;cpu_core;94;local_machine;;cpu_state=user
kernel_cpu_time_ms;2026-03-25T00:42:13.799039219Z;0;cpu_core;94;local_machine;;cpu_state=nice
kernel_cpu_time_ms;2026-03-25T00:42:13.799039219Z;0;cpu_core;94;local_machine;;cpu_state=system
kernel_cpu_time_ms;2026-03-25T00:42:13.799039219Z;0;cpu_core;94;local_machine;;cpu_state=idle
kernel_cpu_time_ms;2026-03-25T00:42:13.799039219Z;0;cpu_core;94;local_machine;;cpu_state=irq
kernel_cpu_time_ms;2026-03-25T00:42:13.799039219Z;0;cpu_core;94;local_machine;;cpu_state=softirq
kernel_cpu_time_ms;2026-03-25T00:42:13.799039219Z;0;cpu_core;94;local_machine;;cpu_state=steal
kernel_cpu_time_ms;2026-03-25T00:42:13.799039219Z;0;cpu_core;94;local_machine;;cpu_state=guest
kernel_cpu_time_ms;2026-03-25T00:42:13.799039219Z;0;cpu_core;94;local_machine;;cpu_state=guest_nice
kernel_cpu_time_ms;2026-03-25T00:42:13.799039219Z;0;cpu_core;95;local_machine;;cpu_state=user
kernel_cpu_time_ms;2026-03-25T00:42:13.799039219Z;0;cpu_core;95;local_machine;;cpu_state=nice
kernel_cpu_time_ms;2026-03-25T00:42:13.799039219Z;0;cpu_core;95;local_machine;;cpu_state=system
kernel_cpu_time_ms;2026-03-25T00:42:13.799039219Z;0;cpu_core;95;local_machine;;cpu_state=idle
kernel_cpu_time_ms;2026-03-25T00:42:13.799039219Z;0;cpu_core;95;local_machine;;cpu_state=irq
kernel_cpu_time_ms;2026-03-25T00:42:13.799039219Z;0;cpu_core;95;local_machine;;cpu_state=softirq
kernel_cpu_time_ms;2026-03-25T00:42:13.799039219Z;0;cpu_core;95;local_machine;;cpu_state=steal
kernel_cpu_time_ms;2026-03-25T00:42:13.799039219Z;0;cpu_core;95;local_machine;;cpu_state=guest
kernel_cpu_time_ms;2026-03-25T00:42:13.799039219Z;0;cpu_core;95;local_machine;;cpu_state=guest_nice
kernel_context_switches;2026-03-25T00:42:13.799039219Z;9;local_machine;;local_machine;;
kernel_new_forks;2026-03-25T00:42:13.799039219Z;0;local_machine;;local_machine;;
kernel_n_procs_running;2026-03-25T00:42:13.799039219Z;11;local_machine;;local_machine;;
kernel_n_procs_blocked;2026-03-25T00:42:13.799039219Z;0;local_machine;;local_machine;;
nvml_instant_power_mW;2026-03-25T00:42:13.798526911Z;33066;gpu;00000000:3F:00.0;local_machine;;
nvml_temperature_gpu_°C;2026-03-25T00:42:13.798526911Z;28;gpu;00000000:3F:00.0;local_machine;;
nvml_gpu_utilization_%;2026-03-25T00:42:13.798526911Z;0;gpu;00000000:3F:00.0;local_machine;;
nvml_memory_utilization_%;2026-03-25T00:42:13.798526911Z;0;gpu;00000000:3F:00.0;local_machine;;
nvml_decoder_utilization_%;2026-03-25T00:42:13.798526911Z;0;gpu;00000000:3F:00.0;local_machine;;
nvml_decoder_sampling_period_μs;2026-03-25T00:42:13.798526911Z;100000;gpu;00000000:3F:00.0;local_machine;;
nvml_encoder_utilization_%;2026-03-25T00:42:13.798526911Z;0;gpu;00000000:3F:00.0;local_machine;;
nvml_encoder_sampling_period_μs;2026-03-25T00:42:13.798526911Z;100000;gpu;00000000:3F:00.0;local_machine;;
nvml_n_compute_processes;2026-03-25T00:42:13.798526911Z;0;gpu;00000000:3F:00.0;local_machine;;
nvml_n_graphic_processes;2026-03-25T00:42:13.798526911Z;0;gpu;00000000:3F:00.0;local_machine;;
nvml_instant_power_mW;2026-03-25T00:42:13.80192124Z;33066;gpu;00000000:3F:00.0;local_machine;;
nvml_temperature_gpu_°C;2026-03-25T00:42:13.80192124Z;28;gpu;00000000:3F:00.0;local_machine;;
nvml_gpu_utilization_%;2026-03-25T00:42:13.80192124Z;0;gpu;00000000:3F:00.0;local_machine;;
nvml_memory_utilization_%;2026-03-25T00:42:13.80192124Z;0;gpu;00000000:3F:00.0;local_machine;;
nvml_decoder_utilization_%;2026-03-25T00:42:13.80192124Z;0;gpu;00000000:3F:00.0;local_machine;;
nvml_decoder_sampling_period_μs;2026-03-25T00:42:13.80192124Z;100000;gpu;00000000:3F:00.0;local_machine;;
nvml_encoder_utilization_%;2026-03-25T00:42:13.80192124Z;0;gpu;00000000:3F:00.0;local_machine;;
nvml_encoder_sampling_period_μs;2026-03-25T00:42:13.80192124Z;100000;gpu;00000000:3F:00.0;local_machine;;
nvml_n_compute_processes;2026-03-25T00:42:13.80192124Z;0;gpu;00000000:3F:00.0;local_machine;;
nvml_n_graphic_processes;2026-03-25T00:42:13.80192124Z;0;gpu;00000000:3F:00.0;local_machine;;
nvml_instant_power_mW;2026-03-25T00:42:13.798318951Z;32342;gpu;00000000:56:00.0;local_machine;;
nvml_temperature_gpu_°C;2026-03-25T00:42:13.798318951Z;28;gpu;00000000:56:00.0;local_machine;;
nvml_gpu_utilization_%;2026-03-25T00:42:13.798318951Z;0;gpu;00000000:56:00.0;local_machine;;
nvml_memory_utilization_%;2026-03-25T00:42:13.798318951Z;0;gpu;00000000:56:00.0;local_machine;;
nvml_decoder_utilization_%;2026-03-25T00:42:13.798318951Z;0;gpu;00000000:56:00.0;local_machine;;
nvml_decoder_sampling_period_μs;2026-03-25T00:42:13.798318951Z;100000;gpu;00000000:56:00.0;local_machine;;
nvml_encoder_utilization_%;2026-03-25T00:42:13.798318951Z;0;gpu;00000000:56:00.0;local_machine;;
nvml_encoder_sampling_period_μs;2026-03-25T00:42:13.798318951Z;100000;gpu;00000000:56:00.0;local_machine;;
nvml_n_compute_processes;2026-03-25T00:42:13.798318951Z;0;gpu;00000000:56:00.0;local_machine;;
nvml_n_graphic_processes;2026-03-25T00:42:13.798318951Z;0;gpu;00000000:56:00.0;local_machine;;
nvml_instant_power_mW;2026-03-25T00:42:13.80174387Z;32342;gpu;00000000:56:00.0;local_machine;;
nvml_temperature_gpu_°C;2026-03-25T00:42:13.80174387Z;28;gpu;00000000:56:00.0;local_machine;;
nvml_gpu_utilization_%;2026-03-25T00:42:13.80174387Z;0;gpu;00000000:56:00.0;local_machine;;
nvml_memory_utilization_%;2026-03-25T00:42:13.80174387Z;0;gpu;00000000:56:00.0;local_machine;;
nvml_decoder_utilization_%;2026-03-25T00:42:13.80174387Z;0;gpu;00000000:56:00.0;local_machine;;
nvml_decoder_sampling_period_μs;2026-03-25T00:42:13.80174387Z;100000;gpu;00000000:56:00.0;local_machine;;
nvml_encoder_utilization_%;2026-03-25T00:42:13.80174387Z;0;gpu;00000000:56:00.0;local_machine;;
nvml_encoder_sampling_period_μs;2026-03-25T00:42:13.80174387Z;100000;gpu;00000000:56:00.0;local_machine;;
nvml_n_compute_processes;2026-03-25T00:42:13.80174387Z;0;gpu;00000000:56:00.0;local_machine;;
nvml_n_graphic_processes;2026-03-25T00:42:13.80174387Z;0;gpu;00000000:56:00.0;local_machine;;
nvml_instant_power_mW;2026-03-25T00:42:13.798775943Z;34263;gpu;00000000:C3:00.0;local_machine;;
nvml_temperature_gpu_°C;2026-03-25T00:42:13.798775943Z;27;gpu;00000000:C3:00.0;local_machine;;
nvml_gpu_utilization_%;2026-03-25T00:42:13.798775943Z;0;gpu;00000000:C3:00.0;local_machine;;
nvml_memory_utilization_%;2026-03-25T00:42:13.798775943Z;0;gpu;00000000:C3:00.0;local_machine;;
nvml_decoder_utilization_%;2026-03-25T00:42:13.798775943Z;0;gpu;00000000:C3:00.0;local_machine;;
nvml_decoder_sampling_period_μs;2026-03-25T00:42:13.798775943Z;100000;gpu;00000000:C3:00.0;local_machine;;
nvml_encoder_utilization_%;2026-03-25T00:42:13.798775943Z;0;gpu;00000000:C3:00.0;local_machine;;
nvml_encoder_sampling_period_μs;2026-03-25T00:42:13.798775943Z;100000;gpu;00000000:C3:00.0;local_machine;;
nvml_n_compute_processes;2026-03-25T00:42:13.798775943Z;0;gpu;00000000:C3:00.0;local_machine;;
nvml_n_graphic_processes;2026-03-25T00:42:13.798775943Z;0;gpu;00000000:C3:00.0;local_machine;;
nvml_instant_power_mW;2026-03-25T00:42:13.801794391Z;34263;gpu;00000000:C3:00.0;local_machine;;
nvml_temperature_gpu_°C;2026-03-25T00:42:13.801794391Z;27;gpu;00000000:C3:00.0;local_machine;;
nvml_gpu_utilization_%;2026-03-25T00:42:13.801794391Z;0;gpu;00000000:C3:00.0;local_machine;;
nvml_memory_utilization_%;2026-03-25T00:42:13.801794391Z;0;gpu;00000000:C3:00.0;local_machine;;
nvml_decoder_utilization_%;2026-03-25T00:42:13.801794391Z;0;gpu;00000000:C3:00.0;local_machine;;
nvml_decoder_sampling_period_μs;2026-03-25T00:42:13.801794391Z;100000;gpu;00000000:C3:00.0;local_machine;;
nvml_encoder_utilization_%;2026-03-25T00:42:13.801794391Z;0;gpu;00000000:C3:00.0;local_machine;;
nvml_encoder_sampling_period_μs;2026-03-25T00:42:13.801794391Z;100000;gpu;00000000:C3:00.0;local_machine;;
nvml_n_compute_processes;2026-03-25T00:42:13.801794391Z;0;gpu;00000000:C3:00.0;local_machine;;
nvml_n_graphic_processes;2026-03-25T00:42:13.801794391Z;0;gpu;00000000:C3:00.0;local_machine;;
nvml_instant_power_mW;2026-03-25T00:42:13.798756494Z;34515;gpu;00000000:DA:00.0;local_machine;;
nvml_temperature_gpu_°C;2026-03-25T00:42:13.798756494Z;27;gpu;00000000:DA:00.0;local_machine;;
nvml_gpu_utilization_%;2026-03-25T00:42:13.798756494Z;0;gpu;00000000:DA:00.0;local_machine;;
nvml_memory_utilization_%;2026-03-25T00:42:13.798756494Z;0;gpu;00000000:DA:00.0;local_machine;;
nvml_decoder_utilization_%;2026-03-25T00:42:13.798756494Z;0;gpu;00000000:DA:00.0;local_machine;;
nvml_decoder_sampling_period_μs;2026-03-25T00:42:13.798756494Z;100000;gpu;00000000:DA:00.0;local_machine;;
nvml_encoder_utilization_%;2026-03-25T00:42:13.798756494Z;0;gpu;00000000:DA:00.0;local_machine;;
nvml_encoder_sampling_period_μs;2026-03-25T00:42:13.798756494Z;100000;gpu;00000000:DA:00.0;local_machine;;
nvml_n_compute_processes;2026-03-25T00:42:13.798756494Z;0;gpu;00000000:DA:00.0;local_machine;;
nvml_n_graphic_processes;2026-03-25T00:42:13.798756494Z;0;gpu;00000000:DA:00.0;local_machine;;
nvml_instant_power_mW;2026-03-25T00:42:13.801971112Z;34515;gpu;00000000:DA:00.0;local_machine;;
nvml_temperature_gpu_°C;2026-03-25T00:42:13.801971112Z;27;gpu;00000000:DA:00.0;local_machine;;
nvml_gpu_utilization_%;2026-03-25T00:42:13.801971112Z;0;gpu;00000000:DA:00.0;local_machine;;
nvml_memory_utilization_%;2026-03-25T00:42:13.801971112Z;0;gpu;00000000:DA:00.0;local_machine;;
nvml_decoder_utilization_%;2026-03-25T00:42:13.801971112Z;0;gpu;00000000:DA:00.0;local_machine;;
nvml_decoder_sampling_period_μs;2026-03-25T00:42:13.801971112Z;100000;gpu;00000000:DA:00.0;local_machine;;
nvml_encoder_utilization_%;2026-03-25T00:42:13.801971112Z;0;gpu;00000000:DA:00.0;local_machine;;
nvml_encoder_sampling_period_μs;2026-03-25T00:42:13.801971112Z;100000;gpu;00000000:DA:00.0;local_machine;;
nvml_n_compute_processes;2026-03-25T00:42:13.801971112Z;0;gpu;00000000:DA:00.0;local_machine;;
nvml_n_graphic_processes;2026-03-25T00:42:13.801971112Z;0;gpu;00000000:DA:00.0;local_machine;;
mem_total_kB;2026-03-25T00:42:14.298222219Z;1081669578752;local_machine;;local_machine;;
mem_free_kB;2026-03-25T00:42:14.298222219Z;1027213312000;local_machine;;local_machine;;
mem_available_kB;2026-03-25T00:42:14.298222219Z;1063686660096;local_machine;;local_machine;;
cached_kB;2026-03-25T00:42:14.298222219Z;33520914432;local_machine;;local_machine;;
swap_cached_kB;2026-03-25T00:42:14.298222219Z;0;local_machine;;local_machine;;
active_kB;2026-03-25T00:42:14.298222219Z;7474204672;local_machine;;local_machine;;
inactive_kB;2026-03-25T00:42:14.298222219Z;34537091072;local_machine;;local_machine;;
mapped_kB;2026-03-25T00:42:14.298222219Z;615800832;local_machine;;local_machine;;
kernel_cpu_time_ms;2026-03-25T00:42:14.298385335Z;770;local_machine;;local_machine;;cpu_state=user
kernel_cpu_time_ms;2026-03-25T00:42:14.298385335Z;0;local_machine;;local_machine;;cpu_state=nice
kernel_cpu_time_ms;2026-03-25T00:42:14.298385335Z;360;local_machine;;local_machine;;cpu_state=system
kernel_cpu_time_ms;2026-03-25T00:42:14.298385335Z;46780;local_machine;;local_machine;;cpu_state=idle
kernel_cpu_time_ms;2026-03-25T00:42:14.298385335Z;0;local_machine;;local_machine;;cpu_state=irq
kernel_cpu_time_ms;2026-03-25T00:42:14.298385335Z;0;local_machine;;local_machine;;cpu_state=softirq
kernel_cpu_time_ms;2026-03-25T00:42:14.298385335Z;0;local_machine;;local_machine;;cpu_state=steal
kernel_cpu_time_ms;2026-03-25T00:42:14.298385335Z;0;local_machine;;local_machine;;cpu_state=guest
kernel_cpu_time_ms;2026-03-25T00:42:14.298385335Z;0;local_machine;;local_machine;;cpu_state=guest_nice
kernel_cpu_time_ms;2026-03-25T00:42:14.298385335Z;10;cpu_core;0;local_machine;;cpu_state=user
kernel_cpu_time_ms;2026-03-25T00:42:14.298385335Z;0;cpu_core;0;local_machine;;cpu_state=nice
kernel_cpu_time_ms;2026-03-25T00:42:14.298385335Z;20;cpu_core;0;local_machine;;cpu_state=system
kernel_cpu_time_ms;2026-03-25T00:42:14.298385335Z;470;cpu_core;0;local_machine;;cpu_state=idle
kernel_cpu_time_ms;2026-03-25T00:42:14.298385335Z;0;cpu_core;0;local_machine;;cpu_state=irq
kernel_cpu_time_ms;2026-03-25T00:42:14.298385335Z;0;cpu_core;0;local_machine;;cpu_state=softirq
kernel_cpu_time_ms;2026-03-25T00:42:14.298385335Z;0;cpu_core;0;local_machine;;cpu_state=steal
kernel_cpu_time_ms;2026-03-25T00:42:14.298385335Z;0;cpu_core;0;local_machine;;cpu_state=guest
kernel_cpu_time_ms;2026-03-25T00:42:14.298385335Z;0;cpu_core;0;local_machine;;cpu_state=guest_nice
kernel_cpu_time_ms;2026-03-25T00:42:14.298385335Z;0;cpu_core;1;local_machine;;cpu_state=user
kernel_cpu_time_ms;2026-03-25T00:42:14.298385335Z;0;cpu_core;1;local_machine;;cpu_state=nice
kernel_cpu_time_ms;2026-03-25T00:42:14.298385335Z;0;cpu_core;1;local_machine;;cpu_state=system
kernel_cpu_time_ms;2026-03-25T00:42:14.298385335Z;500;cpu_core;1;local_machine;;cpu_state=idle
kernel_cpu_time_ms;2026-03-25T00:42:14.298385335Z;0;cpu_core;1;local_machine;;cpu_state=irq
kernel_cpu_time_ms;2026-03-25T00:42:14.298385335Z;0;cpu_core;1;local_machine;;cpu_state=softirq
kernel_cpu_time_ms;2026-03-25T00:42:14.298385335Z;0;cpu_core;1;local_machine;;cpu_state=steal
kernel_cpu_time_ms;2026-03-25T00:42:14.298385335Z;0;cpu_core;1;local_machine;;cpu_state=guest
kernel_cpu_time_ms;2026-03-25T00:42:14.298385335Z;0;cpu_core;1;local_machine;;cpu_state=guest_nice
kernel_cpu_time_ms;2026-03-25T00:42:14.298385335Z;0;cpu_core;2;local_machine;;cpu_state=user
kernel_cpu_time_ms;2026-03-25T00:42:14.298385335Z;0;cpu_core;2;local_machine;;cpu_state=nice
kernel_cpu_time_ms;2026-03-25T00:42:14.298385335Z;0;cpu_core;2;local_machine;;cpu_state=system
kernel_cpu_time_ms;2026-03-25T00:42:14.298385335Z;500;cpu_core;2;local_machine;;cpu_state=idle
kernel_cpu_time_ms;2026-03-25T00:42:14.298385335Z;0;cpu_core;2;local_machine;;cpu_state=irq
kernel_cpu_time_ms;2026-03-25T00:42:14.298385335Z;0;cpu_core;2;local_machine;;cpu_state=softirq
kernel_cpu_time_ms;2026-03-25T00:42:14.298385335Z;0;cpu_core;2;local_machine;;cpu_state=steal
kernel_cpu_time_ms;2026-03-25T00:42:14.298385335Z;0;cpu_core;2;local_machine;;cpu_state=guest
kernel_cpu_time_ms;2026-03-25T00:42:14.298385335Z;0;cpu_core;2;local_machine;;cpu_state=guest_nice
kernel_cpu_time_ms;2026-03-25T00:42:14.298385335Z;0;cpu_core;3;local_machine;;cpu_state=user
kernel_cpu_time_ms;2026-03-25T00:42:14.298385335Z;0;cpu_core;3;local_machine;;cpu_state=nice
kernel_cpu_time_ms;2026-03-25T00:42:14.298385335Z;0;cpu_core;3;local_machine;;cpu_state=system
kernel_cpu_time_ms;2026-03-25T00:42:14.298385335Z;500;cpu_core;3;local_machine;;cpu_state=idle
kernel_cpu_time_ms;2026-03-25T00:42:14.298385335Z;0;cpu_core;3;local_machine;;cpu_state=irq
kernel_cpu_time_ms;2026-03-25T00:42:14.298385335Z;0;cpu_core;3;local_machine;;cpu_state=softirq
kernel_cpu_time_ms;2026-03-25T00:42:14.298385335Z;0;cpu_core;3;local_machine;;cpu_state=steal
kernel_cpu_time_ms;2026-03-25T00:42:14.298385335Z;0;cpu_core;3;local_machine;;cpu_state=guest
kernel_cpu_time_ms;2026-03-25T00:42:14.298385335Z;0;cpu_core;3;local_machine;;cpu_state=guest_nice
kernel_cpu_time_ms;2026-03-25T00:42:14.298385335Z;0;cpu_core;4;local_machine;;cpu_state=user
kernel_cpu_time_ms;2026-03-25T00:42:14.298385335Z;0;cpu_core;4;local_machine;;cpu_state=nice
kernel_cpu_time_ms;2026-03-25T00:42:14.298385335Z;0;cpu_core;4;local_machine;;cpu_state=system
kernel_cpu_time_ms;2026-03-25T00:42:14.298385335Z;500;cpu_core;4;local_machine;;cpu_state=idle
kernel_cpu_time_ms;2026-03-25T00:42:14.298385335Z;0;cpu_core;4;local_machine;;cpu_state=irq
kernel_cpu_time_ms;2026-03-25T00:42:14.298385335Z;0;cpu_core;4;local_machine;;cpu_state=softirq
kernel_cpu_time_ms;2026-03-25T00:42:14.298385335Z;0;cpu_core;4;local_machine;;cpu_state=steal
kernel_cpu_time_ms;2026-03-25T00:42:14.298385335Z;0;cpu_core;4;local_machine;;cpu_state=guest
kernel_cpu_time_ms;2026-03-25T00:42:14.298385335Z;0;cpu_core;4;local_machine;;cpu_state=guest_nice
kernel_cpu_time_ms;2026-03-25T00:42:14.298385335Z;0;cpu_core;5;local_machine;;cpu_state=user
kernel_cpu_time_ms;2026-03-25T00:42:14.298385335Z;0;cpu_core;5;local_machine;;cpu_state=nice
kernel_cpu_time_ms;2026-03-25T00:42:14.298385335Z;0;cpu_core;5;local_machine;;cpu_state=system
kernel_cpu_time_ms;2026-03-25T00:42:14.298385335Z;500;cpu_core;5;local_machine;;cpu_state=idle
kernel_cpu_time_ms;2026-03-25T00:42:14.298385335Z;0;cpu_core;5;local_machine;;cpu_state=irq
kernel_cpu_time_ms;2026-03-25T00:42:14.298385335Z;0;cpu_core;5;local_machine;;cpu_state=softirq
kernel_cpu_time_ms;2026-03-25T00:42:14.298385335Z;0;cpu_core;5;local_machine;;cpu_state=steal
kernel_cpu_time_ms;2026-03-25T00:42:14.298385335Z;0;cpu_core;5;local_machine;;cpu_state=guest
kernel_cpu_time_ms;2026-03-25T00:42:14.298385335Z;0;cpu_core;5;local_machine;;cpu_state=guest_nice
kernel_cpu_time_ms;2026-03-25T00:42:14.298385335Z;0;cpu_core;6;local_machine;;cpu_state=user
kernel_cpu_time_ms;2026-03-25T00:42:14.298385335Z;0;cpu_core;6;local_machine;;cpu_state=nice
kernel_cpu_time_ms;2026-03-25T00:42:14.298385335Z;0;cpu_core;6;local_machine;;cpu_state=system
kernel_cpu_time_ms;2026-03-25T00:42:14.298385335Z;500;cpu_core;6;local_machine;;cpu_state=idle
kernel_cpu_time_ms;2026-03-25T00:42:14.298385335Z;0;cpu_core;6;local_machine;;cpu_state=irq
kernel_cpu_time_ms;2026-03-25T00:42:14.298385335Z;0;cpu_core;6;local_machine;;cpu_state=softirq
kernel_cpu_time_ms;2026-03-25T00:42:14.298385335Z;0;cpu_core;6;local_machine;;cpu_state=steal
kernel_cpu_time_ms;2026-03-25T00:42:14.298385335Z;0;cpu_core;6;local_machine;;cpu_state=guest
kernel_cpu_time_ms;2026-03-25T00:42:14.298385335Z;0;cpu_core;6;local_machine;;cpu_state=guest_nice
kernel_cpu_time_ms;2026-03-25T00:42:14.298385335Z;0;cpu_core;7;local_machine;;cpu_state=user
kernel_cpu_time_ms;2026-03-25T00:42:14.298385335Z;0;cpu_core;7;local_machine;;cpu_state=nice
kernel_cpu_time_ms;2026-03-25T00:42:14.298385335Z;0;cpu_core;7;local_machine;;cpu_state=system
kernel_cpu_time_ms;2026-03-25T00:42:14.298385335Z;500;cpu_core;7;local_machine;;cpu_state=idle
kernel_cpu_time_ms;2026-03-25T00:42:14.298385335Z;0;cpu_core;7;local_machine;;cpu_state=irq
kernel_cpu_time_ms;2026-03-25T00:42:14.298385335Z;0;cpu_core;7;local_machine;;cpu_state=softirq
kernel_cpu_time_ms;2026-03-25T00:42:14.298385335Z;0;cpu_core;7;local_machine;;cpu_state=steal
kernel_cpu_time_ms;2026-03-25T00:42:14.298385335Z;0;cpu_core;7;local_machine;;cpu_state=guest
kernel_cpu_time_ms;2026-03-25T00:42:14.298385335Z;0;cpu_core;7;local_machine;;cpu_state=guest_nice
kernel_cpu_time_ms;2026-03-25T00:42:14.298385335Z;0;cpu_core;8;local_machine;;cpu_state=user
kernel_cpu_time_ms;2026-03-25T00:42:14.298385335Z;0;cpu_core;8;local_machine;;cpu_state=nice
kernel_cpu_time_ms;2026-03-25T00:42:14.298385335Z;0;cpu_core;8;local_machine;;cpu_state=system
kernel_cpu_time_ms;2026-03-25T00:42:14.298385335Z;500;cpu_core;8;local_machine;;cpu_state=idle
kernel_cpu_time_ms;2026-03-25T00:42:14.298385335Z;0;cpu_core;8;local_machine;;cpu_state=irq
kernel_cpu_time_ms;2026-03-25T00:42:14.298385335Z;0;cpu_core;8;local_machine;;cpu_state=softirq
kernel_cpu_time_ms;2026-03-25T00:42:14.298385335Z;0;cpu_core;8;local_machine;;cpu_state=steal
kernel_cpu_time_ms;2026-03-25T00:42:14.298385335Z;0;cpu_core;8;local_machine;;cpu_state=guest
kernel_cpu_time_ms;2026-03-25T00:42:14.298385335Z;0;cpu_core;8;local_machine;;cpu_state=guest_nice
kernel_cpu_time_ms;2026-03-25T00:42:14.298385335Z;0;cpu_core;9;local_machine;;cpu_state=user
kernel_cpu_time_ms;2026-03-25T00:42:14.298385335Z;0;cpu_core;9;local_machine;;cpu_state=nice
kernel_cpu_time_ms;2026-03-25T00:42:14.298385335Z;0;cpu_core;9;local_machine;;cpu_state=system
kernel_cpu_time_ms;2026-03-25T00:42:14.298385335Z;500;cpu_core;9;local_machine;;cpu_state=idle
kernel_cpu_time_ms;2026-03-25T00:42:14.298385335Z;0;cpu_core;9;local_machine;;cpu_state=irq
kernel_cpu_time_ms;2026-03-25T00:42:14.298385335Z;0;cpu_core;9;local_machine;;cpu_state=softirq
kernel_cpu_time_ms;2026-03-25T00:42:14.298385335Z;0;cpu_core;9;local_machine;;cpu_state=steal
kernel_cpu_time_ms;2026-03-25T00:42:14.298385335Z;0;cpu_core;9;local_machine;;cpu_state=guest
kernel_cpu_time_ms;2026-03-25T00:42:14.298385335Z;0;cpu_core;9;local_machine;;cpu_state=guest_nice
kernel_cpu_time_ms;2026-03-25T00:42:14.298385335Z;0;cpu_core;10;local_machine;;cpu_state=user
kernel_cpu_time_ms;2026-03-25T00:42:14.298385335Z;0;cpu_core;10;local_machine;;cpu_state=nice
kernel_cpu_time_ms;2026-03-25T00:42:14.298385335Z;0;cpu_core;10;local_machine;;cpu_state=system
kernel_cpu_time_ms;2026-03-25T00:42:14.298385335Z;500;cpu_core;10;local_machine;;cpu_state=idle
kernel_cpu_time_ms;2026-03-25T00:42:14.298385335Z;0;cpu_core;10;local_machine;;cpu_state=irq
kernel_cpu_time_ms;2026-03-25T00:42:14.298385335Z;0;cpu_core;10;local_machine;;cpu_state=softirq
kernel_cpu_time_ms;2026-03-25T00:42:14.298385335Z;0;cpu_core;10;local_machine;;cpu_state=steal
kernel_cpu_time_ms;2026-03-25T00:42:14.298385335Z;0;cpu_core;10;local_machine;;cpu_state=guest
kernel_cpu_time_ms;2026-03-25T00:42:14.298385335Z;0;cpu_core;10;local_machine;;cpu_state=guest_nice
kernel_cpu_time_ms;2026-03-25T00:42:14.298385335Z;0;cpu_core;11;local_machine;;cpu_state=user
kernel_cpu_time_ms;2026-03-25T00:42:14.298385335Z;0;cpu_core;11;local_machine;;cpu_state=nice
kernel_cpu_time_ms;2026-03-25T00:42:14.298385335Z;0;cpu_core;11;local_machine;;cpu_state=system
kernel_cpu_time_ms;2026-03-25T00:42:14.298385335Z;500;cpu_core;11;local_machine;;cpu_state=idle
kernel_cpu_time_ms;2026-03-25T00:42:14.298385335Z;0;cpu_core;11;local_machine;;cpu_state=irq
kernel_cpu_time_ms;2026-03-25T00:42:14.298385335Z;0;cpu_core;11;local_machine;;cpu_state=softirq
kernel_cpu_time_ms;2026-03-25T00:42:14.298385335Z;0;cpu_core;11;local_machine;;cpu_state=steal
kernel_cpu_time_ms;2026-03-25T00:42:14.298385335Z;0;cpu_core;11;local_machine;;cpu_state=guest
kernel_cpu_time_ms;2026-03-25T00:42:14.298385335Z;0;cpu_core;11;local_machine;;cpu_state=guest_nice
kernel_cpu_time_ms;2026-03-25T00:42:14.298385335Z;0;cpu_core;12;local_machine;;cpu_state=user
kernel_cpu_time_ms;2026-03-25T00:42:14.298385335Z;0;cpu_core;12;local_machine;;cpu_state=nice
kernel_cpu_time_ms;2026-03-25T00:42:14.298385335Z;0;cpu_core;12;local_machine;;cpu_state=system
kernel_cpu_time_ms;2026-03-25T00:42:14.298385335Z;490;cpu_core;12;local_machine;;cpu_state=idle
kernel_cpu_time_ms;2026-03-25T00:42:14.298385335Z;0;cpu_core;12;local_machine;;cpu_state=irq
kernel_cpu_time_ms;2026-03-25T00:42:14.298385335Z;0;cpu_core;12;local_machine;;cpu_state=softirq
kernel_cpu_time_ms;2026-03-25T00:42:14.298385335Z;0;cpu_core;12;local_machine;;cpu_state=steal
kernel_cpu_time_ms;2026-03-25T00:42:14.298385335Z;0;cpu_core;12;local_machine;;cpu_state=guest
kernel_cpu_time_ms;2026-03-25T00:42:14.298385335Z;0;cpu_core;12;local_machine;;cpu_state=guest_nice
kernel_cpu_time_ms;2026-03-25T00:42:14.298385335Z;0;cpu_core;13;local_machine;;cpu_state=user
kernel_cpu_time_ms;2026-03-25T00:42:14.298385335Z;0;cpu_core;13;local_machine;;cpu_state=nice
kernel_cpu_time_ms;2026-03-25T00:42:14.298385335Z;0;cpu_core;13;local_machine;;cpu_state=system
kernel_cpu_time_ms;2026-03-25T00:42:14.298385335Z;500;cpu_core;13;local_machine;;cpu_state=idle
kernel_cpu_time_ms;2026-03-25T00:42:14.298385335Z;0;cpu_core;13;local_machine;;cpu_state=irq
kernel_cpu_time_ms;2026-03-25T00:42:14.298385335Z;0;cpu_core;13;local_machine;;cpu_state=softirq
kernel_cpu_time_ms;2026-03-25T00:42:14.298385335Z;0;cpu_core;13;local_machine;;cpu_state=steal
kernel_cpu_time_ms;2026-03-25T00:42:14.298385335Z;0;cpu_core;13;local_machine;;cpu_state=guest
kernel_cpu_time_ms;2026-03-25T00:42:14.298385335Z;0;cpu_core;13;local_machine;;cpu_state=guest_nice
kernel_cpu_time_ms;2026-03-25T00:42:14.298385335Z;0;cpu_core;14;local_machine;;cpu_state=user
kernel_cpu_time_ms;2026-03-25T00:42:14.298385335Z;0;cpu_core;14;local_machine;;cpu_state=nice
kernel_cpu_time_ms;2026-03-25T00:42:14.298385335Z;0;cpu_core;14;local_machine;;cpu_state=system
kernel_cpu_time_ms;2026-03-25T00:42:14.298385335Z;500;cpu_core;14;local_machine;;cpu_state=idle
kernel_cpu_time_ms;2026-03-25T00:42:14.298385335Z;0;cpu_core;14;local_machine;;cpu_state=irq
kernel_cpu_time_ms;2026-03-25T00:42:14.298385335Z;0;cpu_core;14;local_machine;;cpu_state=softirq
kernel_cpu_time_ms;2026-03-25T00:42:14.298385335Z;0;cpu_core;14;local_machine;;cpu_state=steal
kernel_cpu_time_ms;2026-03-25T00:42:14.298385335Z;0;cpu_core;14;local_machine;;cpu_state=guest
kernel_cpu_time_ms;2026-03-25T00:42:14.298385335Z;0;cpu_core;14;local_machine;;cpu_state=guest_nice
kernel_cpu_time_ms;2026-03-25T00:42:14.298385335Z;0;cpu_core;15;local_machine;;cpu_state=user
kernel_cpu_time_ms;2026-03-25T00:42:14.298385335Z;0;cpu_core;15;local_machine;;cpu_state=nice
kernel_cpu_time_ms;2026-03-25T00:42:14.298385335Z;0;cpu_core;15;local_machine;;cpu_state=system
kernel_cpu_time_ms;2026-03-25T00:42:14.298385335Z;500;cpu_core;15;local_machine;;cpu_state=idle
kernel_cpu_time_ms;2026-03-25T00:42:14.298385335Z;0;cpu_core;15;local_machine;;cpu_state=irq
kernel_cpu_time_ms;2026-03-25T00:42:14.298385335Z;0;cpu_core;15;local_machine;;cpu_state=softirq
kernel_cpu_time_ms;2026-03-25T00:42:14.298385335Z;0;cpu_core;15;local_machine;;cpu_state=steal
kernel_cpu_time_ms;2026-03-25T00:42:14.298385335Z;0;cpu_core;15;local_machine;;cpu_state=guest
kernel_cpu_time_ms;2026-03-25T00:42:14.298385335Z;0;cpu_core;15;local_machine;;cpu_state=guest_nice
kernel_cpu_time_ms;2026-03-25T00:42:14.298385335Z;0;cpu_core;16;local_machine;;cpu_state=user
kernel_cpu_time_ms;2026-03-25T00:42:14.298385335Z;0;cpu_core;16;local_machine;;cpu_state=nice
kernel_cpu_time_ms;2026-03-25T00:42:14.298385335Z;0;cpu_core;16;local_machine;;cpu_state=system
kernel_cpu_time_ms;2026-03-25T00:42:14.298385335Z;500;cpu_core;16;local_machine;;cpu_state=idle
kernel_cpu_time_ms;2026-03-25T00:42:14.298385335Z;0;cpu_core;16;local_machine;;cpu_state=irq
kernel_cpu_time_ms;2026-03-25T00:42:14.298385335Z;0;cpu_core;16;local_machine;;cpu_state=softirq
kernel_cpu_time_ms;2026-03-25T00:42:14.298385335Z;0;cpu_core;16;local_machine;;cpu_state=steal
kernel_cpu_time_ms;2026-03-25T00:42:14.298385335Z;0;cpu_core;16;local_machine;;cpu_state=guest
kernel_cpu_time_ms;2026-03-25T00:42:14.298385335Z;0;cpu_core;16;local_machine;;cpu_state=guest_nice
kernel_cpu_time_ms;2026-03-25T00:42:14.298385335Z;0;cpu_core;17;local_machine;;cpu_state=user
kernel_cpu_time_ms;2026-03-25T00:42:14.298385335Z;0;cpu_core;17;local_machine;;cpu_state=nice
kernel_cpu_time_ms;2026-03-25T00:42:14.298385335Z;0;cpu_core;17;local_machine;;cpu_state=system
kernel_cpu_time_ms;2026-03-25T00:42:14.298385335Z;500;cpu_core;17;local_machine;;cpu_state=idle
kernel_cpu_time_ms;2026-03-25T00:42:14.298385335Z;0;cpu_core;17;local_machine;;cpu_state=irq
kernel_cpu_time_ms;2026-03-25T00:42:14.298385335Z;0;cpu_core;17;local_machine;;cpu_state=softirq
kernel_cpu_time_ms;2026-03-25T00:42:14.298385335Z;0;cpu_core;17;local_machine;;cpu_state=steal
kernel_cpu_time_ms;2026-03-25T00:42:14.298385335Z;0;cpu_core;17;local_machine;;cpu_state=guest
kernel_cpu_time_ms;2026-03-25T00:42:14.298385335Z;0;cpu_core;17;local_machine;;cpu_state=guest_nice
kernel_cpu_time_ms;2026-03-25T00:42:14.298385335Z;0;cpu_core;18;local_machine;;cpu_state=user
kernel_cpu_time_ms;2026-03-25T00:42:14.298385335Z;0;cpu_core;18;local_machine;;cpu_state=nice
kernel_cpu_time_ms;2026-03-25T00:42:14.298385335Z;0;cpu_core;18;local_machine;;cpu_state=system
kernel_cpu_time_ms;2026-03-25T00:42:14.298385335Z;500;cpu_core;18;local_machine;;cpu_state=idle
kernel_cpu_time_ms;2026-03-25T00:42:14.298385335Z;0;cpu_core;18;local_machine;;cpu_state=irq
kernel_cpu_time_ms;2026-03-25T00:42:14.298385335Z;0;cpu_core;18;local_machine;;cpu_state=softirq
kernel_cpu_time_ms;2026-03-25T00:42:14.298385335Z;0;cpu_core;18;local_machine;;cpu_state=steal
kernel_cpu_time_ms;2026-03-25T00:42:14.298385335Z;0;cpu_core;18;local_machine;;cpu_state=guest
kernel_cpu_time_ms;2026-03-25T00:42:14.298385335Z;0;cpu_core;18;local_machine;;cpu_state=guest_nice
kernel_cpu_time_ms;2026-03-25T00:42:14.298385335Z;0;cpu_core;19;local_machine;;cpu_state=user
kernel_cpu_time_ms;2026-03-25T00:42:14.298385335Z;0;cpu_core;19;local_machine;;cpu_state=nice
kernel_cpu_time_ms;2026-03-25T00:42:14.298385335Z;0;cpu_core;19;local_machine;;cpu_state=system
kernel_cpu_time_ms;2026-03-25T00:42:14.298385335Z;500;cpu_core;19;local_machine;;cpu_state=idle
kernel_cpu_time_ms;2026-03-25T00:42:14.298385335Z;0;cpu_core;19;local_machine;;cpu_state=irq
kernel_cpu_time_ms;2026-03-25T00:42:14.298385335Z;0;cpu_core;19;local_machine;;cpu_state=softirq
kernel_cpu_time_ms;2026-03-25T00:42:14.298385335Z;0;cpu_core;19;local_machine;;cpu_state=steal
kernel_cpu_time_ms;2026-03-25T00:42:14.298385335Z;0;cpu_core;19;local_machine;;cpu_state=guest
kernel_cpu_time_ms;2026-03-25T00:42:14.298385335Z;0;cpu_core;19;local_machine;;cpu_state=guest_nice
kernel_cpu_time_ms;2026-03-25T00:42:14.298385335Z;0;cpu_core;20;local_machine;;cpu_state=user
kernel_cpu_time_ms;2026-03-25T00:42:14.298385335Z;0;cpu_core;20;local_machine;;cpu_state=nice
kernel_cpu_time_ms;2026-03-25T00:42:14.298385335Z;0;cpu_core;20;local_machine;;cpu_state=system
kernel_cpu_time_ms;2026-03-25T00:42:14.298385335Z;500;cpu_core;20;local_machine;;cpu_state=idle
kernel_cpu_time_ms;2026-03-25T00:42:14.298385335Z;0;cpu_core;20;local_machine;;cpu_state=irq
kernel_cpu_time_ms;2026-03-25T00:42:14.298385335Z;0;cpu_core;20;local_machine;;cpu_state=softirq
kernel_cpu_time_ms;2026-03-25T00:42:14.298385335Z;0;cpu_core;20;local_machine;;cpu_state=steal
kernel_cpu_time_ms;2026-03-25T00:42:14.298385335Z;0;cpu_core;20;local_machine;;cpu_state=guest
kernel_cpu_time_ms;2026-03-25T00:42:14.298385335Z;0;cpu_core;20;local_machine;;cpu_state=guest_nice
kernel_cpu_time_ms;2026-03-25T00:42:14.298385335Z;0;cpu_core;21;local_machine;;cpu_state=user
kernel_cpu_time_ms;2026-03-25T00:42:14.298385335Z;0;cpu_core;21;local_machine;;cpu_state=nice
kernel_cpu_time_ms;2026-03-25T00:42:14.298385335Z;0;cpu_core;21;local_machine;;cpu_state=system
kernel_cpu_time_ms;2026-03-25T00:42:14.298385335Z;500;cpu_core;21;local_machine;;cpu_state=idle
kernel_cpu_time_ms;2026-03-25T00:42:14.298385335Z;0;cpu_core;21;local_machine;;cpu_state=irq
kernel_cpu_time_ms;2026-03-25T00:42:14.298385335Z;0;cpu_core;21;local_machine;;cpu_state=softirq
kernel_cpu_time_ms;2026-03-25T00:42:14.298385335Z;0;cpu_core;21;local_machine;;cpu_state=steal
kernel_cpu_time_ms;2026-03-25T00:42:14.298385335Z;0;cpu_core;21;local_machine;;cpu_state=guest
kernel_cpu_time_ms;2026-03-25T00:42:14.298385335Z;0;cpu_core;21;local_machine;;cpu_state=guest_nice
kernel_cpu_time_ms;2026-03-25T00:42:14.298385335Z;0;cpu_core;22;local_machine;;cpu_state=user
kernel_cpu_time_ms;2026-03-25T00:42:14.298385335Z;0;cpu_core;22;local_machine;;cpu_state=nice
kernel_cpu_time_ms;2026-03-25T00:42:14.298385335Z;0;cpu_core;22;local_machine;;cpu_state=system
kernel_cpu_time_ms;2026-03-25T00:42:14.298385335Z;500;cpu_core;22;local_machine;;cpu_state=idle
kernel_cpu_time_ms;2026-03-25T00:42:14.298385335Z;0;cpu_core;22;local_machine;;cpu_state=irq
kernel_cpu_time_ms;2026-03-25T00:42:14.298385335Z;0;cpu_core;22;local_machine;;cpu_state=softirq
kernel_cpu_time_ms;2026-03-25T00:42:14.298385335Z;0;cpu_core;22;local_machine;;cpu_state=steal
kernel_cpu_time_ms;2026-03-25T00:42:14.298385335Z;0;cpu_core;22;local_machine;;cpu_state=guest
kernel_cpu_time_ms;2026-03-25T00:42:14.298385335Z;0;cpu_core;22;local_machine;;cpu_state=guest_nice
kernel_cpu_time_ms;2026-03-25T00:42:14.298385335Z;0;cpu_core;23;local_machine;;cpu_state=user
kernel_cpu_time_ms;2026-03-25T00:42:14.298385335Z;0;cpu_core;23;local_machine;;cpu_state=nice
kernel_cpu_time_ms;2026-03-25T00:42:14.298385335Z;0;cpu_core;23;local_machine;;cpu_state=system
kernel_cpu_time_ms;2026-03-25T00:42:14.298385335Z;500;cpu_core;23;local_machine;;cpu_state=idle
kernel_cpu_time_ms;2026-03-25T00:42:14.298385335Z;0;cpu_core;23;local_machine;;cpu_state=irq
kernel_cpu_time_ms;2026-03-25T00:42:14.298385335Z;0;cpu_core;23;local_machine;;cpu_state=softirq
kernel_cpu_time_ms;2026-03-25T00:42:14.298385335Z;0;cpu_core;23;local_machine;;cpu_state=steal
kernel_cpu_time_ms;2026-03-25T00:42:14.298385335Z;0;cpu_core;23;local_machine;;cpu_state=guest
kernel_cpu_time_ms;2026-03-25T00:42:14.298385335Z;0;cpu_core;23;local_machine;;cpu_state=guest_nice
kernel_cpu_time_ms;2026-03-25T00:42:14.298385335Z;0;cpu_core;24;local_machine;;cpu_state=user
kernel_cpu_time_ms;2026-03-25T00:42:14.298385335Z;0;cpu_core;24;local_machine;;cpu_state=nice
kernel_cpu_time_ms;2026-03-25T00:42:14.298385335Z;0;cpu_core;24;local_machine;;cpu_state=system
kernel_cpu_time_ms;2026-03-25T00:42:14.298385335Z;500;cpu_core;24;local_machine;;cpu_state=idle
kernel_cpu_time_ms;2026-03-25T00:42:14.298385335Z;0;cpu_core;24;local_machine;;cpu_state=irq
kernel_cpu_time_ms;2026-03-25T00:42:14.298385335Z;0;cpu_core;24;local_machine;;cpu_state=softirq
kernel_cpu_time_ms;2026-03-25T00:42:14.298385335Z;0;cpu_core;24;local_machine;;cpu_state=steal
kernel_cpu_time_ms;2026-03-25T00:42:14.298385335Z;0;cpu_core;24;local_machine;;cpu_state=guest
kernel_cpu_time_ms;2026-03-25T00:42:14.298385335Z;0;cpu_core;24;local_machine;;cpu_state=guest_nice
kernel_cpu_time_ms;2026-03-25T00:42:14.298385335Z;0;cpu_core;25;local_machine;;cpu_state=user
kernel_cpu_time_ms;2026-03-25T00:42:14.298385335Z;0;cpu_core;25;local_machine;;cpu_state=nice
kernel_cpu_time_ms;2026-03-25T00:42:14.298385335Z;0;cpu_core;25;local_machine;;cpu_state=system
kernel_cpu_time_ms;2026-03-25T00:42:14.298385335Z;500;cpu_core;25;local_machine;;cpu_state=idle
kernel_cpu_time_ms;2026-03-25T00:42:14.298385335Z;0;cpu_core;25;local_machine;;cpu_state=irq
kernel_cpu_time_ms;2026-03-25T00:42:14.298385335Z;0;cpu_core;25;local_machine;;cpu_state=softirq
kernel_cpu_time_ms;2026-03-25T00:42:14.298385335Z;0;cpu_core;25;local_machine;;cpu_state=steal
kernel_cpu_time_ms;2026-03-25T00:42:14.298385335Z;0;cpu_core;25;local_machine;;cpu_state=guest
kernel_cpu_time_ms;2026-03-25T00:42:14.298385335Z;0;cpu_core;25;local_machine;;cpu_state=guest_nice
kernel_cpu_time_ms;2026-03-25T00:42:14.298385335Z;0;cpu_core;26;local_machine;;cpu_state=user
kernel_cpu_time_ms;2026-03-25T00:42:14.298385335Z;0;cpu_core;26;local_machine;;cpu_state=nice
kernel_cpu_time_ms;2026-03-25T00:42:14.298385335Z;0;cpu_core;26;local_machine;;cpu_state=system
kernel_cpu_time_ms;2026-03-25T00:42:14.298385335Z;500;cpu_core;26;local_machine;;cpu_state=idle
kernel_cpu_time_ms;2026-03-25T00:42:14.298385335Z;0;cpu_core;26;local_machine;;cpu_state=irq
kernel_cpu_time_ms;2026-03-25T00:42:14.298385335Z;0;cpu_core;26;local_machine;;cpu_state=softirq
kernel_cpu_time_ms;2026-03-25T00:42:14.298385335Z;0;cpu_core;26;local_machine;;cpu_state=steal
kernel_cpu_time_ms;2026-03-25T00:42:14.298385335Z;0;cpu_core;26;local_machine;;cpu_state=guest
kernel_cpu_time_ms;2026-03-25T00:42:14.298385335Z;0;cpu_core;26;local_machine;;cpu_state=guest_nice
kernel_cpu_time_ms;2026-03-25T00:42:14.298385335Z;0;cpu_core;27;local_machine;;cpu_state=user
kernel_cpu_time_ms;2026-03-25T00:42:14.298385335Z;0;cpu_core;27;local_machine;;cpu_state=nice
kernel_cpu_time_ms;2026-03-25T00:42:14.298385335Z;0;cpu_core;27;local_machine;;cpu_state=system
kernel_cpu_time_ms;2026-03-25T00:42:14.298385335Z;500;cpu_core;27;local_machine;;cpu_state=idle
kernel_cpu_time_ms;2026-03-25T00:42:14.298385335Z;0;cpu_core;27;local_machine;;cpu_state=irq
kernel_cpu_time_ms;2026-03-25T00:42:14.298385335Z;0;cpu_core;27;local_machine;;cpu_state=softirq
kernel_cpu_time_ms;2026-03-25T00:42:14.298385335Z;0;cpu_core;27;local_machine;;cpu_state=steal
kernel_cpu_time_ms;2026-03-25T00:42:14.298385335Z;0;cpu_core;27;local_machine;;cpu_state=guest
kernel_cpu_time_ms;2026-03-25T00:42:14.298385335Z;0;cpu_core;27;local_machine;;cpu_state=guest_nice
kernel_cpu_time_ms;2026-03-25T00:42:14.298385335Z;0;cpu_core;28;local_machine;;cpu_state=user
kernel_cpu_time_ms;2026-03-25T00:42:14.298385335Z;0;cpu_core;28;local_machine;;cpu_state=nice
kernel_cpu_time_ms;2026-03-25T00:42:14.298385335Z;0;cpu_core;28;local_machine;;cpu_state=system
kernel_cpu_time_ms;2026-03-25T00:42:14.298385335Z;500;cpu_core;28;local_machine;;cpu_state=idle
kernel_cpu_time_ms;2026-03-25T00:42:14.298385335Z;0;cpu_core;28;local_machine;;cpu_state=irq
kernel_cpu_time_ms;2026-03-25T00:42:14.298385335Z;0;cpu_core;28;local_machine;;cpu_state=softirq
kernel_cpu_time_ms;2026-03-25T00:42:14.298385335Z;0;cpu_core;28;local_machine;;cpu_state=steal
kernel_cpu_time_ms;2026-03-25T00:42:14.298385335Z;0;cpu_core;28;local_machine;;cpu_state=guest
kernel_cpu_time_ms;2026-03-25T00:42:14.298385335Z;0;cpu_core;28;local_machine;;cpu_state=guest_nice
kernel_cpu_time_ms;2026-03-25T00:42:14.298385335Z;0;cpu_core;29;local_machine;;cpu_state=user
kernel_cpu_time_ms;2026-03-25T00:42:14.298385335Z;0;cpu_core;29;local_machine;;cpu_state=nice
kernel_cpu_time_ms;2026-03-25T00:42:14.298385335Z;0;cpu_core;29;local_machine;;cpu_state=system
kernel_cpu_time_ms;2026-03-25T00:42:14.298385335Z;490;cpu_core;29;local_machine;;cpu_state=idle
kernel_cpu_time_ms;2026-03-25T00:42:14.298385335Z;0;cpu_core;29;local_machine;;cpu_state=irq
kernel_cpu_time_ms;2026-03-25T00:42:14.298385335Z;0;cpu_core;29;local_machine;;cpu_state=softirq
kernel_cpu_time_ms;2026-03-25T00:42:14.298385335Z;0;cpu_core;29;local_machine;;cpu_state=steal
kernel_cpu_time_ms;2026-03-25T00:42:14.298385335Z;0;cpu_core;29;local_machine;;cpu_state=guest
kernel_cpu_time_ms;2026-03-25T00:42:14.298385335Z;0;cpu_core;29;local_machine;;cpu_state=guest_nice
kernel_cpu_time_ms;2026-03-25T00:42:14.298385335Z;0;cpu_core;30;local_machine;;cpu_state=user
kernel_cpu_time_ms;2026-03-25T00:42:14.298385335Z;0;cpu_core;30;local_machine;;cpu_state=nice
kernel_cpu_time_ms;2026-03-25T00:42:14.298385335Z;0;cpu_core;30;local_machine;;cpu_state=system
kernel_cpu_time_ms;2026-03-25T00:42:14.298385335Z;500;cpu_core;30;local_machine;;cpu_state=idle
kernel_cpu_time_ms;2026-03-25T00:42:14.298385335Z;0;cpu_core;30;local_machine;;cpu_state=irq
kernel_cpu_time_ms;2026-03-25T00:42:14.298385335Z;0;cpu_core;30;local_machine;;cpu_state=softirq
kernel_cpu_time_ms;2026-03-25T00:42:14.298385335Z;0;cpu_core;30;local_machine;;cpu_state=steal
kernel_cpu_time_ms;2026-03-25T00:42:14.298385335Z;0;cpu_core;30;local_machine;;cpu_state=guest
kernel_cpu_time_ms;2026-03-25T00:42:14.298385335Z;0;cpu_core;30;local_machine;;cpu_state=guest_nice
kernel_cpu_time_ms;2026-03-25T00:42:14.298385335Z;0;cpu_core;31;local_machine;;cpu_state=user
kernel_cpu_time_ms;2026-03-25T00:42:14.298385335Z;0;cpu_core;31;local_machine;;cpu_state=nice
kernel_cpu_time_ms;2026-03-25T00:42:14.298385335Z;0;cpu_core;31;local_machine;;cpu_state=system
kernel_cpu_time_ms;2026-03-25T00:42:14.298385335Z;490;cpu_core;31;local_machine;;cpu_state=idle
kernel_cpu_time_ms;2026-03-25T00:42:14.298385335Z;0;cpu_core;31;local_machine;;cpu_state=irq
kernel_cpu_time_ms;2026-03-25T00:42:14.298385335Z;0;cpu_core;31;local_machine;;cpu_state=softirq
kernel_cpu_time_ms;2026-03-25T00:42:14.298385335Z;0;cpu_core;31;local_machine;;cpu_state=steal
kernel_cpu_time_ms;2026-03-25T00:42:14.298385335Z;0;cpu_core;31;local_machine;;cpu_state=guest
kernel_cpu_time_ms;2026-03-25T00:42:14.298385335Z;0;cpu_core;31;local_machine;;cpu_state=guest_nice
kernel_cpu_time_ms;2026-03-25T00:42:14.298385335Z;0;cpu_core;32;local_machine;;cpu_state=user
kernel_cpu_time_ms;2026-03-25T00:42:14.298385335Z;0;cpu_core;32;local_machine;;cpu_state=nice
kernel_cpu_time_ms;2026-03-25T00:42:14.298385335Z;0;cpu_core;32;local_machine;;cpu_state=system
kernel_cpu_time_ms;2026-03-25T00:42:14.298385335Z;500;cpu_core;32;local_machine;;cpu_state=idle
kernel_cpu_time_ms;2026-03-25T00:42:14.298385335Z;0;cpu_core;32;local_machine;;cpu_state=irq
kernel_cpu_time_ms;2026-03-25T00:42:14.298385335Z;0;cpu_core;32;local_machine;;cpu_state=softirq
kernel_cpu_time_ms;2026-03-25T00:42:14.298385335Z;0;cpu_core;32;local_machine;;cpu_state=steal
kernel_cpu_time_ms;2026-03-25T00:42:14.298385335Z;0;cpu_core;32;local_machine;;cpu_state=guest
kernel_cpu_time_ms;2026-03-25T00:42:14.298385335Z;0;cpu_core;32;local_machine;;cpu_state=guest_nice
kernel_cpu_time_ms;2026-03-25T00:42:14.298385335Z;0;cpu_core;33;local_machine;;cpu_state=user
kernel_cpu_time_ms;2026-03-25T00:42:14.298385335Z;0;cpu_core;33;local_machine;;cpu_state=nice
kernel_cpu_time_ms;2026-03-25T00:42:14.298385335Z;0;cpu_core;33;local_machine;;cpu_state=system
kernel_cpu_time_ms;2026-03-25T00:42:14.298385335Z;500;cpu_core;33;local_machine;;cpu_state=idle
kernel_cpu_time_ms;2026-03-25T00:42:14.298385335Z;0;cpu_core;33;local_machine;;cpu_state=irq
kernel_cpu_time_ms;2026-03-25T00:42:14.298385335Z;0;cpu_core;33;local_machine;;cpu_state=softirq
kernel_cpu_time_ms;2026-03-25T00:42:14.298385335Z;0;cpu_core;33;local_machine;;cpu_state=steal
kernel_cpu_time_ms;2026-03-25T00:42:14.298385335Z;0;cpu_core;33;local_machine;;cpu_state=guest
kernel_cpu_time_ms;2026-03-25T00:42:14.298385335Z;0;cpu_core;33;local_machine;;cpu_state=guest_nice
kernel_cpu_time_ms;2026-03-25T00:42:14.298385335Z;0;cpu_core;34;local_machine;;cpu_state=user
kernel_cpu_time_ms;2026-03-25T00:42:14.298385335Z;0;cpu_core;34;local_machine;;cpu_state=nice
kernel_cpu_time_ms;2026-03-25T00:42:14.298385335Z;0;cpu_core;34;local_machine;;cpu_state=system
kernel_cpu_time_ms;2026-03-25T00:42:14.298385335Z;500;cpu_core;34;local_machine;;cpu_state=idle
kernel_cpu_time_ms;2026-03-25T00:42:14.298385335Z;0;cpu_core;34;local_machine;;cpu_state=irq
kernel_cpu_time_ms;2026-03-25T00:42:14.298385335Z;0;cpu_core;34;local_machine;;cpu_state=softirq
kernel_cpu_time_ms;2026-03-25T00:42:14.298385335Z;0;cpu_core;34;local_machine;;cpu_state=steal
kernel_cpu_time_ms;2026-03-25T00:42:14.298385335Z;0;cpu_core;34;local_machine;;cpu_state=guest
kernel_cpu_time_ms;2026-03-25T00:42:14.298385335Z;0;cpu_core;34;local_machine;;cpu_state=guest_nice
kernel_cpu_time_ms;2026-03-25T00:42:14.298385335Z;0;cpu_core;35;local_machine;;cpu_state=user
kernel_cpu_time_ms;2026-03-25T00:42:14.298385335Z;0;cpu_core;35;local_machine;;cpu_state=nice
kernel_cpu_time_ms;2026-03-25T00:42:14.298385335Z;0;cpu_core;35;local_machine;;cpu_state=system
kernel_cpu_time_ms;2026-03-25T00:42:14.298385335Z;500;cpu_core;35;local_machine;;cpu_state=idle
kernel_cpu_time_ms;2026-03-25T00:42:14.298385335Z;0;cpu_core;35;local_machine;;cpu_state=irq
kernel_cpu_time_ms;2026-03-25T00:42:14.298385335Z;0;cpu_core;35;local_machine;;cpu_state=softirq
kernel_cpu_time_ms;2026-03-25T00:42:14.298385335Z;0;cpu_core;35;local_machine;;cpu_state=steal
kernel_cpu_time_ms;2026-03-25T00:42:14.298385335Z;0;cpu_core;35;local_machine;;cpu_state=guest
kernel_cpu_time_ms;2026-03-25T00:42:14.298385335Z;0;cpu_core;35;local_machine;;cpu_state=guest_nice
kernel_cpu_time_ms;2026-03-25T00:42:14.298385335Z;0;cpu_core;36;local_machine;;cpu_state=user
kernel_cpu_time_ms;2026-03-25T00:42:14.298385335Z;0;cpu_core;36;local_machine;;cpu_state=nice
kernel_cpu_time_ms;2026-03-25T00:42:14.298385335Z;0;cpu_core;36;local_machine;;cpu_state=system
kernel_cpu_time_ms;2026-03-25T00:42:14.298385335Z;500;cpu_core;36;local_machine;;cpu_state=idle
kernel_cpu_time_ms;2026-03-25T00:42:14.298385335Z;0;cpu_core;36;local_machine;;cpu_state=irq
kernel_cpu_time_ms;2026-03-25T00:42:14.298385335Z;0;cpu_core;36;local_machine;;cpu_state=softirq
kernel_cpu_time_ms;2026-03-25T00:42:14.298385335Z;0;cpu_core;36;local_machine;;cpu_state=steal
kernel_cpu_time_ms;2026-03-25T00:42:14.298385335Z;0;cpu_core;36;local_machine;;cpu_state=guest
kernel_cpu_time_ms;2026-03-25T00:42:14.298385335Z;0;cpu_core;36;local_machine;;cpu_state=guest_nice
kernel_cpu_time_ms;2026-03-25T00:42:14.298385335Z;0;cpu_core;37;local_machine;;cpu_state=user
kernel_cpu_time_ms;2026-03-25T00:42:14.298385335Z;0;cpu_core;37;local_machine;;cpu_state=nice
kernel_cpu_time_ms;2026-03-25T00:42:14.298385335Z;0;cpu_core;37;local_machine;;cpu_state=system
kernel_cpu_time_ms;2026-03-25T00:42:14.298385335Z;490;cpu_core;37;local_machine;;cpu_state=idle
kernel_cpu_time_ms;2026-03-25T00:42:14.298385335Z;0;cpu_core;37;local_machine;;cpu_state=irq
kernel_cpu_time_ms;2026-03-25T00:42:14.298385335Z;0;cpu_core;37;local_machine;;cpu_state=softirq
kernel_cpu_time_ms;2026-03-25T00:42:14.298385335Z;0;cpu_core;37;local_machine;;cpu_state=steal
kernel_cpu_time_ms;2026-03-25T00:42:14.298385335Z;0;cpu_core;37;local_machine;;cpu_state=guest
kernel_cpu_time_ms;2026-03-25T00:42:14.298385335Z;0;cpu_core;37;local_machine;;cpu_state=guest_nice
kernel_cpu_time_ms;2026-03-25T00:42:14.298385335Z;0;cpu_core;38;local_machine;;cpu_state=user
kernel_cpu_time_ms;2026-03-25T00:42:14.298385335Z;0;cpu_core;38;local_machine;;cpu_state=nice
kernel_cpu_time_ms;2026-03-25T00:42:14.298385335Z;0;cpu_core;38;local_machine;;cpu_state=system
kernel_cpu_time_ms;2026-03-25T00:42:14.298385335Z;500;cpu_core;38;local_machine;;cpu_state=idle
kernel_cpu_time_ms;2026-03-25T00:42:14.298385335Z;0;cpu_core;38;local_machine;;cpu_state=irq
kernel_cpu_time_ms;2026-03-25T00:42:14.298385335Z;0;cpu_core;38;local_machine;;cpu_state=softirq
kernel_cpu_time_ms;2026-03-25T00:42:14.298385335Z;0;cpu_core;38;local_machine;;cpu_state=steal
kernel_cpu_time_ms;2026-03-25T00:42:14.298385335Z;0;cpu_core;38;local_machine;;cpu_state=guest
kernel_cpu_time_ms;2026-03-25T00:42:14.298385335Z;0;cpu_core;38;local_machine;;cpu_state=guest_nice
kernel_cpu_time_ms;2026-03-25T00:42:14.298385335Z;0;cpu_core;39;local_machine;;cpu_state=user
kernel_cpu_time_ms;2026-03-25T00:42:14.298385335Z;0;cpu_core;39;local_machine;;cpu_state=nice
kernel_cpu_time_ms;2026-03-25T00:42:14.298385335Z;0;cpu_core;39;local_machine;;cpu_state=system
kernel_cpu_time_ms;2026-03-25T00:42:14.298385335Z;500;cpu_core;39;local_machine;;cpu_state=idle
kernel_cpu_time_ms;2026-03-25T00:42:14.298385335Z;0;cpu_core;39;local_machine;;cpu_state=irq
kernel_cpu_time_ms;2026-03-25T00:42:14.298385335Z;0;cpu_core;39;local_machine;;cpu_state=softirq
kernel_cpu_time_ms;2026-03-25T00:42:14.298385335Z;0;cpu_core;39;local_machine;;cpu_state=steal
kernel_cpu_time_ms;2026-03-25T00:42:14.298385335Z;0;cpu_core;39;local_machine;;cpu_state=guest
kernel_cpu_time_ms;2026-03-25T00:42:14.298385335Z;0;cpu_core;39;local_machine;;cpu_state=guest_nice
kernel_cpu_time_ms;2026-03-25T00:42:14.298385335Z;300;cpu_core;40;local_machine;;cpu_state=user
kernel_cpu_time_ms;2026-03-25T00:42:14.298385335Z;0;cpu_core;40;local_machine;;cpu_state=nice
kernel_cpu_time_ms;2026-03-25T00:42:14.298385335Z;200;cpu_core;40;local_machine;;cpu_state=system
kernel_cpu_time_ms;2026-03-25T00:42:14.298385335Z;0;cpu_core;40;local_machine;;cpu_state=idle
kernel_cpu_time_ms;2026-03-25T00:42:14.298385335Z;0;cpu_core;40;local_machine;;cpu_state=irq
kernel_cpu_time_ms;2026-03-25T00:42:14.298385335Z;0;cpu_core;40;local_machine;;cpu_state=softirq
kernel_cpu_time_ms;2026-03-25T00:42:14.298385335Z;0;cpu_core;40;local_machine;;cpu_state=steal
kernel_cpu_time_ms;2026-03-25T00:42:14.298385335Z;0;cpu_core;40;local_machine;;cpu_state=guest
kernel_cpu_time_ms;2026-03-25T00:42:14.298385335Z;0;cpu_core;40;local_machine;;cpu_state=guest_nice
kernel_cpu_time_ms;2026-03-25T00:42:14.298385335Z;0;cpu_core;41;local_machine;;cpu_state=user
kernel_cpu_time_ms;2026-03-25T00:42:14.298385335Z;0;cpu_core;41;local_machine;;cpu_state=nice
kernel_cpu_time_ms;2026-03-25T00:42:14.298385335Z;0;cpu_core;41;local_machine;;cpu_state=system
kernel_cpu_time_ms;2026-03-25T00:42:14.298385335Z;500;cpu_core;41;local_machine;;cpu_state=idle
kernel_cpu_time_ms;2026-03-25T00:42:14.298385335Z;0;cpu_core;41;local_machine;;cpu_state=irq
kernel_cpu_time_ms;2026-03-25T00:42:14.298385335Z;0;cpu_core;41;local_machine;;cpu_state=softirq
kernel_cpu_time_ms;2026-03-25T00:42:14.298385335Z;0;cpu_core;41;local_machine;;cpu_state=steal
kernel_cpu_time_ms;2026-03-25T00:42:14.298385335Z;0;cpu_core;41;local_machine;;cpu_state=guest
kernel_cpu_time_ms;2026-03-25T00:42:14.298385335Z;0;cpu_core;41;local_machine;;cpu_state=guest_nice
kernel_cpu_time_ms;2026-03-25T00:42:14.298385335Z;0;cpu_core;42;local_machine;;cpu_state=user
kernel_cpu_time_ms;2026-03-25T00:42:14.298385335Z;0;cpu_core;42;local_machine;;cpu_state=nice
kernel_cpu_time_ms;2026-03-25T00:42:14.298385335Z;0;cpu_core;42;local_machine;;cpu_state=system
kernel_cpu_time_ms;2026-03-25T00:42:14.298385335Z;500;cpu_core;42;local_machine;;cpu_state=idle
kernel_cpu_time_ms;2026-03-25T00:42:14.298385335Z;0;cpu_core;42;local_machine;;cpu_state=irq
kernel_cpu_time_ms;2026-03-25T00:42:14.298385335Z;0;cpu_core;42;local_machine;;cpu_state=softirq
kernel_cpu_time_ms;2026-03-25T00:42:14.298385335Z;0;cpu_core;42;local_machine;;cpu_state=steal
kernel_cpu_time_ms;2026-03-25T00:42:14.298385335Z;0;cpu_core;42;local_machine;;cpu_state=guest
kernel_cpu_time_ms;2026-03-25T00:42:14.298385335Z;0;cpu_core;42;local_machine;;cpu_state=guest_nice
kernel_cpu_time_ms;2026-03-25T00:42:14.298385335Z;0;cpu_core;43;local_machine;;cpu_state=user
kernel_cpu_time_ms;2026-03-25T00:42:14.298385335Z;0;cpu_core;43;local_machine;;cpu_state=nice
kernel_cpu_time_ms;2026-03-25T00:42:14.298385335Z;0;cpu_core;43;local_machine;;cpu_state=system
kernel_cpu_time_ms;2026-03-25T00:42:14.298385335Z;500;cpu_core;43;local_machine;;cpu_state=idle
kernel_cpu_time_ms;2026-03-25T00:42:14.298385335Z;0;cpu_core;43;local_machine;;cpu_state=irq
kernel_cpu_time_ms;2026-03-25T00:42:14.298385335Z;0;cpu_core;43;local_machine;;cpu_state=softirq
kernel_cpu_time_ms;2026-03-25T00:42:14.298385335Z;0;cpu_core;43;local_machine;;cpu_state=steal
kernel_cpu_time_ms;2026-03-25T00:42:14.298385335Z;0;cpu_core;43;local_machine;;cpu_state=guest
kernel_cpu_time_ms;2026-03-25T00:42:14.298385335Z;0;cpu_core;43;local_machine;;cpu_state=guest_nice
kernel_cpu_time_ms;2026-03-25T00:42:14.298385335Z;0;cpu_core;44;local_machine;;cpu_state=user
kernel_cpu_time_ms;2026-03-25T00:42:14.298385335Z;0;cpu_core;44;local_machine;;cpu_state=nice
kernel_cpu_time_ms;2026-03-25T00:42:14.298385335Z;0;cpu_core;44;local_machine;;cpu_state=system
kernel_cpu_time_ms;2026-03-25T00:42:14.298385335Z;500;cpu_core;44;local_machine;;cpu_state=idle
kernel_cpu_time_ms;2026-03-25T00:42:14.298385335Z;0;cpu_core;44;local_machine;;cpu_state=irq
kernel_cpu_time_ms;2026-03-25T00:42:14.298385335Z;0;cpu_core;44;local_machine;;cpu_state=softirq
kernel_cpu_time_ms;2026-03-25T00:42:14.298385335Z;0;cpu_core;44;local_machine;;cpu_state=steal
kernel_cpu_time_ms;2026-03-25T00:42:14.298385335Z;0;cpu_core;44;local_machine;;cpu_state=guest
kernel_cpu_time_ms;2026-03-25T00:42:14.298385335Z;0;cpu_core;44;local_machine;;cpu_state=guest_nice
kernel_cpu_time_ms;2026-03-25T00:42:14.298385335Z;0;cpu_core;45;local_machine;;cpu_state=user
kernel_cpu_time_ms;2026-03-25T00:42:14.298385335Z;0;cpu_core;45;local_machine;;cpu_state=nice
kernel_cpu_time_ms;2026-03-25T00:42:14.298385335Z;0;cpu_core;45;local_machine;;cpu_state=system
kernel_cpu_time_ms;2026-03-25T00:42:14.298385335Z;500;cpu_core;45;local_machine;;cpu_state=idle
kernel_cpu_time_ms;2026-03-25T00:42:14.298385335Z;0;cpu_core;45;local_machine;;cpu_state=irq
kernel_cpu_time_ms;2026-03-25T00:42:14.298385335Z;0;cpu_core;45;local_machine;;cpu_state=softirq
kernel_cpu_time_ms;2026-03-25T00:42:14.298385335Z;0;cpu_core;45;local_machine;;cpu_state=steal
kernel_cpu_time_ms;2026-03-25T00:42:14.298385335Z;0;cpu_core;45;local_machine;;cpu_state=guest
kernel_cpu_time_ms;2026-03-25T00:42:14.298385335Z;0;cpu_core;45;local_machine;;cpu_state=guest_nice
kernel_cpu_time_ms;2026-03-25T00:42:14.298385335Z;10;cpu_core;46;local_machine;;cpu_state=user
kernel_cpu_time_ms;2026-03-25T00:42:14.298385335Z;0;cpu_core;46;local_machine;;cpu_state=nice
kernel_cpu_time_ms;2026-03-25T00:42:14.298385335Z;0;cpu_core;46;local_machine;;cpu_state=system
kernel_cpu_time_ms;2026-03-25T00:42:14.298385335Z;500;cpu_core;46;local_machine;;cpu_state=idle
kernel_cpu_time_ms;2026-03-25T00:42:14.298385335Z;0;cpu_core;46;local_machine;;cpu_state=irq
kernel_cpu_time_ms;2026-03-25T00:42:14.298385335Z;0;cpu_core;46;local_machine;;cpu_state=softirq
kernel_cpu_time_ms;2026-03-25T00:42:14.298385335Z;0;cpu_core;46;local_machine;;cpu_state=steal
kernel_cpu_time_ms;2026-03-25T00:42:14.298385335Z;0;cpu_core;46;local_machine;;cpu_state=guest
kernel_cpu_time_ms;2026-03-25T00:42:14.298385335Z;0;cpu_core;46;local_machine;;cpu_state=guest_nice
kernel_cpu_time_ms;2026-03-25T00:42:14.298385335Z;0;cpu_core;47;local_machine;;cpu_state=user
kernel_cpu_time_ms;2026-03-25T00:42:14.298385335Z;0;cpu_core;47;local_machine;;cpu_state=nice
kernel_cpu_time_ms;2026-03-25T00:42:14.298385335Z;0;cpu_core;47;local_machine;;cpu_state=system
kernel_cpu_time_ms;2026-03-25T00:42:14.298385335Z;500;cpu_core;47;local_machine;;cpu_state=idle
kernel_cpu_time_ms;2026-03-25T00:42:14.298385335Z;0;cpu_core;47;local_machine;;cpu_state=irq
kernel_cpu_time_ms;2026-03-25T00:42:14.298385335Z;0;cpu_core;47;local_machine;;cpu_state=softirq
kernel_cpu_time_ms;2026-03-25T00:42:14.298385335Z;0;cpu_core;47;local_machine;;cpu_state=steal
kernel_cpu_time_ms;2026-03-25T00:42:14.298385335Z;0;cpu_core;47;local_machine;;cpu_state=guest
kernel_cpu_time_ms;2026-03-25T00:42:14.298385335Z;0;cpu_core;47;local_machine;;cpu_state=guest_nice
kernel_cpu_time_ms;2026-03-25T00:42:14.298385335Z;0;cpu_core;48;local_machine;;cpu_state=user
kernel_cpu_time_ms;2026-03-25T00:42:14.298385335Z;0;cpu_core;48;local_machine;;cpu_state=nice
kernel_cpu_time_ms;2026-03-25T00:42:14.298385335Z;0;cpu_core;48;local_machine;;cpu_state=system
kernel_cpu_time_ms;2026-03-25T00:42:14.298385335Z;490;cpu_core;48;local_machine;;cpu_state=idle
kernel_cpu_time_ms;2026-03-25T00:42:14.298385335Z;0;cpu_core;48;local_machine;;cpu_state=irq
kernel_cpu_time_ms;2026-03-25T00:42:14.298385335Z;0;cpu_core;48;local_machine;;cpu_state=softirq
kernel_cpu_time_ms;2026-03-25T00:42:14.298385335Z;0;cpu_core;48;local_machine;;cpu_state=steal
kernel_cpu_time_ms;2026-03-25T00:42:14.298385335Z;0;cpu_core;48;local_machine;;cpu_state=guest
kernel_cpu_time_ms;2026-03-25T00:42:14.298385335Z;0;cpu_core;48;local_machine;;cpu_state=guest_nice
kernel_cpu_time_ms;2026-03-25T00:42:14.298385335Z;0;cpu_core;49;local_machine;;cpu_state=user
kernel_cpu_time_ms;2026-03-25T00:42:14.298385335Z;0;cpu_core;49;local_machine;;cpu_state=nice
kernel_cpu_time_ms;2026-03-25T00:42:14.298385335Z;0;cpu_core;49;local_machine;;cpu_state=system
kernel_cpu_time_ms;2026-03-25T00:42:14.298385335Z;500;cpu_core;49;local_machine;;cpu_state=idle
kernel_cpu_time_ms;2026-03-25T00:42:14.298385335Z;0;cpu_core;49;local_machine;;cpu_state=irq
kernel_cpu_time_ms;2026-03-25T00:42:14.298385335Z;0;cpu_core;49;local_machine;;cpu_state=softirq
kernel_cpu_time_ms;2026-03-25T00:42:14.298385335Z;0;cpu_core;49;local_machine;;cpu_state=steal
kernel_cpu_time_ms;2026-03-25T00:42:14.298385335Z;0;cpu_core;49;local_machine;;cpu_state=guest
kernel_cpu_time_ms;2026-03-25T00:42:14.298385335Z;0;cpu_core;49;local_machine;;cpu_state=guest_nice
kernel_cpu_time_ms;2026-03-25T00:42:14.298385335Z;0;cpu_core;50;local_machine;;cpu_state=user
kernel_cpu_time_ms;2026-03-25T00:42:14.298385335Z;0;cpu_core;50;local_machine;;cpu_state=nice
kernel_cpu_time_ms;2026-03-25T00:42:14.298385335Z;10;cpu_core;50;local_machine;;cpu_state=system
kernel_cpu_time_ms;2026-03-25T00:42:14.298385335Z;490;cpu_core;50;local_machine;;cpu_state=idle
kernel_cpu_time_ms;2026-03-25T00:42:14.298385335Z;0;cpu_core;50;local_machine;;cpu_state=irq
kernel_cpu_time_ms;2026-03-25T00:42:14.298385335Z;0;cpu_core;50;local_machine;;cpu_state=softirq
kernel_cpu_time_ms;2026-03-25T00:42:14.298385335Z;0;cpu_core;50;local_machine;;cpu_state=steal
kernel_cpu_time_ms;2026-03-25T00:42:14.298385335Z;0;cpu_core;50;local_machine;;cpu_state=guest
kernel_cpu_time_ms;2026-03-25T00:42:14.298385335Z;0;cpu_core;50;local_machine;;cpu_state=guest_nice
kernel_cpu_time_ms;2026-03-25T00:42:14.298385335Z;0;cpu_core;51;local_machine;;cpu_state=user
kernel_cpu_time_ms;2026-03-25T00:42:14.298385335Z;0;cpu_core;51;local_machine;;cpu_state=nice
kernel_cpu_time_ms;2026-03-25T00:42:14.298385335Z;0;cpu_core;51;local_machine;;cpu_state=system
kernel_cpu_time_ms;2026-03-25T00:42:14.298385335Z;500;cpu_core;51;local_machine;;cpu_state=idle
kernel_cpu_time_ms;2026-03-25T00:42:14.298385335Z;0;cpu_core;51;local_machine;;cpu_state=irq
kernel_cpu_time_ms;2026-03-25T00:42:14.298385335Z;0;cpu_core;51;local_machine;;cpu_state=softirq
kernel_cpu_time_ms;2026-03-25T00:42:14.298385335Z;0;cpu_core;51;local_machine;;cpu_state=steal
kernel_cpu_time_ms;2026-03-25T00:42:14.298385335Z;0;cpu_core;51;local_machine;;cpu_state=guest
kernel_cpu_time_ms;2026-03-25T00:42:14.298385335Z;0;cpu_core;51;local_machine;;cpu_state=guest_nice
kernel_cpu_time_ms;2026-03-25T00:42:14.298385335Z;0;cpu_core;52;local_machine;;cpu_state=user
kernel_cpu_time_ms;2026-03-25T00:42:14.298385335Z;0;cpu_core;52;local_machine;;cpu_state=nice
kernel_cpu_time_ms;2026-03-25T00:42:14.298385335Z;0;cpu_core;52;local_machine;;cpu_state=system
kernel_cpu_time_ms;2026-03-25T00:42:14.298385335Z;500;cpu_core;52;local_machine;;cpu_state=idle
kernel_cpu_time_ms;2026-03-25T00:42:14.298385335Z;0;cpu_core;52;local_machine;;cpu_state=irq
kernel_cpu_time_ms;2026-03-25T00:42:14.298385335Z;0;cpu_core;52;local_machine;;cpu_state=softirq
kernel_cpu_time_ms;2026-03-25T00:42:14.298385335Z;0;cpu_core;52;local_machine;;cpu_state=steal
kernel_cpu_time_ms;2026-03-25T00:42:14.298385335Z;0;cpu_core;52;local_machine;;cpu_state=guest
kernel_cpu_time_ms;2026-03-25T00:42:14.298385335Z;0;cpu_core;52;local_machine;;cpu_state=guest_nice
kernel_cpu_time_ms;2026-03-25T00:42:14.298385335Z;0;cpu_core;53;local_machine;;cpu_state=user
kernel_cpu_time_ms;2026-03-25T00:42:14.298385335Z;0;cpu_core;53;local_machine;;cpu_state=nice
kernel_cpu_time_ms;2026-03-25T00:42:14.298385335Z;0;cpu_core;53;local_machine;;cpu_state=system
kernel_cpu_time_ms;2026-03-25T00:42:14.298385335Z;500;cpu_core;53;local_machine;;cpu_state=idle
kernel_cpu_time_ms;2026-03-25T00:42:14.298385335Z;0;cpu_core;53;local_machine;;cpu_state=irq
kernel_cpu_time_ms;2026-03-25T00:42:14.298385335Z;0;cpu_core;53;local_machine;;cpu_state=softirq
kernel_cpu_time_ms;2026-03-25T00:42:14.298385335Z;0;cpu_core;53;local_machine;;cpu_state=steal
kernel_cpu_time_ms;2026-03-25T00:42:14.298385335Z;0;cpu_core;53;local_machine;;cpu_state=guest
kernel_cpu_time_ms;2026-03-25T00:42:14.298385335Z;0;cpu_core;53;local_machine;;cpu_state=guest_nice
kernel_cpu_time_ms;2026-03-25T00:42:14.298385335Z;0;cpu_core;54;local_machine;;cpu_state=user
kernel_cpu_time_ms;2026-03-25T00:42:14.298385335Z;0;cpu_core;54;local_machine;;cpu_state=nice
kernel_cpu_time_ms;2026-03-25T00:42:14.298385335Z;0;cpu_core;54;local_machine;;cpu_state=system
kernel_cpu_time_ms;2026-03-25T00:42:14.298385335Z;490;cpu_core;54;local_machine;;cpu_state=idle
kernel_cpu_time_ms;2026-03-25T00:42:14.298385335Z;0;cpu_core;54;local_machine;;cpu_state=irq
kernel_cpu_time_ms;2026-03-25T00:42:14.298385335Z;0;cpu_core;54;local_machine;;cpu_state=softirq
kernel_cpu_time_ms;2026-03-25T00:42:14.298385335Z;0;cpu_core;54;local_machine;;cpu_state=steal
kernel_cpu_time_ms;2026-03-25T00:42:14.298385335Z;0;cpu_core;54;local_machine;;cpu_state=guest
kernel_cpu_time_ms;2026-03-25T00:42:14.298385335Z;0;cpu_core;54;local_machine;;cpu_state=guest_nice
kernel_cpu_time_ms;2026-03-25T00:42:14.298385335Z;0;cpu_core;55;local_machine;;cpu_state=user
kernel_cpu_time_ms;2026-03-25T00:42:14.298385335Z;0;cpu_core;55;local_machine;;cpu_state=nice
kernel_cpu_time_ms;2026-03-25T00:42:14.298385335Z;0;cpu_core;55;local_machine;;cpu_state=system
kernel_cpu_time_ms;2026-03-25T00:42:14.298385335Z;500;cpu_core;55;local_machine;;cpu_state=idle
kernel_cpu_time_ms;2026-03-25T00:42:14.298385335Z;0;cpu_core;55;local_machine;;cpu_state=irq
kernel_cpu_time_ms;2026-03-25T00:42:14.298385335Z;0;cpu_core;55;local_machine;;cpu_state=softirq
kernel_cpu_time_ms;2026-03-25T00:42:14.298385335Z;0;cpu_core;55;local_machine;;cpu_state=steal
kernel_cpu_time_ms;2026-03-25T00:42:14.298385335Z;0;cpu_core;55;local_machine;;cpu_state=guest
kernel_cpu_time_ms;2026-03-25T00:42:14.298385335Z;0;cpu_core;55;local_machine;;cpu_state=guest_nice
kernel_cpu_time_ms;2026-03-25T00:42:14.298385335Z;0;cpu_core;56;local_machine;;cpu_state=user
kernel_cpu_time_ms;2026-03-25T00:42:14.298385335Z;0;cpu_core;56;local_machine;;cpu_state=nice
kernel_cpu_time_ms;2026-03-25T00:42:14.298385335Z;0;cpu_core;56;local_machine;;cpu_state=system
kernel_cpu_time_ms;2026-03-25T00:42:14.298385335Z;500;cpu_core;56;local_machine;;cpu_state=idle
kernel_cpu_time_ms;2026-03-25T00:42:14.298385335Z;0;cpu_core;56;local_machine;;cpu_state=irq
kernel_cpu_time_ms;2026-03-25T00:42:14.298385335Z;0;cpu_core;56;local_machine;;cpu_state=softirq
kernel_cpu_time_ms;2026-03-25T00:42:14.298385335Z;0;cpu_core;56;local_machine;;cpu_state=steal
kernel_cpu_time_ms;2026-03-25T00:42:14.298385335Z;0;cpu_core;56;local_machine;;cpu_state=guest
kernel_cpu_time_ms;2026-03-25T00:42:14.298385335Z;0;cpu_core;56;local_machine;;cpu_state=guest_nice
kernel_cpu_time_ms;2026-03-25T00:42:14.298385335Z;0;cpu_core;57;local_machine;;cpu_state=user
kernel_cpu_time_ms;2026-03-25T00:42:14.298385335Z;0;cpu_core;57;local_machine;;cpu_state=nice
kernel_cpu_time_ms;2026-03-25T00:42:14.298385335Z;0;cpu_core;57;local_machine;;cpu_state=system
kernel_cpu_time_ms;2026-03-25T00:42:14.298385335Z;500;cpu_core;57;local_machine;;cpu_state=idle
kernel_cpu_time_ms;2026-03-25T00:42:14.298385335Z;0;cpu_core;57;local_machine;;cpu_state=irq
kernel_cpu_time_ms;2026-03-25T00:42:14.298385335Z;0;cpu_core;57;local_machine;;cpu_state=softirq
kernel_cpu_time_ms;2026-03-25T00:42:14.298385335Z;0;cpu_core;57;local_machine;;cpu_state=steal
kernel_cpu_time_ms;2026-03-25T00:42:14.298385335Z;0;cpu_core;57;local_machine;;cpu_state=guest
kernel_cpu_time_ms;2026-03-25T00:42:14.298385335Z;0;cpu_core;57;local_machine;;cpu_state=guest_nice
kernel_cpu_time_ms;2026-03-25T00:42:14.298385335Z;0;cpu_core;58;local_machine;;cpu_state=user
kernel_cpu_time_ms;2026-03-25T00:42:14.298385335Z;0;cpu_core;58;local_machine;;cpu_state=nice
kernel_cpu_time_ms;2026-03-25T00:42:14.298385335Z;0;cpu_core;58;local_machine;;cpu_state=system
kernel_cpu_time_ms;2026-03-25T00:42:14.298385335Z;500;cpu_core;58;local_machine;;cpu_state=idle
kernel_cpu_time_ms;2026-03-25T00:42:14.298385335Z;0;cpu_core;58;local_machine;;cpu_state=irq
kernel_cpu_time_ms;2026-03-25T00:42:14.298385335Z;0;cpu_core;58;local_machine;;cpu_state=softirq
kernel_cpu_time_ms;2026-03-25T00:42:14.298385335Z;0;cpu_core;58;local_machine;;cpu_state=steal
kernel_cpu_time_ms;2026-03-25T00:42:14.298385335Z;0;cpu_core;58;local_machine;;cpu_state=guest
kernel_cpu_time_ms;2026-03-25T00:42:14.298385335Z;0;cpu_core;58;local_machine;;cpu_state=guest_nice
kernel_cpu_time_ms;2026-03-25T00:42:14.298385335Z;0;cpu_core;59;local_machine;;cpu_state=user
kernel_cpu_time_ms;2026-03-25T00:42:14.298385335Z;0;cpu_core;59;local_machine;;cpu_state=nice
kernel_cpu_time_ms;2026-03-25T00:42:14.298385335Z;0;cpu_core;59;local_machine;;cpu_state=system
kernel_cpu_time_ms;2026-03-25T00:42:14.298385335Z;500;cpu_core;59;local_machine;;cpu_state=idle
kernel_cpu_time_ms;2026-03-25T00:42:14.298385335Z;0;cpu_core;59;local_machine;;cpu_state=irq
kernel_cpu_time_ms;2026-03-25T00:42:14.298385335Z;0;cpu_core;59;local_machine;;cpu_state=softirq
kernel_cpu_time_ms;2026-03-25T00:42:14.298385335Z;0;cpu_core;59;local_machine;;cpu_state=steal
kernel_cpu_time_ms;2026-03-25T00:42:14.298385335Z;0;cpu_core;59;local_machine;;cpu_state=guest
kernel_cpu_time_ms;2026-03-25T00:42:14.298385335Z;0;cpu_core;59;local_machine;;cpu_state=guest_nice
kernel_cpu_time_ms;2026-03-25T00:42:14.298385335Z;0;cpu_core;60;local_machine;;cpu_state=user
kernel_cpu_time_ms;2026-03-25T00:42:14.298385335Z;0;cpu_core;60;local_machine;;cpu_state=nice
kernel_cpu_time_ms;2026-03-25T00:42:14.298385335Z;0;cpu_core;60;local_machine;;cpu_state=system
kernel_cpu_time_ms;2026-03-25T00:42:14.298385335Z;500;cpu_core;60;local_machine;;cpu_state=idle
kernel_cpu_time_ms;2026-03-25T00:42:14.298385335Z;0;cpu_core;60;local_machine;;cpu_state=irq
kernel_cpu_time_ms;2026-03-25T00:42:14.298385335Z;0;cpu_core;60;local_machine;;cpu_state=softirq
kernel_cpu_time_ms;2026-03-25T00:42:14.298385335Z;0;cpu_core;60;local_machine;;cpu_state=steal
kernel_cpu_time_ms;2026-03-25T00:42:14.298385335Z;0;cpu_core;60;local_machine;;cpu_state=guest
kernel_cpu_time_ms;2026-03-25T00:42:14.298385335Z;0;cpu_core;60;local_machine;;cpu_state=guest_nice
kernel_cpu_time_ms;2026-03-25T00:42:14.298385335Z;0;cpu_core;61;local_machine;;cpu_state=user
kernel_cpu_time_ms;2026-03-25T00:42:14.298385335Z;0;cpu_core;61;local_machine;;cpu_state=nice
kernel_cpu_time_ms;2026-03-25T00:42:14.298385335Z;10;cpu_core;61;local_machine;;cpu_state=system
kernel_cpu_time_ms;2026-03-25T00:42:14.298385335Z;490;cpu_core;61;local_machine;;cpu_state=idle
kernel_cpu_time_ms;2026-03-25T00:42:14.298385335Z;0;cpu_core;61;local_machine;;cpu_state=irq
kernel_cpu_time_ms;2026-03-25T00:42:14.298385335Z;0;cpu_core;61;local_machine;;cpu_state=softirq
kernel_cpu_time_ms;2026-03-25T00:42:14.298385335Z;0;cpu_core;61;local_machine;;cpu_state=steal
kernel_cpu_time_ms;2026-03-25T00:42:14.298385335Z;0;cpu_core;61;local_machine;;cpu_state=guest
kernel_cpu_time_ms;2026-03-25T00:42:14.298385335Z;0;cpu_core;61;local_machine;;cpu_state=guest_nice
kernel_cpu_time_ms;2026-03-25T00:42:14.298385335Z;0;cpu_core;62;local_machine;;cpu_state=user
kernel_cpu_time_ms;2026-03-25T00:42:14.298385335Z;0;cpu_core;62;local_machine;;cpu_state=nice
kernel_cpu_time_ms;2026-03-25T00:42:14.298385335Z;0;cpu_core;62;local_machine;;cpu_state=system
kernel_cpu_time_ms;2026-03-25T00:42:14.298385335Z;490;cpu_core;62;local_machine;;cpu_state=idle
kernel_cpu_time_ms;2026-03-25T00:42:14.298385335Z;0;cpu_core;62;local_machine;;cpu_state=irq
kernel_cpu_time_ms;2026-03-25T00:42:14.298385335Z;0;cpu_core;62;local_machine;;cpu_state=softirq
kernel_cpu_time_ms;2026-03-25T00:42:14.298385335Z;0;cpu_core;62;local_machine;;cpu_state=steal
kernel_cpu_time_ms;2026-03-25T00:42:14.298385335Z;0;cpu_core;62;local_machine;;cpu_state=guest
kernel_cpu_time_ms;2026-03-25T00:42:14.298385335Z;0;cpu_core;62;local_machine;;cpu_state=guest_nice
kernel_cpu_time_ms;2026-03-25T00:42:14.298385335Z;0;cpu_core;63;local_machine;;cpu_state=user
kernel_cpu_time_ms;2026-03-25T00:42:14.298385335Z;0;cpu_core;63;local_machine;;cpu_state=nice
kernel_cpu_time_ms;2026-03-25T00:42:14.298385335Z;0;cpu_core;63;local_machine;;cpu_state=system
kernel_cpu_time_ms;2026-03-25T00:42:14.298385335Z;500;cpu_core;63;local_machine;;cpu_state=idle
kernel_cpu_time_ms;2026-03-25T00:42:14.298385335Z;0;cpu_core;63;local_machine;;cpu_state=irq
kernel_cpu_time_ms;2026-03-25T00:42:14.298385335Z;0;cpu_core;63;local_machine;;cpu_state=softirq
kernel_cpu_time_ms;2026-03-25T00:42:14.298385335Z;0;cpu_core;63;local_machine;;cpu_state=steal
kernel_cpu_time_ms;2026-03-25T00:42:14.298385335Z;0;cpu_core;63;local_machine;;cpu_state=guest
kernel_cpu_time_ms;2026-03-25T00:42:14.298385335Z;0;cpu_core;63;local_machine;;cpu_state=guest_nice
kernel_cpu_time_ms;2026-03-25T00:42:14.298385335Z;0;cpu_core;64;local_machine;;cpu_state=user
kernel_cpu_time_ms;2026-03-25T00:42:14.298385335Z;0;cpu_core;64;local_machine;;cpu_state=nice
kernel_cpu_time_ms;2026-03-25T00:42:14.298385335Z;0;cpu_core;64;local_machine;;cpu_state=system
kernel_cpu_time_ms;2026-03-25T00:42:14.298385335Z;500;cpu_core;64;local_machine;;cpu_state=idle
kernel_cpu_time_ms;2026-03-25T00:42:14.298385335Z;0;cpu_core;64;local_machine;;cpu_state=irq
kernel_cpu_time_ms;2026-03-25T00:42:14.298385335Z;0;cpu_core;64;local_machine;;cpu_state=softirq
kernel_cpu_time_ms;2026-03-25T00:42:14.298385335Z;0;cpu_core;64;local_machine;;cpu_state=steal
kernel_cpu_time_ms;2026-03-25T00:42:14.298385335Z;0;cpu_core;64;local_machine;;cpu_state=guest
kernel_cpu_time_ms;2026-03-25T00:42:14.298385335Z;0;cpu_core;64;local_machine;;cpu_state=guest_nice
kernel_cpu_time_ms;2026-03-25T00:42:14.298385335Z;0;cpu_core;65;local_machine;;cpu_state=user
kernel_cpu_time_ms;2026-03-25T00:42:14.298385335Z;0;cpu_core;65;local_machine;;cpu_state=nice
kernel_cpu_time_ms;2026-03-25T00:42:14.298385335Z;0;cpu_core;65;local_machine;;cpu_state=system
kernel_cpu_time_ms;2026-03-25T00:42:14.298385335Z;500;cpu_core;65;local_machine;;cpu_state=idle
kernel_cpu_time_ms;2026-03-25T00:42:14.298385335Z;0;cpu_core;65;local_machine;;cpu_state=irq
kernel_cpu_time_ms;2026-03-25T00:42:14.298385335Z;0;cpu_core;65;local_machine;;cpu_state=softirq
kernel_cpu_time_ms;2026-03-25T00:42:14.298385335Z;0;cpu_core;65;local_machine;;cpu_state=steal
kernel_cpu_time_ms;2026-03-25T00:42:14.298385335Z;0;cpu_core;65;local_machine;;cpu_state=guest
kernel_cpu_time_ms;2026-03-25T00:42:14.298385335Z;0;cpu_core;65;local_machine;;cpu_state=guest_nice
kernel_cpu_time_ms;2026-03-25T00:42:14.298385335Z;0;cpu_core;66;local_machine;;cpu_state=user
kernel_cpu_time_ms;2026-03-25T00:42:14.298385335Z;0;cpu_core;66;local_machine;;cpu_state=nice
kernel_cpu_time_ms;2026-03-25T00:42:14.298385335Z;0;cpu_core;66;local_machine;;cpu_state=system
kernel_cpu_time_ms;2026-03-25T00:42:14.298385335Z;500;cpu_core;66;local_machine;;cpu_state=idle
kernel_cpu_time_ms;2026-03-25T00:42:14.298385335Z;0;cpu_core;66;local_machine;;cpu_state=irq
kernel_cpu_time_ms;2026-03-25T00:42:14.298385335Z;0;cpu_core;66;local_machine;;cpu_state=softirq
kernel_cpu_time_ms;2026-03-25T00:42:14.298385335Z;0;cpu_core;66;local_machine;;cpu_state=steal
kernel_cpu_time_ms;2026-03-25T00:42:14.298385335Z;0;cpu_core;66;local_machine;;cpu_state=guest
kernel_cpu_time_ms;2026-03-25T00:42:14.298385335Z;0;cpu_core;66;local_machine;;cpu_state=guest_nice
kernel_cpu_time_ms;2026-03-25T00:42:14.298385335Z;0;cpu_core;67;local_machine;;cpu_state=user
kernel_cpu_time_ms;2026-03-25T00:42:14.298385335Z;0;cpu_core;67;local_machine;;cpu_state=nice
kernel_cpu_time_ms;2026-03-25T00:42:14.298385335Z;0;cpu_core;67;local_machine;;cpu_state=system
kernel_cpu_time_ms;2026-03-25T00:42:14.298385335Z;500;cpu_core;67;local_machine;;cpu_state=idle
kernel_cpu_time_ms;2026-03-25T00:42:14.298385335Z;0;cpu_core;67;local_machine;;cpu_state=irq
kernel_cpu_time_ms;2026-03-25T00:42:14.298385335Z;0;cpu_core;67;local_machine;;cpu_state=softirq
kernel_cpu_time_ms;2026-03-25T00:42:14.298385335Z;0;cpu_core;67;local_machine;;cpu_state=steal
kernel_cpu_time_ms;2026-03-25T00:42:14.298385335Z;0;cpu_core;67;local_machine;;cpu_state=guest
kernel_cpu_time_ms;2026-03-25T00:42:14.298385335Z;0;cpu_core;67;local_machine;;cpu_state=guest_nice
kernel_cpu_time_ms;2026-03-25T00:42:14.298385335Z;0;cpu_core;68;local_machine;;cpu_state=user
kernel_cpu_time_ms;2026-03-25T00:42:14.298385335Z;0;cpu_core;68;local_machine;;cpu_state=nice
kernel_cpu_time_ms;2026-03-25T00:42:14.298385335Z;0;cpu_core;68;local_machine;;cpu_state=system
kernel_cpu_time_ms;2026-03-25T00:42:14.298385335Z;500;cpu_core;68;local_machine;;cpu_state=idle
kernel_cpu_time_ms;2026-03-25T00:42:14.298385335Z;0;cpu_core;68;local_machine;;cpu_state=irq
kernel_cpu_time_ms;2026-03-25T00:42:14.298385335Z;0;cpu_core;68;local_machine;;cpu_state=softirq
kernel_cpu_time_ms;2026-03-25T00:42:14.298385335Z;0;cpu_core;68;local_machine;;cpu_state=steal
kernel_cpu_time_ms;2026-03-25T00:42:14.298385335Z;0;cpu_core;68;local_machine;;cpu_state=guest
kernel_cpu_time_ms;2026-03-25T00:42:14.298385335Z;0;cpu_core;68;local_machine;;cpu_state=guest_nice
kernel_cpu_time_ms;2026-03-25T00:42:14.298385335Z;0;cpu_core;69;local_machine;;cpu_state=user
kernel_cpu_time_ms;2026-03-25T00:42:14.298385335Z;0;cpu_core;69;local_machine;;cpu_state=nice
kernel_cpu_time_ms;2026-03-25T00:42:14.298385335Z;0;cpu_core;69;local_machine;;cpu_state=system
kernel_cpu_time_ms;2026-03-25T00:42:14.298385335Z;500;cpu_core;69;local_machine;;cpu_state=idle
kernel_cpu_time_ms;2026-03-25T00:42:14.298385335Z;0;cpu_core;69;local_machine;;cpu_state=irq
kernel_cpu_time_ms;2026-03-25T00:42:14.298385335Z;0;cpu_core;69;local_machine;;cpu_state=softirq
kernel_cpu_time_ms;2026-03-25T00:42:14.298385335Z;0;cpu_core;69;local_machine;;cpu_state=steal
kernel_cpu_time_ms;2026-03-25T00:42:14.298385335Z;0;cpu_core;69;local_machine;;cpu_state=guest
kernel_cpu_time_ms;2026-03-25T00:42:14.298385335Z;0;cpu_core;69;local_machine;;cpu_state=guest_nice
kernel_cpu_time_ms;2026-03-25T00:42:14.298385335Z;0;cpu_core;70;local_machine;;cpu_state=user
kernel_cpu_time_ms;2026-03-25T00:42:14.298385335Z;0;cpu_core;70;local_machine;;cpu_state=nice
kernel_cpu_time_ms;2026-03-25T00:42:14.298385335Z;0;cpu_core;70;local_machine;;cpu_state=system
kernel_cpu_time_ms;2026-03-25T00:42:14.298385335Z;500;cpu_core;70;local_machine;;cpu_state=idle
kernel_cpu_time_ms;2026-03-25T00:42:14.298385335Z;0;cpu_core;70;local_machine;;cpu_state=irq
kernel_cpu_time_ms;2026-03-25T00:42:14.298385335Z;0;cpu_core;70;local_machine;;cpu_state=softirq
kernel_cpu_time_ms;2026-03-25T00:42:14.298385335Z;0;cpu_core;70;local_machine;;cpu_state=steal
kernel_cpu_time_ms;2026-03-25T00:42:14.298385335Z;0;cpu_core;70;local_machine;;cpu_state=guest
kernel_cpu_time_ms;2026-03-25T00:42:14.298385335Z;0;cpu_core;70;local_machine;;cpu_state=guest_nice
kernel_cpu_time_ms;2026-03-25T00:42:14.298385335Z;0;cpu_core;71;local_machine;;cpu_state=user
kernel_cpu_time_ms;2026-03-25T00:42:14.298385335Z;0;cpu_core;71;local_machine;;cpu_state=nice
kernel_cpu_time_ms;2026-03-25T00:42:14.298385335Z;0;cpu_core;71;local_machine;;cpu_state=system
kernel_cpu_time_ms;2026-03-25T00:42:14.298385335Z;490;cpu_core;71;local_machine;;cpu_state=idle
kernel_cpu_time_ms;2026-03-25T00:42:14.298385335Z;0;cpu_core;71;local_machine;;cpu_state=irq
kernel_cpu_time_ms;2026-03-25T00:42:14.298385335Z;0;cpu_core;71;local_machine;;cpu_state=softirq
kernel_cpu_time_ms;2026-03-25T00:42:14.298385335Z;0;cpu_core;71;local_machine;;cpu_state=steal
kernel_cpu_time_ms;2026-03-25T00:42:14.298385335Z;0;cpu_core;71;local_machine;;cpu_state=guest
kernel_cpu_time_ms;2026-03-25T00:42:14.298385335Z;0;cpu_core;71;local_machine;;cpu_state=guest_nice
kernel_cpu_time_ms;2026-03-25T00:42:14.298385335Z;0;cpu_core;72;local_machine;;cpu_state=user
kernel_cpu_time_ms;2026-03-25T00:42:14.298385335Z;0;cpu_core;72;local_machine;;cpu_state=nice
kernel_cpu_time_ms;2026-03-25T00:42:14.298385335Z;0;cpu_core;72;local_machine;;cpu_state=system
kernel_cpu_time_ms;2026-03-25T00:42:14.298385335Z;500;cpu_core;72;local_machine;;cpu_state=idle
kernel_cpu_time_ms;2026-03-25T00:42:14.298385335Z;0;cpu_core;72;local_machine;;cpu_state=irq
kernel_cpu_time_ms;2026-03-25T00:42:14.298385335Z;0;cpu_core;72;local_machine;;cpu_state=softirq
kernel_cpu_time_ms;2026-03-25T00:42:14.298385335Z;0;cpu_core;72;local_machine;;cpu_state=steal
kernel_cpu_time_ms;2026-03-25T00:42:14.298385335Z;0;cpu_core;72;local_machine;;cpu_state=guest
kernel_cpu_time_ms;2026-03-25T00:42:14.298385335Z;0;cpu_core;72;local_machine;;cpu_state=guest_nice
kernel_cpu_time_ms;2026-03-25T00:42:14.298385335Z;0;cpu_core;73;local_machine;;cpu_state=user
kernel_cpu_time_ms;2026-03-25T00:42:14.298385335Z;0;cpu_core;73;local_machine;;cpu_state=nice
kernel_cpu_time_ms;2026-03-25T00:42:14.298385335Z;20;cpu_core;73;local_machine;;cpu_state=system
kernel_cpu_time_ms;2026-03-25T00:42:14.298385335Z;490;cpu_core;73;local_machine;;cpu_state=idle
kernel_cpu_time_ms;2026-03-25T00:42:14.298385335Z;0;cpu_core;73;local_machine;;cpu_state=irq
kernel_cpu_time_ms;2026-03-25T00:42:14.298385335Z;0;cpu_core;73;local_machine;;cpu_state=softirq
kernel_cpu_time_ms;2026-03-25T00:42:14.298385335Z;0;cpu_core;73;local_machine;;cpu_state=steal
kernel_cpu_time_ms;2026-03-25T00:42:14.298385335Z;0;cpu_core;73;local_machine;;cpu_state=guest
kernel_cpu_time_ms;2026-03-25T00:42:14.298385335Z;0;cpu_core;73;local_machine;;cpu_state=guest_nice
kernel_cpu_time_ms;2026-03-25T00:42:14.298385335Z;0;cpu_core;74;local_machine;;cpu_state=user
kernel_cpu_time_ms;2026-03-25T00:42:14.298385335Z;0;cpu_core;74;local_machine;;cpu_state=nice
kernel_cpu_time_ms;2026-03-25T00:42:14.298385335Z;0;cpu_core;74;local_machine;;cpu_state=system
kernel_cpu_time_ms;2026-03-25T00:42:14.298385335Z;500;cpu_core;74;local_machine;;cpu_state=idle
kernel_cpu_time_ms;2026-03-25T00:42:14.298385335Z;0;cpu_core;74;local_machine;;cpu_state=irq
kernel_cpu_time_ms;2026-03-25T00:42:14.298385335Z;0;cpu_core;74;local_machine;;cpu_state=softirq
kernel_cpu_time_ms;2026-03-25T00:42:14.298385335Z;0;cpu_core;74;local_machine;;cpu_state=steal
kernel_cpu_time_ms;2026-03-25T00:42:14.298385335Z;0;cpu_core;74;local_machine;;cpu_state=guest
kernel_cpu_time_ms;2026-03-25T00:42:14.298385335Z;0;cpu_core;74;local_machine;;cpu_state=guest_nice
kernel_cpu_time_ms;2026-03-25T00:42:14.298385335Z;0;cpu_core;75;local_machine;;cpu_state=user
kernel_cpu_time_ms;2026-03-25T00:42:14.298385335Z;0;cpu_core;75;local_machine;;cpu_state=nice
kernel_cpu_time_ms;2026-03-25T00:42:14.298385335Z;10;cpu_core;75;local_machine;;cpu_state=system
kernel_cpu_time_ms;2026-03-25T00:42:14.298385335Z;490;cpu_core;75;local_machine;;cpu_state=idle
kernel_cpu_time_ms;2026-03-25T00:42:14.298385335Z;0;cpu_core;75;local_machine;;cpu_state=irq
kernel_cpu_time_ms;2026-03-25T00:42:14.298385335Z;0;cpu_core;75;local_machine;;cpu_state=softirq
kernel_cpu_time_ms;2026-03-25T00:42:14.298385335Z;0;cpu_core;75;local_machine;;cpu_state=steal
kernel_cpu_time_ms;2026-03-25T00:42:14.298385335Z;0;cpu_core;75;local_machine;;cpu_state=guest
kernel_cpu_time_ms;2026-03-25T00:42:14.298385335Z;0;cpu_core;75;local_machine;;cpu_state=guest_nice
kernel_cpu_time_ms;2026-03-25T00:42:14.298385335Z;0;cpu_core;76;local_machine;;cpu_state=user
kernel_cpu_time_ms;2026-03-25T00:42:14.298385335Z;0;cpu_core;76;local_machine;;cpu_state=nice
kernel_cpu_time_ms;2026-03-25T00:42:14.298385335Z;0;cpu_core;76;local_machine;;cpu_state=system
kernel_cpu_time_ms;2026-03-25T00:42:14.298385335Z;500;cpu_core;76;local_machine;;cpu_state=idle
kernel_cpu_time_ms;2026-03-25T00:42:14.298385335Z;0;cpu_core;76;local_machine;;cpu_state=irq
kernel_cpu_time_ms;2026-03-25T00:42:14.298385335Z;0;cpu_core;76;local_machine;;cpu_state=softirq
kernel_cpu_time_ms;2026-03-25T00:42:14.298385335Z;0;cpu_core;76;local_machine;;cpu_state=steal
kernel_cpu_time_ms;2026-03-25T00:42:14.298385335Z;0;cpu_core;76;local_machine;;cpu_state=guest
kernel_cpu_time_ms;2026-03-25T00:42:14.298385335Z;0;cpu_core;76;local_machine;;cpu_state=guest_nice
kernel_cpu_time_ms;2026-03-25T00:42:14.298385335Z;0;cpu_core;77;local_machine;;cpu_state=user
kernel_cpu_time_ms;2026-03-25T00:42:14.298385335Z;0;cpu_core;77;local_machine;;cpu_state=nice
kernel_cpu_time_ms;2026-03-25T00:42:14.298385335Z;0;cpu_core;77;local_machine;;cpu_state=system
kernel_cpu_time_ms;2026-03-25T00:42:14.298385335Z;490;cpu_core;77;local_machine;;cpu_state=idle
kernel_cpu_time_ms;2026-03-25T00:42:14.298385335Z;0;cpu_core;77;local_machine;;cpu_state=irq
kernel_cpu_time_ms;2026-03-25T00:42:14.298385335Z;0;cpu_core;77;local_machine;;cpu_state=softirq
kernel_cpu_time_ms;2026-03-25T00:42:14.298385335Z;0;cpu_core;77;local_machine;;cpu_state=steal
kernel_cpu_time_ms;2026-03-25T00:42:14.298385335Z;0;cpu_core;77;local_machine;;cpu_state=guest
kernel_cpu_time_ms;2026-03-25T00:42:14.298385335Z;0;cpu_core;77;local_machine;;cpu_state=guest_nice
kernel_cpu_time_ms;2026-03-25T00:42:14.298385335Z;0;cpu_core;78;local_machine;;cpu_state=user
kernel_cpu_time_ms;2026-03-25T00:42:14.298385335Z;0;cpu_core;78;local_machine;;cpu_state=nice
kernel_cpu_time_ms;2026-03-25T00:42:14.298385335Z;0;cpu_core;78;local_machine;;cpu_state=system
kernel_cpu_time_ms;2026-03-25T00:42:14.298385335Z;500;cpu_core;78;local_machine;;cpu_state=idle
kernel_cpu_time_ms;2026-03-25T00:42:14.298385335Z;0;cpu_core;78;local_machine;;cpu_state=irq
kernel_cpu_time_ms;2026-03-25T00:42:14.298385335Z;0;cpu_core;78;local_machine;;cpu_state=softirq
kernel_cpu_time_ms;2026-03-25T00:42:14.298385335Z;0;cpu_core;78;local_machine;;cpu_state=steal
kernel_cpu_time_ms;2026-03-25T00:42:14.298385335Z;0;cpu_core;78;local_machine;;cpu_state=guest
kernel_cpu_time_ms;2026-03-25T00:42:14.298385335Z;0;cpu_core;78;local_machine;;cpu_state=guest_nice
kernel_cpu_time_ms;2026-03-25T00:42:14.298385335Z;0;cpu_core;79;local_machine;;cpu_state=user
kernel_cpu_time_ms;2026-03-25T00:42:14.298385335Z;0;cpu_core;79;local_machine;;cpu_state=nice
kernel_cpu_time_ms;2026-03-25T00:42:14.298385335Z;0;cpu_core;79;local_machine;;cpu_state=system
kernel_cpu_time_ms;2026-03-25T00:42:14.298385335Z;500;cpu_core;79;local_machine;;cpu_state=idle
kernel_cpu_time_ms;2026-03-25T00:42:14.298385335Z;0;cpu_core;79;local_machine;;cpu_state=irq
kernel_cpu_time_ms;2026-03-25T00:42:14.298385335Z;0;cpu_core;79;local_machine;;cpu_state=softirq
kernel_cpu_time_ms;2026-03-25T00:42:14.298385335Z;0;cpu_core;79;local_machine;;cpu_state=steal
kernel_cpu_time_ms;2026-03-25T00:42:14.298385335Z;0;cpu_core;79;local_machine;;cpu_state=guest
kernel_cpu_time_ms;2026-03-25T00:42:14.298385335Z;0;cpu_core;79;local_machine;;cpu_state=guest_nice
kernel_cpu_time_ms;2026-03-25T00:42:14.298385335Z;0;cpu_core;80;local_machine;;cpu_state=user
kernel_cpu_time_ms;2026-03-25T00:42:14.298385335Z;0;cpu_core;80;local_machine;;cpu_state=nice
kernel_cpu_time_ms;2026-03-25T00:42:14.298385335Z;0;cpu_core;80;local_machine;;cpu_state=system
kernel_cpu_time_ms;2026-03-25T00:42:14.298385335Z;500;cpu_core;80;local_machine;;cpu_state=idle
kernel_cpu_time_ms;2026-03-25T00:42:14.298385335Z;0;cpu_core;80;local_machine;;cpu_state=irq
kernel_cpu_time_ms;2026-03-25T00:42:14.298385335Z;0;cpu_core;80;local_machine;;cpu_state=softirq
kernel_cpu_time_ms;2026-03-25T00:42:14.298385335Z;0;cpu_core;80;local_machine;;cpu_state=steal
kernel_cpu_time_ms;2026-03-25T00:42:14.298385335Z;0;cpu_core;80;local_machine;;cpu_state=guest
kernel_cpu_time_ms;2026-03-25T00:42:14.298385335Z;0;cpu_core;80;local_machine;;cpu_state=guest_nice
kernel_cpu_time_ms;2026-03-25T00:42:14.298385335Z;0;cpu_core;81;local_machine;;cpu_state=user
kernel_cpu_time_ms;2026-03-25T00:42:14.298385335Z;0;cpu_core;81;local_machine;;cpu_state=nice
kernel_cpu_time_ms;2026-03-25T00:42:14.298385335Z;0;cpu_core;81;local_machine;;cpu_state=system
kernel_cpu_time_ms;2026-03-25T00:42:14.298385335Z;500;cpu_core;81;local_machine;;cpu_state=idle
kernel_cpu_time_ms;2026-03-25T00:42:14.298385335Z;0;cpu_core;81;local_machine;;cpu_state=irq
kernel_cpu_time_ms;2026-03-25T00:42:14.298385335Z;0;cpu_core;81;local_machine;;cpu_state=softirq
kernel_cpu_time_ms;2026-03-25T00:42:14.298385335Z;0;cpu_core;81;local_machine;;cpu_state=steal
kernel_cpu_time_ms;2026-03-25T00:42:14.298385335Z;0;cpu_core;81;local_machine;;cpu_state=guest
kernel_cpu_time_ms;2026-03-25T00:42:14.298385335Z;0;cpu_core;81;local_machine;;cpu_state=guest_nice
kernel_cpu_time_ms;2026-03-25T00:42:14.298385335Z;20;cpu_core;82;local_machine;;cpu_state=user
kernel_cpu_time_ms;2026-03-25T00:42:14.298385335Z;0;cpu_core;82;local_machine;;cpu_state=nice
kernel_cpu_time_ms;2026-03-25T00:42:14.298385335Z;0;cpu_core;82;local_machine;;cpu_state=system
kernel_cpu_time_ms;2026-03-25T00:42:14.298385335Z;470;cpu_core;82;local_machine;;cpu_state=idle
kernel_cpu_time_ms;2026-03-25T00:42:14.298385335Z;0;cpu_core;82;local_machine;;cpu_state=irq
kernel_cpu_time_ms;2026-03-25T00:42:14.298385335Z;0;cpu_core;82;local_machine;;cpu_state=softirq
kernel_cpu_time_ms;2026-03-25T00:42:14.298385335Z;0;cpu_core;82;local_machine;;cpu_state=steal
kernel_cpu_time_ms;2026-03-25T00:42:14.298385335Z;0;cpu_core;82;local_machine;;cpu_state=guest
kernel_cpu_time_ms;2026-03-25T00:42:14.298385335Z;0;cpu_core;82;local_machine;;cpu_state=guest_nice
kernel_cpu_time_ms;2026-03-25T00:42:14.298385335Z;0;cpu_core;83;local_machine;;cpu_state=user
kernel_cpu_time_ms;2026-03-25T00:42:14.298385335Z;0;cpu_core;83;local_machine;;cpu_state=nice
kernel_cpu_time_ms;2026-03-25T00:42:14.298385335Z;0;cpu_core;83;local_machine;;cpu_state=system
kernel_cpu_time_ms;2026-03-25T00:42:14.298385335Z;500;cpu_core;83;local_machine;;cpu_state=idle
kernel_cpu_time_ms;2026-03-25T00:42:14.298385335Z;0;cpu_core;83;local_machine;;cpu_state=irq
kernel_cpu_time_ms;2026-03-25T00:42:14.298385335Z;0;cpu_core;83;local_machine;;cpu_state=softirq
kernel_cpu_time_ms;2026-03-25T00:42:14.298385335Z;0;cpu_core;83;local_machine;;cpu_state=steal
kernel_cpu_time_ms;2026-03-25T00:42:14.298385335Z;0;cpu_core;83;local_machine;;cpu_state=guest
kernel_cpu_time_ms;2026-03-25T00:42:14.298385335Z;0;cpu_core;83;local_machine;;cpu_state=guest_nice
kernel_cpu_time_ms;2026-03-25T00:42:14.298385335Z;420;cpu_core;84;local_machine;;cpu_state=user
kernel_cpu_time_ms;2026-03-25T00:42:14.298385335Z;0;cpu_core;84;local_machine;;cpu_state=nice
kernel_cpu_time_ms;2026-03-25T00:42:14.298385335Z;80;cpu_core;84;local_machine;;cpu_state=system
kernel_cpu_time_ms;2026-03-25T00:42:14.298385335Z;0;cpu_core;84;local_machine;;cpu_state=idle
kernel_cpu_time_ms;2026-03-25T00:42:14.298385335Z;0;cpu_core;84;local_machine;;cpu_state=irq
kernel_cpu_time_ms;2026-03-25T00:42:14.298385335Z;0;cpu_core;84;local_machine;;cpu_state=softirq
kernel_cpu_time_ms;2026-03-25T00:42:14.298385335Z;0;cpu_core;84;local_machine;;cpu_state=steal
kernel_cpu_time_ms;2026-03-25T00:42:14.298385335Z;0;cpu_core;84;local_machine;;cpu_state=guest
kernel_cpu_time_ms;2026-03-25T00:42:14.298385335Z;0;cpu_core;84;local_machine;;cpu_state=guest_nice
kernel_cpu_time_ms;2026-03-25T00:42:14.298385335Z;0;cpu_core;85;local_machine;;cpu_state=user
kernel_cpu_time_ms;2026-03-25T00:42:14.298385335Z;0;cpu_core;85;local_machine;;cpu_state=nice
kernel_cpu_time_ms;2026-03-25T00:42:14.298385335Z;0;cpu_core;85;local_machine;;cpu_state=system
kernel_cpu_time_ms;2026-03-25T00:42:14.298385335Z;500;cpu_core;85;local_machine;;cpu_state=idle
kernel_cpu_time_ms;2026-03-25T00:42:14.298385335Z;0;cpu_core;85;local_machine;;cpu_state=irq
kernel_cpu_time_ms;2026-03-25T00:42:14.298385335Z;0;cpu_core;85;local_machine;;cpu_state=softirq
kernel_cpu_time_ms;2026-03-25T00:42:14.298385335Z;0;cpu_core;85;local_machine;;cpu_state=steal
kernel_cpu_time_ms;2026-03-25T00:42:14.298385335Z;0;cpu_core;85;local_machine;;cpu_state=guest
kernel_cpu_time_ms;2026-03-25T00:42:14.298385335Z;0;cpu_core;85;local_machine;;cpu_state=guest_nice
kernel_cpu_time_ms;2026-03-25T00:42:14.298385335Z;0;cpu_core;86;local_machine;;cpu_state=user
kernel_cpu_time_ms;2026-03-25T00:42:14.298385335Z;0;cpu_core;86;local_machine;;cpu_state=nice
kernel_cpu_time_ms;2026-03-25T00:42:14.298385335Z;0;cpu_core;86;local_machine;;cpu_state=system
kernel_cpu_time_ms;2026-03-25T00:42:14.298385335Z;500;cpu_core;86;local_machine;;cpu_state=idle
kernel_cpu_time_ms;2026-03-25T00:42:14.298385335Z;0;cpu_core;86;local_machine;;cpu_state=irq
kernel_cpu_time_ms;2026-03-25T00:42:14.298385335Z;0;cpu_core;86;local_machine;;cpu_state=softirq
kernel_cpu_time_ms;2026-03-25T00:42:14.298385335Z;0;cpu_core;86;local_machine;;cpu_state=steal
kernel_cpu_time_ms;2026-03-25T00:42:14.298385335Z;0;cpu_core;86;local_machine;;cpu_state=guest
kernel_cpu_time_ms;2026-03-25T00:42:14.298385335Z;0;cpu_core;86;local_machine;;cpu_state=guest_nice
kernel_cpu_time_ms;2026-03-25T00:42:14.298385335Z;0;cpu_core;87;local_machine;;cpu_state=user
kernel_cpu_time_ms;2026-03-25T00:42:14.298385335Z;0;cpu_core;87;local_machine;;cpu_state=nice
kernel_cpu_time_ms;2026-03-25T00:42:14.298385335Z;0;cpu_core;87;local_machine;;cpu_state=system
kernel_cpu_time_ms;2026-03-25T00:42:14.298385335Z;490;cpu_core;87;local_machine;;cpu_state=idle
kernel_cpu_time_ms;2026-03-25T00:42:14.298385335Z;0;cpu_core;87;local_machine;;cpu_state=irq
kernel_cpu_time_ms;2026-03-25T00:42:14.298385335Z;0;cpu_core;87;local_machine;;cpu_state=softirq
kernel_cpu_time_ms;2026-03-25T00:42:14.298385335Z;0;cpu_core;87;local_machine;;cpu_state=steal
kernel_cpu_time_ms;2026-03-25T00:42:14.298385335Z;0;cpu_core;87;local_machine;;cpu_state=guest
kernel_cpu_time_ms;2026-03-25T00:42:14.298385335Z;0;cpu_core;87;local_machine;;cpu_state=guest_nice
kernel_cpu_time_ms;2026-03-25T00:42:14.298385335Z;0;cpu_core;88;local_machine;;cpu_state=user
kernel_cpu_time_ms;2026-03-25T00:42:14.298385335Z;0;cpu_core;88;local_machine;;cpu_state=nice
kernel_cpu_time_ms;2026-03-25T00:42:14.298385335Z;0;cpu_core;88;local_machine;;cpu_state=system
kernel_cpu_time_ms;2026-03-25T00:42:14.298385335Z;500;cpu_core;88;local_machine;;cpu_state=idle
kernel_cpu_time_ms;2026-03-25T00:42:14.298385335Z;0;cpu_core;88;local_machine;;cpu_state=irq
kernel_cpu_time_ms;2026-03-25T00:42:14.298385335Z;0;cpu_core;88;local_machine;;cpu_state=softirq
kernel_cpu_time_ms;2026-03-25T00:42:14.298385335Z;0;cpu_core;88;local_machine;;cpu_state=steal
kernel_cpu_time_ms;2026-03-25T00:42:14.298385335Z;0;cpu_core;88;local_machine;;cpu_state=guest
kernel_cpu_time_ms;2026-03-25T00:42:14.298385335Z;0;cpu_core;88;local_machine;;cpu_state=guest_nice
kernel_cpu_time_ms;2026-03-25T00:42:14.298385335Z;0;cpu_core;89;local_machine;;cpu_state=user
kernel_cpu_time_ms;2026-03-25T00:42:14.298385335Z;0;cpu_core;89;local_machine;;cpu_state=nice
kernel_cpu_time_ms;2026-03-25T00:42:14.298385335Z;0;cpu_core;89;local_machine;;cpu_state=system
kernel_cpu_time_ms;2026-03-25T00:42:14.298385335Z;500;cpu_core;89;local_machine;;cpu_state=idle
kernel_cpu_time_ms;2026-03-25T00:42:14.298385335Z;0;cpu_core;89;local_machine;;cpu_state=irq
kernel_cpu_time_ms;2026-03-25T00:42:14.298385335Z;0;cpu_core;89;local_machine;;cpu_state=softirq
kernel_cpu_time_ms;2026-03-25T00:42:14.298385335Z;0;cpu_core;89;local_machine;;cpu_state=steal
kernel_cpu_time_ms;2026-03-25T00:42:14.298385335Z;0;cpu_core;89;local_machine;;cpu_state=guest
kernel_cpu_time_ms;2026-03-25T00:42:14.298385335Z;0;cpu_core;89;local_machine;;cpu_state=guest_nice
kernel_cpu_time_ms;2026-03-25T00:42:14.298385335Z;0;cpu_core;90;local_machine;;cpu_state=user
kernel_cpu_time_ms;2026-03-25T00:42:14.298385335Z;0;cpu_core;90;local_machine;;cpu_state=nice
kernel_cpu_time_ms;2026-03-25T00:42:14.298385335Z;0;cpu_core;90;local_machine;;cpu_state=system
kernel_cpu_time_ms;2026-03-25T00:42:14.298385335Z;500;cpu_core;90;local_machine;;cpu_state=idle
kernel_cpu_time_ms;2026-03-25T00:42:14.298385335Z;0;cpu_core;90;local_machine;;cpu_state=irq
kernel_cpu_time_ms;2026-03-25T00:42:14.298385335Z;0;cpu_core;90;local_machine;;cpu_state=softirq
kernel_cpu_time_ms;2026-03-25T00:42:14.298385335Z;0;cpu_core;90;local_machine;;cpu_state=steal
kernel_cpu_time_ms;2026-03-25T00:42:14.298385335Z;0;cpu_core;90;local_machine;;cpu_state=guest
kernel_cpu_time_ms;2026-03-25T00:42:14.298385335Z;0;cpu_core;90;local_machine;;cpu_state=guest_nice
kernel_cpu_time_ms;2026-03-25T00:42:14.298385335Z;0;cpu_core;91;local_machine;;cpu_state=user
kernel_cpu_time_ms;2026-03-25T00:42:14.298385335Z;0;cpu_core;91;local_machine;;cpu_state=nice
kernel_cpu_time_ms;2026-03-25T00:42:14.298385335Z;0;cpu_core;91;local_machine;;cpu_state=system
kernel_cpu_time_ms;2026-03-25T00:42:14.298385335Z;500;cpu_core;91;local_machine;;cpu_state=idle
kernel_cpu_time_ms;2026-03-25T00:42:14.298385335Z;0;cpu_core;91;local_machine;;cpu_state=irq
kernel_cpu_time_ms;2026-03-25T00:42:14.298385335Z;0;cpu_core;91;local_machine;;cpu_state=softirq
kernel_cpu_time_ms;2026-03-25T00:42:14.298385335Z;0;cpu_core;91;local_machine;;cpu_state=steal
kernel_cpu_time_ms;2026-03-25T00:42:14.298385335Z;0;cpu_core;91;local_machine;;cpu_state=guest
kernel_cpu_time_ms;2026-03-25T00:42:14.298385335Z;0;cpu_core;91;local_machine;;cpu_state=guest_nice
kernel_cpu_time_ms;2026-03-25T00:42:14.298385335Z;0;cpu_core;92;local_machine;;cpu_state=user
kernel_cpu_time_ms;2026-03-25T00:42:14.298385335Z;0;cpu_core;92;local_machine;;cpu_state=nice
kernel_cpu_time_ms;2026-03-25T00:42:14.298385335Z;0;cpu_core;92;local_machine;;cpu_state=system
kernel_cpu_time_ms;2026-03-25T00:42:14.298385335Z;500;cpu_core;92;local_machine;;cpu_state=idle
kernel_cpu_time_ms;2026-03-25T00:42:14.298385335Z;0;cpu_core;92;local_machine;;cpu_state=irq
kernel_cpu_time_ms;2026-03-25T00:42:14.298385335Z;0;cpu_core;92;local_machine;;cpu_state=softirq
kernel_cpu_time_ms;2026-03-25T00:42:14.298385335Z;0;cpu_core;92;local_machine;;cpu_state=steal
kernel_cpu_time_ms;2026-03-25T00:42:14.298385335Z;0;cpu_core;92;local_machine;;cpu_state=guest
kernel_cpu_time_ms;2026-03-25T00:42:14.298385335Z;0;cpu_core;92;local_machine;;cpu_state=guest_nice
kernel_cpu_time_ms;2026-03-25T00:42:14.298385335Z;0;cpu_core;93;local_machine;;cpu_state=user
kernel_cpu_time_ms;2026-03-25T00:42:14.298385335Z;0;cpu_core;93;local_machine;;cpu_state=nice
kernel_cpu_time_ms;2026-03-25T00:42:14.298385335Z;0;cpu_core;93;local_machine;;cpu_state=system
kernel_cpu_time_ms;2026-03-25T00:42:14.298385335Z;500;cpu_core;93;local_machine;;cpu_state=idle
kernel_cpu_time_ms;2026-03-25T00:42:14.298385335Z;0;cpu_core;93;local_machine;;cpu_state=irq
kernel_cpu_time_ms;2026-03-25T00:42:14.298385335Z;0;cpu_core;93;local_machine;;cpu_state=softirq
kernel_cpu_time_ms;2026-03-25T00:42:14.298385335Z;0;cpu_core;93;local_machine;;cpu_state=steal
kernel_cpu_time_ms;2026-03-25T00:42:14.298385335Z;0;cpu_core;93;local_machine;;cpu_state=guest
kernel_cpu_time_ms;2026-03-25T00:42:14.298385335Z;0;cpu_core;93;local_machine;;cpu_state=guest_nice
kernel_cpu_time_ms;2026-03-25T00:42:14.298385335Z;0;cpu_core;94;local_machine;;cpu_state=user
kernel_cpu_time_ms;2026-03-25T00:42:14.298385335Z;0;cpu_core;94;local_machine;;cpu_state=nice
kernel_cpu_time_ms;2026-03-25T00:42:14.298385335Z;0;cpu_core;94;local_machine;;cpu_state=system
kernel_cpu_time_ms;2026-03-25T00:42:14.298385335Z;500;cpu_core;94;local_machine;;cpu_state=idle
kernel_cpu_time_ms;2026-03-25T00:42:14.298385335Z;0;cpu_core;94;local_machine;;cpu_state=irq
kernel_cpu_time_ms;2026-03-25T00:42:14.298385335Z;0;cpu_core;94;local_machine;;cpu_state=softirq
kernel_cpu_time_ms;2026-03-25T00:42:14.298385335Z;0;cpu_core;94;local_machine;;cpu_state=steal
kernel_cpu_time_ms;2026-03-25T00:42:14.298385335Z;0;cpu_core;94;local_machine;;cpu_state=guest
kernel_cpu_time_ms;2026-03-25T00:42:14.298385335Z;0;cpu_core;94;local_machine;;cpu_state=guest_nice
kernel_cpu_time_ms;2026-03-25T00:42:14.298385335Z;0;cpu_core;95;local_machine;;cpu_state=user
kernel_cpu_time_ms;2026-03-25T00:42:14.298385335Z;0;cpu_core;95;local_machine;;cpu_state=nice
kernel_cpu_time_ms;2026-03-25T00:42:14.298385335Z;0;cpu_core;95;local_machine;;cpu_state=system
kernel_cpu_time_ms;2026-03-25T00:42:14.298385335Z;500;cpu_core;95;local_machine;;cpu_state=idle
kernel_cpu_time_ms;2026-03-25T00:42:14.298385335Z;0;cpu_core;95;local_machine;;cpu_state=irq
kernel_cpu_time_ms;2026-03-25T00:42:14.298385335Z;0;cpu_core;95;local_machine;;cpu_state=softirq
kernel_cpu_time_ms;2026-03-25T00:42:14.298385335Z;0;cpu_core;95;local_machine;;cpu_state=steal
kernel_cpu_time_ms;2026-03-25T00:42:14.298385335Z;0;cpu_core;95;local_machine;;cpu_state=guest
kernel_cpu_time_ms;2026-03-25T00:42:14.298385335Z;0;cpu_core;95;local_machine;;cpu_state=guest_nice
kernel_context_switches;2026-03-25T00:42:14.298385335Z;1177;local_machine;;local_machine;;
kernel_new_forks;2026-03-25T00:42:14.298385335Z;3;local_machine;;local_machine;;
kernel_n_procs_running;2026-03-25T00:42:14.298385335Z;8;local_machine;;local_machine;;
kernel_n_procs_blocked;2026-03-25T00:42:14.298385335Z;0;local_machine;;local_machine;;
perf_hardware_CPU_CYCLES;2026-03-25T00:42:13.823688519Z;705608;local_machine;;process;900625;
perf_hardware_INSTRUCTIONS;2026-03-25T00:42:13.823688519Z;979777;local_machine;;process;900625;
perf_hardware_CACHE_REFERENCES;2026-03-25T00:42:13.823688519Z;6952;local_machine;;process;900625;
perf_hardware_CACHE_MISSES;2026-03-25T00:42:13.823688519Z;51;local_machine;;process;900625;
perf_hardware_BRANCH_INSTRUCTIONS;2026-03-25T00:42:13.823688519Z;197118;local_machine;;process;900625;
perf_hardware_BRANCH_MISSES;2026-03-25T00:42:13.823688519Z;10197;local_machine;;process;900625;
perf_hardware_BUS_CYCLES;2026-03-25T00:42:13.823688519Z;684480;local_machine;;process;900625;
perf_hardware_REF_CPU_CYCLES;2026-03-25T00:42:13.823688519Z;681352;local_machine;;process;900625;
perf_software_PAGE_FAULTS;2026-03-25T00:42:13.823688519Z;12;local_machine;;process;900625;
perf_software_CONTEXT_SWITCHES;2026-03-25T00:42:13.823688519Z;0;local_machine;;process;900625;
perf_software_CPU_MIGRATIONS;2026-03-25T00:42:13.823688519Z;0;local_machine;;process;900625;
perf_software_PAGE_FAULTS_MIN;2026-03-25T00:42:13.823688519Z;12;local_machine;;process;900625;
perf_software_PAGE_FAULTS_MAJ;2026-03-25T00:42:13.823688519Z;0;local_machine;;process;900625;
perf_software_ALIGNMENT_FAULTS;2026-03-25T00:42:13.823688519Z;0;local_machine;;process;900625;
perf_software_EMULATION_FAULTS;2026-03-25T00:42:13.823688519Z;0;local_machine;;process;900625;
perf_software_CGROUP_SWITCHES;2026-03-25T00:42:13.823688519Z;0;local_machine;;process;900625;
perf_hardware_CPU_CYCLES;2026-03-25T00:42:14.323774013Z;948546824;local_machine;;process;900625;
perf_hardware_INSTRUCTIONS;2026-03-25T00:42:14.323774013Z;2378516258;local_machine;;process;900625;
perf_hardware_CACHE_REFERENCES;2026-03-25T00:42:14.323774013Z;4254817;local_machine;;process;900625;
perf_hardware_CACHE_MISSES;2026-03-25T00:42:14.323774013Z;1231996;local_machine;;process;900625;
perf_hardware_BRANCH_INSTRUCTIONS;2026-03-25T00:42:14.323774013Z;539594919;local_machine;;process;900625;
perf_hardware_BRANCH_MISSES;2026-03-25T00:42:14.323774013Z;3527292;local_machine;;process;900625;
perf_hardware_BUS_CYCLES;2026-03-25T00:42:14.323774013Z;952674812;local_machine;;process;900625;
perf_hardware_REF_CPU_CYCLES;2026-03-25T00:42:14.323774013Z;952668648;local_machine;;process;900625;
perf_software_PAGE_FAULTS;2026-03-25T00:42:14.323774013Z;36763;local_machine;;process;900625;
perf_software_CONTEXT_SWITCHES;2026-03-25T00:42:14.323774013Z;0;local_machine;;process;900625;
perf_software_CPU_MIGRATIONS;2026-03-25T00:42:14.323774013Z;0;local_machine;;process;900625;
perf_software_PAGE_FAULTS_MIN;2026-03-25T00:42:14.323774013Z;36763;local_machine;;process;900625;
perf_software_PAGE_FAULTS_MAJ;2026-03-25T00:42:14.323774013Z;0;local_machine;;process;900625;
perf_software_ALIGNMENT_FAULTS;2026-03-25T00:42:14.323774013Z;0;local_machine;;process;900625;
perf_software_EMULATION_FAULTS;2026-03-25T00:42:14.323774013Z;0;local_machine;;process;900625;
perf_software_CGROUP_SWITCHES;2026-03-25T00:42:14.323774013Z;0;local_machine;;process;900625;
rapl_consumed_energy_J;2026-03-25T00:42:14.298257907Z;10.17840576171875;dram;0;local_machine;;domain=dram
rapl_consumed_energy_J;2026-03-25T00:42:14.298257907Z;9.9873046875;dram;1;local_machine;;domain=dram
rapl_consumed_energy_J;2026-03-25T00:42:14.298257907Z;296;local_machine;;local_machine;;domain=platform
rapl_consumed_energy_J;2026-03-25T00:42:14.298257907Z;0;local_machine;;local_machine;;domain=platform
rapl_consumed_energy_J;2026-03-25T00:42:14.298257907Z;81.48565673828125;cpu_package;0;local_machine;;domain=package
rapl_consumed_energy_J;2026-03-25T00:42:14.298257907Z;74.0980224609375;cpu_package;1;local_machine;;domain=package
rapl_consumed_energy_J;2026-03-25T00:42:14.298257907Z;155.58367919921875;local_machine;;local_machine;;domain=package_total
rapl_consumed_energy_J;2026-03-25T00:42:14.298257907Z;20.16571044921875;local_machine;;local_machine;;domain=dram_total
rapl_consumed_energy_J;2026-03-25T00:42:14.298257907Z;296;local_machine;;local_machine;;domain=platform_total
rapl_consumed_energy_J;2026-03-25T00:42:14.79815752Z;9.90667724609375;dram;0;local_machine;;domain=dram
rapl_consumed_energy_J;2026-03-25T00:42:14.79815752Z;10.02093505859375;dram;1;local_machine;;domain=dram
rapl_consumed_energy_J;2026-03-25T00:42:14.79815752Z;296;local_machine;;local_machine;;domain=platform
rapl_consumed_energy_J;2026-03-25T00:42:14.79815752Z;0;local_machine;;local_machine;;domain=platform
rapl_consumed_energy_J;2026-03-25T00:42:14.79815752Z;79.98382568359375;cpu_package;0;local_machine;;domain=package
rapl_consumed_energy_J;2026-03-25T00:42:14.79815752Z;75.5906982421875;cpu_package;1;local_machine;;domain=package
rapl_consumed_energy_J;2026-03-25T00:42:14.79815752Z;155.57452392578125;local_machine;;local_machine;;domain=package_total
rapl_consumed_energy_J;2026-03-25T00:42:14.79815752Z;19.9276123046875;local_machine;;local_machine;;domain=dram_total
rapl_consumed_energy_J;2026-03-25T00:42:14.79815752Z;296;local_machine;;local_machine;;domain=platform_total
mem_total_kB;2026-03-25T00:42:14.798316549Z;1081669578752;local_machine;;local_machine;;
mem_free_kB;2026-03-25T00:42:14.798316549Z;1027152723968;local_machine;;local_machine;;
mem_available_kB;2026-03-25T00:42:14.798316549Z;1063626317824;local_machine;;local_machine;;
cached_kB;2026-03-25T00:42:14.798316549Z;33521197056;local_machine;;local_machine;;
swap_cached_kB;2026-03-25T00:42:14.798316549Z;0;local_machine;;local_machine;;
active_kB;2026-03-25T00:42:14.798316549Z;7529910272;local_machine;;local_machine;;
inactive_kB;2026-03-25T00:42:14.798316549Z;34537336832;local_machine;;local_machine;;
mapped_kB;2026-03-25T00:42:14.798316549Z;639692800;local_machine;;local_machine;;
cpu_time_delta_ns;2026-03-25T00:42:14.299218123Z;420000000;local_machine;;process;900625;kind=user
cpu_time_delta_ns;2026-03-25T00:42:14.299218123Z;70000000;local_machine;;process;900625;kind=system
cpu_time_delta_ns;2026-03-25T00:42:14.299218123Z;0;local_machine;;process;900625;kind=guest
cpu_percent_%;2026-03-25T00:42:14.299218123Z;83.99182070851576;local_machine;;process;900625;kind=user
cpu_percent_%;2026-03-25T00:42:14.299218123Z;83.99182070851576;local_machine;;process;900625;kind=system
cpu_percent_%;2026-03-25T00:42:14.299218123Z;97.9904574932684;local_machine;;process;900625;kind=total
memory_usage_B;2026-03-25T00:42:14.299218123Z;296247296;local_machine;;process;900625;kind=resident
memory_usage_B;2026-03-25T00:42:14.299218123Z;153194496;local_machine;;process;900625;kind=shared
memory_usage_B;2026-03-25T00:42:14.299218123Z;3311796224;local_machine;;process;900625;kind=virtual
cpu_time_delta_ns;2026-03-25T00:42:14.799219856Z;420000000;local_machine;;process;900625;kind=user
cpu_time_delta_ns;2026-03-25T00:42:14.799219856Z;70000000;local_machine;;process;900625;kind=system
cpu_time_delta_ns;2026-03-25T00:42:14.799219856Z;0;local_machine;;process;900625;kind=guest
cpu_percent_%;2026-03-25T00:42:14.799219856Z;83.9997088570091;local_machine;;process;900625;kind=user
cpu_percent_%;2026-03-25T00:42:14.799219856Z;83.9997088570091;local_machine;;process;900625;kind=system
cpu_percent_%;2026-03-25T00:42:14.799219856Z;97.99966033317729;local_machine;;process;900625;kind=total
memory_usage_B;2026-03-25T00:42:14.799219856Z;374075392;local_machine;;process;900625;kind=resident
memory_usage_B;2026-03-25T00:42:14.799219856Z;175562752;local_machine;;process;900625;kind=shared
memory_usage_B;2026-03-25T00:42:14.799219856Z;3471249408;local_machine;;process;900625;kind=virtual
attributed_energy_cpu_J;2026-03-25T00:42:14.298257907Z;152.16440393441593;local_machine;;process;900625;domain=package_total,kind=total
attributed_energy_cpu_J;2026-03-25T00:42:14.79815752Z;152.4624745928167;local_machine;;process;900625;domain=package_total,kind=total
kernel_cpu_time_ms;2026-03-25T00:42:14.798393351Z;730;local_machine;;local_machine;;cpu_state=user
kernel_cpu_time_ms;2026-03-25T00:42:14.798393351Z;0;local_machine;;local_machine;;cpu_state=nice
kernel_cpu_time_ms;2026-03-25T00:42:14.798393351Z;400;local_machine;;local_machine;;cpu_state=system
kernel_cpu_time_ms;2026-03-25T00:42:14.798393351Z;46850;local_machine;;local_machine;;cpu_state=idle
kernel_cpu_time_ms;2026-03-25T00:42:14.798393351Z;0;local_machine;;local_machine;;cpu_state=irq
kernel_cpu_time_ms;2026-03-25T00:42:14.798393351Z;0;local_machine;;local_machine;;cpu_state=softirq
kernel_cpu_time_ms;2026-03-25T00:42:14.798393351Z;0;local_machine;;local_machine;;cpu_state=steal
kernel_cpu_time_ms;2026-03-25T00:42:14.798393351Z;0;local_machine;;local_machine;;cpu_state=guest
kernel_cpu_time_ms;2026-03-25T00:42:14.798393351Z;0;local_machine;;local_machine;;cpu_state=guest_nice
kernel_cpu_time_ms;2026-03-25T00:42:14.798393351Z;10;cpu_core;0;local_machine;;cpu_state=user
kernel_cpu_time_ms;2026-03-25T00:42:14.798393351Z;0;cpu_core;0;local_machine;;cpu_state=nice
kernel_cpu_time_ms;2026-03-25T00:42:14.798393351Z;20;cpu_core;0;local_machine;;cpu_state=system
kernel_cpu_time_ms;2026-03-25T00:42:14.798393351Z;470;cpu_core;0;local_machine;;cpu_state=idle
kernel_cpu_time_ms;2026-03-25T00:42:14.798393351Z;0;cpu_core;0;local_machine;;cpu_state=irq
kernel_cpu_time_ms;2026-03-25T00:42:14.798393351Z;0;cpu_core;0;local_machine;;cpu_state=softirq
kernel_cpu_time_ms;2026-03-25T00:42:14.798393351Z;0;cpu_core;0;local_machine;;cpu_state=steal
kernel_cpu_time_ms;2026-03-25T00:42:14.798393351Z;0;cpu_core;0;local_machine;;cpu_state=guest
kernel_cpu_time_ms;2026-03-25T00:42:14.798393351Z;0;cpu_core;0;local_machine;;cpu_state=guest_nice
kernel_cpu_time_ms;2026-03-25T00:42:14.798393351Z;0;cpu_core;1;local_machine;;cpu_state=user
kernel_cpu_time_ms;2026-03-25T00:42:14.798393351Z;0;cpu_core;1;local_machine;;cpu_state=nice
kernel_cpu_time_ms;2026-03-25T00:42:14.798393351Z;0;cpu_core;1;local_machine;;cpu_state=system
kernel_cpu_time_ms;2026-03-25T00:42:14.798393351Z;500;cpu_core;1;local_machine;;cpu_state=idle
kernel_cpu_time_ms;2026-03-25T00:42:14.798393351Z;0;cpu_core;1;local_machine;;cpu_state=irq
kernel_cpu_time_ms;2026-03-25T00:42:14.798393351Z;0;cpu_core;1;local_machine;;cpu_state=softirq
kernel_cpu_time_ms;2026-03-25T00:42:14.798393351Z;0;cpu_core;1;local_machine;;cpu_state=steal
kernel_cpu_time_ms;2026-03-25T00:42:14.798393351Z;0;cpu_core;1;local_machine;;cpu_state=guest
kernel_cpu_time_ms;2026-03-25T00:42:14.798393351Z;0;cpu_core;1;local_machine;;cpu_state=guest_nice
kernel_cpu_time_ms;2026-03-25T00:42:14.798393351Z;0;cpu_core;2;local_machine;;cpu_state=user
kernel_cpu_time_ms;2026-03-25T00:42:14.798393351Z;0;cpu_core;2;local_machine;;cpu_state=nice
kernel_cpu_time_ms;2026-03-25T00:42:14.798393351Z;0;cpu_core;2;local_machine;;cpu_state=system
kernel_cpu_time_ms;2026-03-25T00:42:14.798393351Z;500;cpu_core;2;local_machine;;cpu_state=idle
kernel_cpu_time_ms;2026-03-25T00:42:14.798393351Z;0;cpu_core;2;local_machine;;cpu_state=irq
kernel_cpu_time_ms;2026-03-25T00:42:14.798393351Z;0;cpu_core;2;local_machine;;cpu_state=softirq
kernel_cpu_time_ms;2026-03-25T00:42:14.798393351Z;0;cpu_core;2;local_machine;;cpu_state=steal
kernel_cpu_time_ms;2026-03-25T00:42:14.798393351Z;0;cpu_core;2;local_machine;;cpu_state=guest
kernel_cpu_time_ms;2026-03-25T00:42:14.798393351Z;0;cpu_core;2;local_machine;;cpu_state=guest_nice
kernel_cpu_time_ms;2026-03-25T00:42:14.798393351Z;0;cpu_core;3;local_machine;;cpu_state=user
kernel_cpu_time_ms;2026-03-25T00:42:14.798393351Z;0;cpu_core;3;local_machine;;cpu_state=nice
kernel_cpu_time_ms;2026-03-25T00:42:14.798393351Z;0;cpu_core;3;local_machine;;cpu_state=system
kernel_cpu_time_ms;2026-03-25T00:42:14.798393351Z;500;cpu_core;3;local_machine;;cpu_state=idle
kernel_cpu_time_ms;2026-03-25T00:42:14.798393351Z;0;cpu_core;3;local_machine;;cpu_state=irq
kernel_cpu_time_ms;2026-03-25T00:42:14.798393351Z;0;cpu_core;3;local_machine;;cpu_state=softirq
kernel_cpu_time_ms;2026-03-25T00:42:14.798393351Z;0;cpu_core;3;local_machine;;cpu_state=steal
kernel_cpu_time_ms;2026-03-25T00:42:14.798393351Z;0;cpu_core;3;local_machine;;cpu_state=guest
kernel_cpu_time_ms;2026-03-25T00:42:14.798393351Z;0;cpu_core;3;local_machine;;cpu_state=guest_nice
kernel_cpu_time_ms;2026-03-25T00:42:14.798393351Z;0;cpu_core;4;local_machine;;cpu_state=user
kernel_cpu_time_ms;2026-03-25T00:42:14.798393351Z;0;cpu_core;4;local_machine;;cpu_state=nice
kernel_cpu_time_ms;2026-03-25T00:42:14.798393351Z;0;cpu_core;4;local_machine;;cpu_state=system
kernel_cpu_time_ms;2026-03-25T00:42:14.798393351Z;500;cpu_core;4;local_machine;;cpu_state=idle
kernel_cpu_time_ms;2026-03-25T00:42:14.798393351Z;0;cpu_core;4;local_machine;;cpu_state=irq
kernel_cpu_time_ms;2026-03-25T00:42:14.798393351Z;0;cpu_core;4;local_machine;;cpu_state=softirq
kernel_cpu_time_ms;2026-03-25T00:42:14.798393351Z;0;cpu_core;4;local_machine;;cpu_state=steal
kernel_cpu_time_ms;2026-03-25T00:42:14.798393351Z;0;cpu_core;4;local_machine;;cpu_state=guest
kernel_cpu_time_ms;2026-03-25T00:42:14.798393351Z;0;cpu_core;4;local_machine;;cpu_state=guest_nice
kernel_cpu_time_ms;2026-03-25T00:42:14.798393351Z;0;cpu_core;5;local_machine;;cpu_state=user
kernel_cpu_time_ms;2026-03-25T00:42:14.798393351Z;0;cpu_core;5;local_machine;;cpu_state=nice
kernel_cpu_time_ms;2026-03-25T00:42:14.798393351Z;0;cpu_core;5;local_machine;;cpu_state=system
kernel_cpu_time_ms;2026-03-25T00:42:14.798393351Z;500;cpu_core;5;local_machine;;cpu_state=idle
kernel_cpu_time_ms;2026-03-25T00:42:14.798393351Z;0;cpu_core;5;local_machine;;cpu_state=irq
kernel_cpu_time_ms;2026-03-25T00:42:14.798393351Z;0;cpu_core;5;local_machine;;cpu_state=softirq
kernel_cpu_time_ms;2026-03-25T00:42:14.798393351Z;0;cpu_core;5;local_machine;;cpu_state=steal
kernel_cpu_time_ms;2026-03-25T00:42:14.798393351Z;0;cpu_core;5;local_machine;;cpu_state=guest
kernel_cpu_time_ms;2026-03-25T00:42:14.798393351Z;0;cpu_core;5;local_machine;;cpu_state=guest_nice
kernel_cpu_time_ms;2026-03-25T00:42:14.798393351Z;0;cpu_core;6;local_machine;;cpu_state=user
kernel_cpu_time_ms;2026-03-25T00:42:14.798393351Z;0;cpu_core;6;local_machine;;cpu_state=nice
kernel_cpu_time_ms;2026-03-25T00:42:14.798393351Z;10;cpu_core;6;local_machine;;cpu_state=system
kernel_cpu_time_ms;2026-03-25T00:42:14.798393351Z;490;cpu_core;6;local_machine;;cpu_state=idle
kernel_cpu_time_ms;2026-03-25T00:42:14.798393351Z;0;cpu_core;6;local_machine;;cpu_state=irq
kernel_cpu_time_ms;2026-03-25T00:42:14.798393351Z;0;cpu_core;6;local_machine;;cpu_state=softirq
kernel_cpu_time_ms;2026-03-25T00:42:14.798393351Z;0;cpu_core;6;local_machine;;cpu_state=steal
kernel_cpu_time_ms;2026-03-25T00:42:14.798393351Z;0;cpu_core;6;local_machine;;cpu_state=guest
kernel_cpu_time_ms;2026-03-25T00:42:14.798393351Z;0;cpu_core;6;local_machine;;cpu_state=guest_nice
kernel_cpu_time_ms;2026-03-25T00:42:14.798393351Z;0;cpu_core;7;local_machine;;cpu_state=user
kernel_cpu_time_ms;2026-03-25T00:42:14.798393351Z;0;cpu_core;7;local_machine;;cpu_state=nice
kernel_cpu_time_ms;2026-03-25T00:42:14.798393351Z;0;cpu_core;7;local_machine;;cpu_state=system
kernel_cpu_time_ms;2026-03-25T00:42:14.798393351Z;500;cpu_core;7;local_machine;;cpu_state=idle
kernel_cpu_time_ms;2026-03-25T00:42:14.798393351Z;0;cpu_core;7;local_machine;;cpu_state=irq
kernel_cpu_time_ms;2026-03-25T00:42:14.798393351Z;0;cpu_core;7;local_machine;;cpu_state=softirq
kernel_cpu_time_ms;2026-03-25T00:42:14.798393351Z;0;cpu_core;7;local_machine;;cpu_state=steal
kernel_cpu_time_ms;2026-03-25T00:42:14.798393351Z;0;cpu_core;7;local_machine;;cpu_state=guest
kernel_cpu_time_ms;2026-03-25T00:42:14.798393351Z;0;cpu_core;7;local_machine;;cpu_state=guest_nice
kernel_cpu_time_ms;2026-03-25T00:42:14.798393351Z;0;cpu_core;8;local_machine;;cpu_state=user
kernel_cpu_time_ms;2026-03-25T00:42:14.798393351Z;0;cpu_core;8;local_machine;;cpu_state=nice
kernel_cpu_time_ms;2026-03-25T00:42:14.798393351Z;0;cpu_core;8;local_machine;;cpu_state=system
kernel_cpu_time_ms;2026-03-25T00:42:14.798393351Z;500;cpu_core;8;local_machine;;cpu_state=idle
kernel_cpu_time_ms;2026-03-25T00:42:14.798393351Z;0;cpu_core;8;local_machine;;cpu_state=irq
kernel_cpu_time_ms;2026-03-25T00:42:14.798393351Z;0;cpu_core;8;local_machine;;cpu_state=softirq
kernel_cpu_time_ms;2026-03-25T00:42:14.798393351Z;0;cpu_core;8;local_machine;;cpu_state=steal
kernel_cpu_time_ms;2026-03-25T00:42:14.798393351Z;0;cpu_core;8;local_machine;;cpu_state=guest
kernel_cpu_time_ms;2026-03-25T00:42:14.798393351Z;0;cpu_core;8;local_machine;;cpu_state=guest_nice
kernel_cpu_time_ms;2026-03-25T00:42:14.798393351Z;0;cpu_core;9;local_machine;;cpu_state=user
kernel_cpu_time_ms;2026-03-25T00:42:14.798393351Z;0;cpu_core;9;local_machine;;cpu_state=nice
kernel_cpu_time_ms;2026-03-25T00:42:14.798393351Z;0;cpu_core;9;local_machine;;cpu_state=system
kernel_cpu_time_ms;2026-03-25T00:42:14.798393351Z;500;cpu_core;9;local_machine;;cpu_state=idle
kernel_cpu_time_ms;2026-03-25T00:42:14.798393351Z;0;cpu_core;9;local_machine;;cpu_state=irq
kernel_cpu_time_ms;2026-03-25T00:42:14.798393351Z;0;cpu_core;9;local_machine;;cpu_state=softirq
kernel_cpu_time_ms;2026-03-25T00:42:14.798393351Z;0;cpu_core;9;local_machine;;cpu_state=steal
kernel_cpu_time_ms;2026-03-25T00:42:14.798393351Z;0;cpu_core;9;local_machine;;cpu_state=guest
kernel_cpu_time_ms;2026-03-25T00:42:14.798393351Z;0;cpu_core;9;local_machine;;cpu_state=guest_nice
kernel_cpu_time_ms;2026-03-25T00:42:14.798393351Z;0;cpu_core;10;local_machine;;cpu_state=user
kernel_cpu_time_ms;2026-03-25T00:42:14.798393351Z;0;cpu_core;10;local_machine;;cpu_state=nice
kernel_cpu_time_ms;2026-03-25T00:42:14.798393351Z;0;cpu_core;10;local_machine;;cpu_state=system
kernel_cpu_time_ms;2026-03-25T00:42:14.798393351Z;490;cpu_core;10;local_machine;;cpu_state=idle
kernel_cpu_time_ms;2026-03-25T00:42:14.798393351Z;0;cpu_core;10;local_machine;;cpu_state=irq
kernel_cpu_time_ms;2026-03-25T00:42:14.798393351Z;0;cpu_core;10;local_machine;;cpu_state=softirq
kernel_cpu_time_ms;2026-03-25T00:42:14.798393351Z;0;cpu_core;10;local_machine;;cpu_state=steal
kernel_cpu_time_ms;2026-03-25T00:42:14.798393351Z;0;cpu_core;10;local_machine;;cpu_state=guest
kernel_cpu_time_ms;2026-03-25T00:42:14.798393351Z;0;cpu_core;10;local_machine;;cpu_state=guest_nice
kernel_cpu_time_ms;2026-03-25T00:42:14.798393351Z;0;cpu_core;11;local_machine;;cpu_state=user
kernel_cpu_time_ms;2026-03-25T00:42:14.798393351Z;0;cpu_core;11;local_machine;;cpu_state=nice
kernel_cpu_time_ms;2026-03-25T00:42:14.798393351Z;0;cpu_core;11;local_machine;;cpu_state=system
kernel_cpu_time_ms;2026-03-25T00:42:14.798393351Z;500;cpu_core;11;local_machine;;cpu_state=idle
kernel_cpu_time_ms;2026-03-25T00:42:14.798393351Z;0;cpu_core;11;local_machine;;cpu_state=irq
kernel_cpu_time_ms;2026-03-25T00:42:14.798393351Z;0;cpu_core;11;local_machine;;cpu_state=softirq
kernel_cpu_time_ms;2026-03-25T00:42:14.798393351Z;0;cpu_core;11;local_machine;;cpu_state=steal
kernel_cpu_time_ms;2026-03-25T00:42:14.798393351Z;0;cpu_core;11;local_machine;;cpu_state=guest
kernel_cpu_time_ms;2026-03-25T00:42:14.798393351Z;0;cpu_core;11;local_machine;;cpu_state=guest_nice
kernel_cpu_time_ms;2026-03-25T00:42:14.798393351Z;0;cpu_core;12;local_machine;;cpu_state=user
kernel_cpu_time_ms;2026-03-25T00:42:14.798393351Z;0;cpu_core;12;local_machine;;cpu_state=nice
kernel_cpu_time_ms;2026-03-25T00:42:14.798393351Z;10;cpu_core;12;local_machine;;cpu_state=system
kernel_cpu_time_ms;2026-03-25T00:42:14.798393351Z;490;cpu_core;12;local_machine;;cpu_state=idle
kernel_cpu_time_ms;2026-03-25T00:42:14.798393351Z;0;cpu_core;12;local_machine;;cpu_state=irq
kernel_cpu_time_ms;2026-03-25T00:42:14.798393351Z;0;cpu_core;12;local_machine;;cpu_state=softirq
kernel_cpu_time_ms;2026-03-25T00:42:14.798393351Z;0;cpu_core;12;local_machine;;cpu_state=steal
kernel_cpu_time_ms;2026-03-25T00:42:14.798393351Z;0;cpu_core;12;local_machine;;cpu_state=guest
kernel_cpu_time_ms;2026-03-25T00:42:14.798393351Z;0;cpu_core;12;local_machine;;cpu_state=guest_nice
kernel_cpu_time_ms;2026-03-25T00:42:14.798393351Z;0;cpu_core;13;local_machine;;cpu_state=user
kernel_cpu_time_ms;2026-03-25T00:42:14.798393351Z;0;cpu_core;13;local_machine;;cpu_state=nice
kernel_cpu_time_ms;2026-03-25T00:42:14.798393351Z;0;cpu_core;13;local_machine;;cpu_state=system
kernel_cpu_time_ms;2026-03-25T00:42:14.798393351Z;500;cpu_core;13;local_machine;;cpu_state=idle
kernel_cpu_time_ms;2026-03-25T00:42:14.798393351Z;0;cpu_core;13;local_machine;;cpu_state=irq
kernel_cpu_time_ms;2026-03-25T00:42:14.798393351Z;0;cpu_core;13;local_machine;;cpu_state=softirq
kernel_cpu_time_ms;2026-03-25T00:42:14.798393351Z;0;cpu_core;13;local_machine;;cpu_state=steal
kernel_cpu_time_ms;2026-03-25T00:42:14.798393351Z;0;cpu_core;13;local_machine;;cpu_state=guest
kernel_cpu_time_ms;2026-03-25T00:42:14.798393351Z;0;cpu_core;13;local_machine;;cpu_state=guest_nice
kernel_cpu_time_ms;2026-03-25T00:42:14.798393351Z;0;cpu_core;14;local_machine;;cpu_state=user
kernel_cpu_time_ms;2026-03-25T00:42:14.798393351Z;0;cpu_core;14;local_machine;;cpu_state=nice
kernel_cpu_time_ms;2026-03-25T00:42:14.798393351Z;0;cpu_core;14;local_machine;;cpu_state=system
kernel_cpu_time_ms;2026-03-25T00:42:14.798393351Z;490;cpu_core;14;local_machine;;cpu_state=idle
kernel_cpu_time_ms;2026-03-25T00:42:14.798393351Z;0;cpu_core;14;local_machine;;cpu_state=irq
kernel_cpu_time_ms;2026-03-25T00:42:14.798393351Z;0;cpu_core;14;local_machine;;cpu_state=softirq
kernel_cpu_time_ms;2026-03-25T00:42:14.798393351Z;0;cpu_core;14;local_machine;;cpu_state=steal
kernel_cpu_time_ms;2026-03-25T00:42:14.798393351Z;0;cpu_core;14;local_machine;;cpu_state=guest
kernel_cpu_time_ms;2026-03-25T00:42:14.798393351Z;0;cpu_core;14;local_machine;;cpu_state=guest_nice
kernel_cpu_time_ms;2026-03-25T00:42:14.798393351Z;0;cpu_core;15;local_machine;;cpu_state=user
kernel_cpu_time_ms;2026-03-25T00:42:14.798393351Z;0;cpu_core;15;local_machine;;cpu_state=nice
kernel_cpu_time_ms;2026-03-25T00:42:14.798393351Z;0;cpu_core;15;local_machine;;cpu_state=system
kernel_cpu_time_ms;2026-03-25T00:42:14.798393351Z;500;cpu_core;15;local_machine;;cpu_state=idle
kernel_cpu_time_ms;2026-03-25T00:42:14.798393351Z;0;cpu_core;15;local_machine;;cpu_state=irq
kernel_cpu_time_ms;2026-03-25T00:42:14.798393351Z;0;cpu_core;15;local_machine;;cpu_state=softirq
kernel_cpu_time_ms;2026-03-25T00:42:14.798393351Z;0;cpu_core;15;local_machine;;cpu_state=steal
kernel_cpu_time_ms;2026-03-25T00:42:14.798393351Z;0;cpu_core;15;local_machine;;cpu_state=guest
kernel_cpu_time_ms;2026-03-25T00:42:14.798393351Z;0;cpu_core;15;local_machine;;cpu_state=guest_nice
kernel_cpu_time_ms;2026-03-25T00:42:14.798393351Z;0;cpu_core;16;local_machine;;cpu_state=user
kernel_cpu_time_ms;2026-03-25T00:42:14.798393351Z;0;cpu_core;16;local_machine;;cpu_state=nice
kernel_cpu_time_ms;2026-03-25T00:42:14.798393351Z;0;cpu_core;16;local_machine;;cpu_state=system
kernel_cpu_time_ms;2026-03-25T00:42:14.798393351Z;490;cpu_core;16;local_machine;;cpu_state=idle
kernel_cpu_time_ms;2026-03-25T00:42:14.798393351Z;0;cpu_core;16;local_machine;;cpu_state=irq
kernel_cpu_time_ms;2026-03-25T00:42:14.798393351Z;0;cpu_core;16;local_machine;;cpu_state=softirq
kernel_cpu_time_ms;2026-03-25T00:42:14.798393351Z;0;cpu_core;16;local_machine;;cpu_state=steal
kernel_cpu_time_ms;2026-03-25T00:42:14.798393351Z;0;cpu_core;16;local_machine;;cpu_state=guest
kernel_cpu_time_ms;2026-03-25T00:42:14.798393351Z;0;cpu_core;16;local_machine;;cpu_state=guest_nice
kernel_cpu_time_ms;2026-03-25T00:42:14.798393351Z;0;cpu_core;17;local_machine;;cpu_state=user
kernel_cpu_time_ms;2026-03-25T00:42:14.798393351Z;0;cpu_core;17;local_machine;;cpu_state=nice
kernel_cpu_time_ms;2026-03-25T00:42:14.798393351Z;0;cpu_core;17;local_machine;;cpu_state=system
kernel_cpu_time_ms;2026-03-25T00:42:14.798393351Z;500;cpu_core;17;local_machine;;cpu_state=idle
kernel_cpu_time_ms;2026-03-25T00:42:14.798393351Z;0;cpu_core;17;local_machine;;cpu_state=irq
kernel_cpu_time_ms;2026-03-25T00:42:14.798393351Z;0;cpu_core;17;local_machine;;cpu_state=softirq
kernel_cpu_time_ms;2026-03-25T00:42:14.798393351Z;0;cpu_core;17;local_machine;;cpu_state=steal
kernel_cpu_time_ms;2026-03-25T00:42:14.798393351Z;0;cpu_core;17;local_machine;;cpu_state=guest
kernel_cpu_time_ms;2026-03-25T00:42:14.798393351Z;0;cpu_core;17;local_machine;;cpu_state=guest_nice
kernel_cpu_time_ms;2026-03-25T00:42:14.798393351Z;10;cpu_core;18;local_machine;;cpu_state=user
kernel_cpu_time_ms;2026-03-25T00:42:14.798393351Z;0;cpu_core;18;local_machine;;cpu_state=nice
kernel_cpu_time_ms;2026-03-25T00:42:14.798393351Z;30;cpu_core;18;local_machine;;cpu_state=system
kernel_cpu_time_ms;2026-03-25T00:42:14.798393351Z;460;cpu_core;18;local_machine;;cpu_state=idle
kernel_cpu_time_ms;2026-03-25T00:42:14.798393351Z;0;cpu_core;18;local_machine;;cpu_state=irq
kernel_cpu_time_ms;2026-03-25T00:42:14.798393351Z;0;cpu_core;18;local_machine;;cpu_state=softirq
kernel_cpu_time_ms;2026-03-25T00:42:14.798393351Z;0;cpu_core;18;local_machine;;cpu_state=steal
kernel_cpu_time_ms;2026-03-25T00:42:14.798393351Z;0;cpu_core;18;local_machine;;cpu_state=guest
kernel_cpu_time_ms;2026-03-25T00:42:14.798393351Z;0;cpu_core;18;local_machine;;cpu_state=guest_nice
kernel_cpu_time_ms;2026-03-25T00:42:14.798393351Z;0;cpu_core;19;local_machine;;cpu_state=user
kernel_cpu_time_ms;2026-03-25T00:42:14.798393351Z;0;cpu_core;19;local_machine;;cpu_state=nice
kernel_cpu_time_ms;2026-03-25T00:42:14.798393351Z;0;cpu_core;19;local_machine;;cpu_state=system
kernel_cpu_time_ms;2026-03-25T00:42:14.798393351Z;500;cpu_core;19;local_machine;;cpu_state=idle
kernel_cpu_time_ms;2026-03-25T00:42:14.798393351Z;0;cpu_core;19;local_machine;;cpu_state=irq
kernel_cpu_time_ms;2026-03-25T00:42:14.798393351Z;0;cpu_core;19;local_machine;;cpu_state=softirq
kernel_cpu_time_ms;2026-03-25T00:42:14.798393351Z;0;cpu_core;19;local_machine;;cpu_state=steal
kernel_cpu_time_ms;2026-03-25T00:42:14.798393351Z;0;cpu_core;19;local_machine;;cpu_state=guest
kernel_cpu_time_ms;2026-03-25T00:42:14.798393351Z;0;cpu_core;19;local_machine;;cpu_state=guest_nice
kernel_cpu_time_ms;2026-03-25T00:42:14.798393351Z;0;cpu_core;20;local_machine;;cpu_state=user
kernel_cpu_time_ms;2026-03-25T00:42:14.798393351Z;0;cpu_core;20;local_machine;;cpu_state=nice
kernel_cpu_time_ms;2026-03-25T00:42:14.798393351Z;0;cpu_core;20;local_machine;;cpu_state=system
kernel_cpu_time_ms;2026-03-25T00:42:14.798393351Z;500;cpu_core;20;local_machine;;cpu_state=idle
kernel_cpu_time_ms;2026-03-25T00:42:14.798393351Z;0;cpu_core;20;local_machine;;cpu_state=irq
kernel_cpu_time_ms;2026-03-25T00:42:14.798393351Z;0;cpu_core;20;local_machine;;cpu_state=softirq
kernel_cpu_time_ms;2026-03-25T00:42:14.798393351Z;0;cpu_core;20;local_machine;;cpu_state=steal
kernel_cpu_time_ms;2026-03-25T00:42:14.798393351Z;0;cpu_core;20;local_machine;;cpu_state=guest
kernel_cpu_time_ms;2026-03-25T00:42:14.798393351Z;0;cpu_core;20;local_machine;;cpu_state=guest_nice
kernel_cpu_time_ms;2026-03-25T00:42:14.798393351Z;0;cpu_core;21;local_machine;;cpu_state=user
kernel_cpu_time_ms;2026-03-25T00:42:14.798393351Z;0;cpu_core;21;local_machine;;cpu_state=nice
kernel_cpu_time_ms;2026-03-25T00:42:14.798393351Z;0;cpu_core;21;local_machine;;cpu_state=system
kernel_cpu_time_ms;2026-03-25T00:42:14.798393351Z;500;cpu_core;21;local_machine;;cpu_state=idle
kernel_cpu_time_ms;2026-03-25T00:42:14.798393351Z;0;cpu_core;21;local_machine;;cpu_state=irq
kernel_cpu_time_ms;2026-03-25T00:42:14.798393351Z;0;cpu_core;21;local_machine;;cpu_state=softirq
kernel_cpu_time_ms;2026-03-25T00:42:14.798393351Z;0;cpu_core;21;local_machine;;cpu_state=steal
kernel_cpu_time_ms;2026-03-25T00:42:14.798393351Z;0;cpu_core;21;local_machine;;cpu_state=guest
kernel_cpu_time_ms;2026-03-25T00:42:14.798393351Z;0;cpu_core;21;local_machine;;cpu_state=guest_nice
kernel_cpu_time_ms;2026-03-25T00:42:14.798393351Z;0;cpu_core;22;local_machine;;cpu_state=user
kernel_cpu_time_ms;2026-03-25T00:42:14.798393351Z;0;cpu_core;22;local_machine;;cpu_state=nice
kernel_cpu_time_ms;2026-03-25T00:42:14.798393351Z;0;cpu_core;22;local_machine;;cpu_state=system
kernel_cpu_time_ms;2026-03-25T00:42:14.798393351Z;500;cpu_core;22;local_machine;;cpu_state=idle
kernel_cpu_time_ms;2026-03-25T00:42:14.798393351Z;0;cpu_core;22;local_machine;;cpu_state=irq
kernel_cpu_time_ms;2026-03-25T00:42:14.798393351Z;0;cpu_core;22;local_machine;;cpu_state=softirq
kernel_cpu_time_ms;2026-03-25T00:42:14.798393351Z;0;cpu_core;22;local_machine;;cpu_state=steal
kernel_cpu_time_ms;2026-03-25T00:42:14.798393351Z;0;cpu_core;22;local_machine;;cpu_state=guest
kernel_cpu_time_ms;2026-03-25T00:42:14.798393351Z;0;cpu_core;22;local_machine;;cpu_state=guest_nice
kernel_cpu_time_ms;2026-03-25T00:42:14.798393351Z;0;cpu_core;23;local_machine;;cpu_state=user
kernel_cpu_time_ms;2026-03-25T00:42:14.798393351Z;0;cpu_core;23;local_machine;;cpu_state=nice
kernel_cpu_time_ms;2026-03-25T00:42:14.798393351Z;0;cpu_core;23;local_machine;;cpu_state=system
kernel_cpu_time_ms;2026-03-25T00:42:14.798393351Z;500;cpu_core;23;local_machine;;cpu_state=idle
kernel_cpu_time_ms;2026-03-25T00:42:14.798393351Z;0;cpu_core;23;local_machine;;cpu_state=irq
kernel_cpu_time_ms;2026-03-25T00:42:14.798393351Z;0;cpu_core;23;local_machine;;cpu_state=softirq
kernel_cpu_time_ms;2026-03-25T00:42:14.798393351Z;0;cpu_core;23;local_machine;;cpu_state=steal
kernel_cpu_time_ms;2026-03-25T00:42:14.798393351Z;0;cpu_core;23;local_machine;;cpu_state=guest
kernel_cpu_time_ms;2026-03-25T00:42:14.798393351Z;0;cpu_core;23;local_machine;;cpu_state=guest_nice
kernel_cpu_time_ms;2026-03-25T00:42:14.798393351Z;0;cpu_core;24;local_machine;;cpu_state=user
kernel_cpu_time_ms;2026-03-25T00:42:14.798393351Z;0;cpu_core;24;local_machine;;cpu_state=nice
kernel_cpu_time_ms;2026-03-25T00:42:14.798393351Z;0;cpu_core;24;local_machine;;cpu_state=system
kernel_cpu_time_ms;2026-03-25T00:42:14.798393351Z;500;cpu_core;24;local_machine;;cpu_state=idle
kernel_cpu_time_ms;2026-03-25T00:42:14.798393351Z;0;cpu_core;24;local_machine;;cpu_state=irq
kernel_cpu_time_ms;2026-03-25T00:42:14.798393351Z;0;cpu_core;24;local_machine;;cpu_state=softirq
kernel_cpu_time_ms;2026-03-25T00:42:14.798393351Z;0;cpu_core;24;local_machine;;cpu_state=steal
kernel_cpu_time_ms;2026-03-25T00:42:14.798393351Z;0;cpu_core;24;local_machine;;cpu_state=guest
kernel_cpu_time_ms;2026-03-25T00:42:14.798393351Z;0;cpu_core;24;local_machine;;cpu_state=guest_nice
kernel_cpu_time_ms;2026-03-25T00:42:14.798393351Z;0;cpu_core;25;local_machine;;cpu_state=user
kernel_cpu_time_ms;2026-03-25T00:42:14.798393351Z;0;cpu_core;25;local_machine;;cpu_state=nice
kernel_cpu_time_ms;2026-03-25T00:42:14.798393351Z;0;cpu_core;25;local_machine;;cpu_state=system
kernel_cpu_time_ms;2026-03-25T00:42:14.798393351Z;500;cpu_core;25;local_machine;;cpu_state=idle
kernel_cpu_time_ms;2026-03-25T00:42:14.798393351Z;0;cpu_core;25;local_machine;;cpu_state=irq
kernel_cpu_time_ms;2026-03-25T00:42:14.798393351Z;0;cpu_core;25;local_machine;;cpu_state=softirq
kernel_cpu_time_ms;2026-03-25T00:42:14.798393351Z;0;cpu_core;25;local_machine;;cpu_state=steal
kernel_cpu_time_ms;2026-03-25T00:42:14.798393351Z;0;cpu_core;25;local_machine;;cpu_state=guest
kernel_cpu_time_ms;2026-03-25T00:42:14.798393351Z;0;cpu_core;25;local_machine;;cpu_state=guest_nice
kernel_cpu_time_ms;2026-03-25T00:42:14.798393351Z;0;cpu_core;26;local_machine;;cpu_state=user
kernel_cpu_time_ms;2026-03-25T00:42:14.798393351Z;0;cpu_core;26;local_machine;;cpu_state=nice
kernel_cpu_time_ms;2026-03-25T00:42:14.798393351Z;0;cpu_core;26;local_machine;;cpu_state=system
kernel_cpu_time_ms;2026-03-25T00:42:14.798393351Z;500;cpu_core;26;local_machine;;cpu_state=idle
kernel_cpu_time_ms;2026-03-25T00:42:14.798393351Z;0;cpu_core;26;local_machine;;cpu_state=irq
kernel_cpu_time_ms;2026-03-25T00:42:14.798393351Z;0;cpu_core;26;local_machine;;cpu_state=softirq
kernel_cpu_time_ms;2026-03-25T00:42:14.798393351Z;0;cpu_core;26;local_machine;;cpu_state=steal
kernel_cpu_time_ms;2026-03-25T00:42:14.798393351Z;0;cpu_core;26;local_machine;;cpu_state=guest
kernel_cpu_time_ms;2026-03-25T00:42:14.798393351Z;0;cpu_core;26;local_machine;;cpu_state=guest_nice
kernel_cpu_time_ms;2026-03-25T00:42:14.798393351Z;0;cpu_core;27;local_machine;;cpu_state=user
kernel_cpu_time_ms;2026-03-25T00:42:14.798393351Z;0;cpu_core;27;local_machine;;cpu_state=nice
kernel_cpu_time_ms;2026-03-25T00:42:14.798393351Z;0;cpu_core;27;local_machine;;cpu_state=system
kernel_cpu_time_ms;2026-03-25T00:42:14.798393351Z;500;cpu_core;27;local_machine;;cpu_state=idle
kernel_cpu_time_ms;2026-03-25T00:42:14.798393351Z;0;cpu_core;27;local_machine;;cpu_state=irq
kernel_cpu_time_ms;2026-03-25T00:42:14.798393351Z;0;cpu_core;27;local_machine;;cpu_state=softirq
kernel_cpu_time_ms;2026-03-25T00:42:14.798393351Z;0;cpu_core;27;local_machine;;cpu_state=steal
kernel_cpu_time_ms;2026-03-25T00:42:14.798393351Z;0;cpu_core;27;local_machine;;cpu_state=guest
kernel_cpu_time_ms;2026-03-25T00:42:14.798393351Z;0;cpu_core;27;local_machine;;cpu_state=guest_nice
kernel_cpu_time_ms;2026-03-25T00:42:14.798393351Z;0;cpu_core;28;local_machine;;cpu_state=user
kernel_cpu_time_ms;2026-03-25T00:42:14.798393351Z;0;cpu_core;28;local_machine;;cpu_state=nice
kernel_cpu_time_ms;2026-03-25T00:42:14.798393351Z;0;cpu_core;28;local_machine;;cpu_state=system
kernel_cpu_time_ms;2026-03-25T00:42:14.798393351Z;500;cpu_core;28;local_machine;;cpu_state=idle
kernel_cpu_time_ms;2026-03-25T00:42:14.798393351Z;0;cpu_core;28;local_machine;;cpu_state=irq
kernel_cpu_time_ms;2026-03-25T00:42:14.798393351Z;0;cpu_core;28;local_machine;;cpu_state=softirq
kernel_cpu_time_ms;2026-03-25T00:42:14.798393351Z;0;cpu_core;28;local_machine;;cpu_state=steal
kernel_cpu_time_ms;2026-03-25T00:42:14.798393351Z;0;cpu_core;28;local_machine;;cpu_state=guest
kernel_cpu_time_ms;2026-03-25T00:42:14.798393351Z;0;cpu_core;28;local_machine;;cpu_state=guest_nice
kernel_cpu_time_ms;2026-03-25T00:42:14.798393351Z;0;cpu_core;29;local_machine;;cpu_state=user
kernel_cpu_time_ms;2026-03-25T00:42:14.798393351Z;0;cpu_core;29;local_machine;;cpu_state=nice
kernel_cpu_time_ms;2026-03-25T00:42:14.798393351Z;0;cpu_core;29;local_machine;;cpu_state=system
kernel_cpu_time_ms;2026-03-25T00:42:14.798393351Z;500;cpu_core;29;local_machine;;cpu_state=idle
kernel_cpu_time_ms;2026-03-25T00:42:14.798393351Z;0;cpu_core;29;local_machine;;cpu_state=irq
kernel_cpu_time_ms;2026-03-25T00:42:14.798393351Z;0;cpu_core;29;local_machine;;cpu_state=softirq
kernel_cpu_time_ms;2026-03-25T00:42:14.798393351Z;0;cpu_core;29;local_machine;;cpu_state=steal
kernel_cpu_time_ms;2026-03-25T00:42:14.798393351Z;0;cpu_core;29;local_machine;;cpu_state=guest
kernel_cpu_time_ms;2026-03-25T00:42:14.798393351Z;0;cpu_core;29;local_machine;;cpu_state=guest_nice
kernel_cpu_time_ms;2026-03-25T00:42:14.798393351Z;0;cpu_core;30;local_machine;;cpu_state=user
kernel_cpu_time_ms;2026-03-25T00:42:14.798393351Z;0;cpu_core;30;local_machine;;cpu_state=nice
kernel_cpu_time_ms;2026-03-25T00:42:14.798393351Z;0;cpu_core;30;local_machine;;cpu_state=system
kernel_cpu_time_ms;2026-03-25T00:42:14.798393351Z;500;cpu_core;30;local_machine;;cpu_state=idle
kernel_cpu_time_ms;2026-03-25T00:42:14.798393351Z;0;cpu_core;30;local_machine;;cpu_state=irq
kernel_cpu_time_ms;2026-03-25T00:42:14.798393351Z;0;cpu_core;30;local_machine;;cpu_state=softirq
kernel_cpu_time_ms;2026-03-25T00:42:14.798393351Z;0;cpu_core;30;local_machine;;cpu_state=steal
kernel_cpu_time_ms;2026-03-25T00:42:14.798393351Z;0;cpu_core;30;local_machine;;cpu_state=guest
kernel_cpu_time_ms;2026-03-25T00:42:14.798393351Z;0;cpu_core;30;local_machine;;cpu_state=guest_nice
kernel_cpu_time_ms;2026-03-25T00:42:14.798393351Z;0;cpu_core;31;local_machine;;cpu_state=user
kernel_cpu_time_ms;2026-03-25T00:42:14.798393351Z;0;cpu_core;31;local_machine;;cpu_state=nice
kernel_cpu_time_ms;2026-03-25T00:42:14.798393351Z;0;cpu_core;31;local_machine;;cpu_state=system
kernel_cpu_time_ms;2026-03-25T00:42:14.798393351Z;500;cpu_core;31;local_machine;;cpu_state=idle
kernel_cpu_time_ms;2026-03-25T00:42:14.798393351Z;0;cpu_core;31;local_machine;;cpu_state=irq
kernel_cpu_time_ms;2026-03-25T00:42:14.798393351Z;0;cpu_core;31;local_machine;;cpu_state=softirq
kernel_cpu_time_ms;2026-03-25T00:42:14.798393351Z;0;cpu_core;31;local_machine;;cpu_state=steal
kernel_cpu_time_ms;2026-03-25T00:42:14.798393351Z;0;cpu_core;31;local_machine;;cpu_state=guest
kernel_cpu_time_ms;2026-03-25T00:42:14.798393351Z;0;cpu_core;31;local_machine;;cpu_state=guest_nice
kernel_cpu_time_ms;2026-03-25T00:42:14.798393351Z;0;cpu_core;32;local_machine;;cpu_state=user
kernel_cpu_time_ms;2026-03-25T00:42:14.798393351Z;0;cpu_core;32;local_machine;;cpu_state=nice
kernel_cpu_time_ms;2026-03-25T00:42:14.798393351Z;0;cpu_core;32;local_machine;;cpu_state=system
kernel_cpu_time_ms;2026-03-25T00:42:14.798393351Z;500;cpu_core;32;local_machine;;cpu_state=idle
kernel_cpu_time_ms;2026-03-25T00:42:14.798393351Z;0;cpu_core;32;local_machine;;cpu_state=irq
kernel_cpu_time_ms;2026-03-25T00:42:14.798393351Z;0;cpu_core;32;local_machine;;cpu_state=softirq
kernel_cpu_time_ms;2026-03-25T00:42:14.798393351Z;0;cpu_core;32;local_machine;;cpu_state=steal
kernel_cpu_time_ms;2026-03-25T00:42:14.798393351Z;0;cpu_core;32;local_machine;;cpu_state=guest
kernel_cpu_time_ms;2026-03-25T00:42:14.798393351Z;0;cpu_core;32;local_machine;;cpu_state=guest_nice
kernel_cpu_time_ms;2026-03-25T00:42:14.798393351Z;0;cpu_core;33;local_machine;;cpu_state=user
kernel_cpu_time_ms;2026-03-25T00:42:14.798393351Z;0;cpu_core;33;local_machine;;cpu_state=nice
kernel_cpu_time_ms;2026-03-25T00:42:14.798393351Z;0;cpu_core;33;local_machine;;cpu_state=system
kernel_cpu_time_ms;2026-03-25T00:42:14.798393351Z;500;cpu_core;33;local_machine;;cpu_state=idle
kernel_cpu_time_ms;2026-03-25T00:42:14.798393351Z;0;cpu_core;33;local_machine;;cpu_state=irq
kernel_cpu_time_ms;2026-03-25T00:42:14.798393351Z;0;cpu_core;33;local_machine;;cpu_state=softirq
kernel_cpu_time_ms;2026-03-25T00:42:14.798393351Z;0;cpu_core;33;local_machine;;cpu_state=steal
kernel_cpu_time_ms;2026-03-25T00:42:14.798393351Z;0;cpu_core;33;local_machine;;cpu_state=guest
kernel_cpu_time_ms;2026-03-25T00:42:14.798393351Z;0;cpu_core;33;local_machine;;cpu_state=guest_nice
kernel_cpu_time_ms;2026-03-25T00:42:14.798393351Z;0;cpu_core;34;local_machine;;cpu_state=user
kernel_cpu_time_ms;2026-03-25T00:42:14.798393351Z;0;cpu_core;34;local_machine;;cpu_state=nice
kernel_cpu_time_ms;2026-03-25T00:42:14.798393351Z;0;cpu_core;34;local_machine;;cpu_state=system
kernel_cpu_time_ms;2026-03-25T00:42:14.798393351Z;500;cpu_core;34;local_machine;;cpu_state=idle
kernel_cpu_time_ms;2026-03-25T00:42:14.798393351Z;0;cpu_core;34;local_machine;;cpu_state=irq
kernel_cpu_time_ms;2026-03-25T00:42:14.798393351Z;0;cpu_core;34;local_machine;;cpu_state=softirq
kernel_cpu_time_ms;2026-03-25T00:42:14.798393351Z;0;cpu_core;34;local_machine;;cpu_state=steal
kernel_cpu_time_ms;2026-03-25T00:42:14.798393351Z;0;cpu_core;34;local_machine;;cpu_state=guest
kernel_cpu_time_ms;2026-03-25T00:42:14.798393351Z;0;cpu_core;34;local_machine;;cpu_state=guest_nice
kernel_cpu_time_ms;2026-03-25T00:42:14.798393351Z;0;cpu_core;35;local_machine;;cpu_state=user
kernel_cpu_time_ms;2026-03-25T00:42:14.798393351Z;0;cpu_core;35;local_machine;;cpu_state=nice
kernel_cpu_time_ms;2026-03-25T00:42:14.798393351Z;0;cpu_core;35;local_machine;;cpu_state=system
kernel_cpu_time_ms;2026-03-25T00:42:14.798393351Z;500;cpu_core;35;local_machine;;cpu_state=idle
kernel_cpu_time_ms;2026-03-25T00:42:14.798393351Z;0;cpu_core;35;local_machine;;cpu_state=irq
kernel_cpu_time_ms;2026-03-25T00:42:14.798393351Z;0;cpu_core;35;local_machine;;cpu_state=softirq
kernel_cpu_time_ms;2026-03-25T00:42:14.798393351Z;0;cpu_core;35;local_machine;;cpu_state=steal
kernel_cpu_time_ms;2026-03-25T00:42:14.798393351Z;0;cpu_core;35;local_machine;;cpu_state=guest
kernel_cpu_time_ms;2026-03-25T00:42:14.798393351Z;0;cpu_core;35;local_machine;;cpu_state=guest_nice
kernel_cpu_time_ms;2026-03-25T00:42:14.798393351Z;0;cpu_core;36;local_machine;;cpu_state=user
kernel_cpu_time_ms;2026-03-25T00:42:14.798393351Z;0;cpu_core;36;local_machine;;cpu_state=nice
kernel_cpu_time_ms;2026-03-25T00:42:14.798393351Z;0;cpu_core;36;local_machine;;cpu_state=system
kernel_cpu_time_ms;2026-03-25T00:42:14.798393351Z;500;cpu_core;36;local_machine;;cpu_state=idle
kernel_cpu_time_ms;2026-03-25T00:42:14.798393351Z;0;cpu_core;36;local_machine;;cpu_state=irq
kernel_cpu_time_ms;2026-03-25T00:42:14.798393351Z;0;cpu_core;36;local_machine;;cpu_state=softirq
kernel_cpu_time_ms;2026-03-25T00:42:14.798393351Z;0;cpu_core;36;local_machine;;cpu_state=steal
kernel_cpu_time_ms;2026-03-25T00:42:14.798393351Z;0;cpu_core;36;local_machine;;cpu_state=guest
kernel_cpu_time_ms;2026-03-25T00:42:14.798393351Z;0;cpu_core;36;local_machine;;cpu_state=guest_nice
kernel_cpu_time_ms;2026-03-25T00:42:14.798393351Z;0;cpu_core;37;local_machine;;cpu_state=user
kernel_cpu_time_ms;2026-03-25T00:42:14.798393351Z;0;cpu_core;37;local_machine;;cpu_state=nice
kernel_cpu_time_ms;2026-03-25T00:42:14.798393351Z;0;cpu_core;37;local_machine;;cpu_state=system
kernel_cpu_time_ms;2026-03-25T00:42:14.798393351Z;500;cpu_core;37;local_machine;;cpu_state=idle
kernel_cpu_time_ms;2026-03-25T00:42:14.798393351Z;0;cpu_core;37;local_machine;;cpu_state=irq
kernel_cpu_time_ms;2026-03-25T00:42:14.798393351Z;0;cpu_core;37;local_machine;;cpu_state=softirq
kernel_cpu_time_ms;2026-03-25T00:42:14.798393351Z;0;cpu_core;37;local_machine;;cpu_state=steal
kernel_cpu_time_ms;2026-03-25T00:42:14.798393351Z;0;cpu_core;37;local_machine;;cpu_state=guest
kernel_cpu_time_ms;2026-03-25T00:42:14.798393351Z;0;cpu_core;37;local_machine;;cpu_state=guest_nice
kernel_cpu_time_ms;2026-03-25T00:42:14.798393351Z;0;cpu_core;38;local_machine;;cpu_state=user
kernel_cpu_time_ms;2026-03-25T00:42:14.798393351Z;0;cpu_core;38;local_machine;;cpu_state=nice
kernel_cpu_time_ms;2026-03-25T00:42:14.798393351Z;0;cpu_core;38;local_machine;;cpu_state=system
kernel_cpu_time_ms;2026-03-25T00:42:14.798393351Z;500;cpu_core;38;local_machine;;cpu_state=idle
kernel_cpu_time_ms;2026-03-25T00:42:14.798393351Z;0;cpu_core;38;local_machine;;cpu_state=irq
kernel_cpu_time_ms;2026-03-25T00:42:14.798393351Z;0;cpu_core;38;local_machine;;cpu_state=softirq
kernel_cpu_time_ms;2026-03-25T00:42:14.798393351Z;0;cpu_core;38;local_machine;;cpu_state=steal
kernel_cpu_time_ms;2026-03-25T00:42:14.798393351Z;0;cpu_core;38;local_machine;;cpu_state=guest
kernel_cpu_time_ms;2026-03-25T00:42:14.798393351Z;0;cpu_core;38;local_machine;;cpu_state=guest_nice
kernel_cpu_time_ms;2026-03-25T00:42:14.798393351Z;0;cpu_core;39;local_machine;;cpu_state=user
kernel_cpu_time_ms;2026-03-25T00:42:14.798393351Z;0;cpu_core;39;local_machine;;cpu_state=nice
kernel_cpu_time_ms;2026-03-25T00:42:14.798393351Z;0;cpu_core;39;local_machine;;cpu_state=system
kernel_cpu_time_ms;2026-03-25T00:42:14.798393351Z;500;cpu_core;39;local_machine;;cpu_state=idle
kernel_cpu_time_ms;2026-03-25T00:42:14.798393351Z;0;cpu_core;39;local_machine;;cpu_state=irq
kernel_cpu_time_ms;2026-03-25T00:42:14.798393351Z;0;cpu_core;39;local_machine;;cpu_state=softirq
kernel_cpu_time_ms;2026-03-25T00:42:14.798393351Z;0;cpu_core;39;local_machine;;cpu_state=steal
kernel_cpu_time_ms;2026-03-25T00:42:14.798393351Z;0;cpu_core;39;local_machine;;cpu_state=guest
kernel_cpu_time_ms;2026-03-25T00:42:14.798393351Z;0;cpu_core;39;local_machine;;cpu_state=guest_nice
kernel_cpu_time_ms;2026-03-25T00:42:14.798393351Z;260;cpu_core;40;local_machine;;cpu_state=user
kernel_cpu_time_ms;2026-03-25T00:42:14.798393351Z;0;cpu_core;40;local_machine;;cpu_state=nice
kernel_cpu_time_ms;2026-03-25T00:42:14.798393351Z;240;cpu_core;40;local_machine;;cpu_state=system
kernel_cpu_time_ms;2026-03-25T00:42:14.798393351Z;0;cpu_core;40;local_machine;;cpu_state=idle
kernel_cpu_time_ms;2026-03-25T00:42:14.798393351Z;0;cpu_core;40;local_machine;;cpu_state=irq
kernel_cpu_time_ms;2026-03-25T00:42:14.798393351Z;0;cpu_core;40;local_machine;;cpu_state=softirq
kernel_cpu_time_ms;2026-03-25T00:42:14.798393351Z;0;cpu_core;40;local_machine;;cpu_state=steal
kernel_cpu_time_ms;2026-03-25T00:42:14.798393351Z;0;cpu_core;40;local_machine;;cpu_state=guest
kernel_cpu_time_ms;2026-03-25T00:42:14.798393351Z;0;cpu_core;40;local_machine;;cpu_state=guest_nice
kernel_cpu_time_ms;2026-03-25T00:42:14.798393351Z;0;cpu_core;41;local_machine;;cpu_state=user
kernel_cpu_time_ms;2026-03-25T00:42:14.798393351Z;0;cpu_core;41;local_machine;;cpu_state=nice
kernel_cpu_time_ms;2026-03-25T00:42:14.798393351Z;0;cpu_core;41;local_machine;;cpu_state=system
kernel_cpu_time_ms;2026-03-25T00:42:14.798393351Z;500;cpu_core;41;local_machine;;cpu_state=idle
kernel_cpu_time_ms;2026-03-25T00:42:14.798393351Z;0;cpu_core;41;local_machine;;cpu_state=irq
kernel_cpu_time_ms;2026-03-25T00:42:14.798393351Z;0;cpu_core;41;local_machine;;cpu_state=softirq
kernel_cpu_time_ms;2026-03-25T00:42:14.798393351Z;0;cpu_core;41;local_machine;;cpu_state=steal
kernel_cpu_time_ms;2026-03-25T00:42:14.798393351Z;0;cpu_core;41;local_machine;;cpu_state=guest
kernel_cpu_time_ms;2026-03-25T00:42:14.798393351Z;0;cpu_core;41;local_machine;;cpu_state=guest_nice
kernel_cpu_time_ms;2026-03-25T00:42:14.798393351Z;0;cpu_core;42;local_machine;;cpu_state=user
kernel_cpu_time_ms;2026-03-25T00:42:14.798393351Z;0;cpu_core;42;local_machine;;cpu_state=nice
kernel_cpu_time_ms;2026-03-25T00:42:14.798393351Z;0;cpu_core;42;local_machine;;cpu_state=system
kernel_cpu_time_ms;2026-03-25T00:42:14.798393351Z;500;cpu_core;42;local_machine;;cpu_state=idle
kernel_cpu_time_ms;2026-03-25T00:42:14.798393351Z;0;cpu_core;42;local_machine;;cpu_state=irq
kernel_cpu_time_ms;2026-03-25T00:42:14.798393351Z;0;cpu_core;42;local_machine;;cpu_state=softirq
kernel_cpu_time_ms;2026-03-25T00:42:14.798393351Z;0;cpu_core;42;local_machine;;cpu_state=steal
kernel_cpu_time_ms;2026-03-25T00:42:14.798393351Z;0;cpu_core;42;local_machine;;cpu_state=guest
kernel_cpu_time_ms;2026-03-25T00:42:14.798393351Z;0;cpu_core;42;local_machine;;cpu_state=guest_nice
kernel_cpu_time_ms;2026-03-25T00:42:14.798393351Z;0;cpu_core;43;local_machine;;cpu_state=user
kernel_cpu_time_ms;2026-03-25T00:42:14.798393351Z;0;cpu_core;43;local_machine;;cpu_state=nice
kernel_cpu_time_ms;2026-03-25T00:42:14.798393351Z;0;cpu_core;43;local_machine;;cpu_state=system
kernel_cpu_time_ms;2026-03-25T00:42:14.798393351Z;500;cpu_core;43;local_machine;;cpu_state=idle
kernel_cpu_time_ms;2026-03-25T00:42:14.798393351Z;0;cpu_core;43;local_machine;;cpu_state=irq
kernel_cpu_time_ms;2026-03-25T00:42:14.798393351Z;0;cpu_core;43;local_machine;;cpu_state=softirq
kernel_cpu_time_ms;2026-03-25T00:42:14.798393351Z;0;cpu_core;43;local_machine;;cpu_state=steal
kernel_cpu_time_ms;2026-03-25T00:42:14.798393351Z;0;cpu_core;43;local_machine;;cpu_state=guest
kernel_cpu_time_ms;2026-03-25T00:42:14.798393351Z;0;cpu_core;43;local_machine;;cpu_state=guest_nice
kernel_cpu_time_ms;2026-03-25T00:42:14.798393351Z;0;cpu_core;44;local_machine;;cpu_state=user
kernel_cpu_time_ms;2026-03-25T00:42:14.798393351Z;0;cpu_core;44;local_machine;;cpu_state=nice
kernel_cpu_time_ms;2026-03-25T00:42:14.798393351Z;0;cpu_core;44;local_machine;;cpu_state=system
kernel_cpu_time_ms;2026-03-25T00:42:14.798393351Z;500;cpu_core;44;local_machine;;cpu_state=idle
kernel_cpu_time_ms;2026-03-25T00:42:14.798393351Z;0;cpu_core;44;local_machine;;cpu_state=irq
kernel_cpu_time_ms;2026-03-25T00:42:14.798393351Z;0;cpu_core;44;local_machine;;cpu_state=softirq
kernel_cpu_time_ms;2026-03-25T00:42:14.798393351Z;0;cpu_core;44;local_machine;;cpu_state=steal
kernel_cpu_time_ms;2026-03-25T00:42:14.798393351Z;0;cpu_core;44;local_machine;;cpu_state=guest
kernel_cpu_time_ms;2026-03-25T00:42:14.798393351Z;0;cpu_core;44;local_machine;;cpu_state=guest_nice
kernel_cpu_time_ms;2026-03-25T00:42:14.798393351Z;0;cpu_core;45;local_machine;;cpu_state=user
kernel_cpu_time_ms;2026-03-25T00:42:14.798393351Z;0;cpu_core;45;local_machine;;cpu_state=nice
kernel_cpu_time_ms;2026-03-25T00:42:14.798393351Z;0;cpu_core;45;local_machine;;cpu_state=system
kernel_cpu_time_ms;2026-03-25T00:42:14.798393351Z;500;cpu_core;45;local_machine;;cpu_state=idle
kernel_cpu_time_ms;2026-03-25T00:42:14.798393351Z;0;cpu_core;45;local_machine;;cpu_state=irq
kernel_cpu_time_ms;2026-03-25T00:42:14.798393351Z;0;cpu_core;45;local_machine;;cpu_state=softirq
kernel_cpu_time_ms;2026-03-25T00:42:14.798393351Z;0;cpu_core;45;local_machine;;cpu_state=steal
kernel_cpu_time_ms;2026-03-25T00:42:14.798393351Z;0;cpu_core;45;local_machine;;cpu_state=guest
kernel_cpu_time_ms;2026-03-25T00:42:14.798393351Z;0;cpu_core;45;local_machine;;cpu_state=guest_nice
kernel_cpu_time_ms;2026-03-25T00:42:14.798393351Z;0;cpu_core;46;local_machine;;cpu_state=user
kernel_cpu_time_ms;2026-03-25T00:42:14.798393351Z;0;cpu_core;46;local_machine;;cpu_state=nice
kernel_cpu_time_ms;2026-03-25T00:42:14.798393351Z;10;cpu_core;46;local_machine;;cpu_state=system
kernel_cpu_time_ms;2026-03-25T00:42:14.798393351Z;500;cpu_core;46;local_machine;;cpu_state=idle
kernel_cpu_time_ms;2026-03-25T00:42:14.798393351Z;0;cpu_core;46;local_machine;;cpu_state=irq
kernel_cpu_time_ms;2026-03-25T00:42:14.798393351Z;0;cpu_core;46;local_machine;;cpu_state=softirq
kernel_cpu_time_ms;2026-03-25T00:42:14.798393351Z;0;cpu_core;46;local_machine;;cpu_state=steal
kernel_cpu_time_ms;2026-03-25T00:42:14.798393351Z;0;cpu_core;46;local_machine;;cpu_state=guest
kernel_cpu_time_ms;2026-03-25T00:42:14.798393351Z;0;cpu_core;46;local_machine;;cpu_state=guest_nice
kernel_cpu_time_ms;2026-03-25T00:42:14.798393351Z;0;cpu_core;47;local_machine;;cpu_state=user
kernel_cpu_time_ms;2026-03-25T00:42:14.798393351Z;0;cpu_core;47;local_machine;;cpu_state=nice
kernel_cpu_time_ms;2026-03-25T00:42:14.798393351Z;0;cpu_core;47;local_machine;;cpu_state=system
kernel_cpu_time_ms;2026-03-25T00:42:14.798393351Z;500;cpu_core;47;local_machine;;cpu_state=idle
kernel_cpu_time_ms;2026-03-25T00:42:14.798393351Z;0;cpu_core;47;local_machine;;cpu_state=irq
kernel_cpu_time_ms;2026-03-25T00:42:14.798393351Z;0;cpu_core;47;local_machine;;cpu_state=softirq
kernel_cpu_time_ms;2026-03-25T00:42:14.798393351Z;0;cpu_core;47;local_machine;;cpu_state=steal
kernel_cpu_time_ms;2026-03-25T00:42:14.798393351Z;0;cpu_core;47;local_machine;;cpu_state=guest
kernel_cpu_time_ms;2026-03-25T00:42:14.798393351Z;0;cpu_core;47;local_machine;;cpu_state=guest_nice
kernel_cpu_time_ms;2026-03-25T00:42:14.798393351Z;0;cpu_core;48;local_machine;;cpu_state=user
kernel_cpu_time_ms;2026-03-25T00:42:14.798393351Z;0;cpu_core;48;local_machine;;cpu_state=nice
kernel_cpu_time_ms;2026-03-25T00:42:14.798393351Z;0;cpu_core;48;local_machine;;cpu_state=system
kernel_cpu_time_ms;2026-03-25T00:42:14.798393351Z;500;cpu_core;48;local_machine;;cpu_state=idle
kernel_cpu_time_ms;2026-03-25T00:42:14.798393351Z;0;cpu_core;48;local_machine;;cpu_state=irq
kernel_cpu_time_ms;2026-03-25T00:42:14.798393351Z;0;cpu_core;48;local_machine;;cpu_state=softirq
kernel_cpu_time_ms;2026-03-25T00:42:14.798393351Z;0;cpu_core;48;local_machine;;cpu_state=steal
kernel_cpu_time_ms;2026-03-25T00:42:14.798393351Z;0;cpu_core;48;local_machine;;cpu_state=guest
kernel_cpu_time_ms;2026-03-25T00:42:14.798393351Z;0;cpu_core;48;local_machine;;cpu_state=guest_nice
kernel_cpu_time_ms;2026-03-25T00:42:14.798393351Z;0;cpu_core;49;local_machine;;cpu_state=user
kernel_cpu_time_ms;2026-03-25T00:42:14.798393351Z;0;cpu_core;49;local_machine;;cpu_state=nice
kernel_cpu_time_ms;2026-03-25T00:42:14.798393351Z;0;cpu_core;49;local_machine;;cpu_state=system
kernel_cpu_time_ms;2026-03-25T00:42:14.798393351Z;500;cpu_core;49;local_machine;;cpu_state=idle
kernel_cpu_time_ms;2026-03-25T00:42:14.798393351Z;0;cpu_core;49;local_machine;;cpu_state=irq
kernel_cpu_time_ms;2026-03-25T00:42:14.798393351Z;0;cpu_core;49;local_machine;;cpu_state=softirq
kernel_cpu_time_ms;2026-03-25T00:42:14.798393351Z;0;cpu_core;49;local_machine;;cpu_state=steal
kernel_cpu_time_ms;2026-03-25T00:42:14.798393351Z;0;cpu_core;49;local_machine;;cpu_state=guest
kernel_cpu_time_ms;2026-03-25T00:42:14.798393351Z;0;cpu_core;49;local_machine;;cpu_state=guest_nice
kernel_cpu_time_ms;2026-03-25T00:42:14.798393351Z;0;cpu_core;50;local_machine;;cpu_state=user
kernel_cpu_time_ms;2026-03-25T00:42:14.798393351Z;0;cpu_core;50;local_machine;;cpu_state=nice
kernel_cpu_time_ms;2026-03-25T00:42:14.798393351Z;10;cpu_core;50;local_machine;;cpu_state=system
kernel_cpu_time_ms;2026-03-25T00:42:14.798393351Z;490;cpu_core;50;local_machine;;cpu_state=idle
kernel_cpu_time_ms;2026-03-25T00:42:14.798393351Z;0;cpu_core;50;local_machine;;cpu_state=irq
kernel_cpu_time_ms;2026-03-25T00:42:14.798393351Z;0;cpu_core;50;local_machine;;cpu_state=softirq
kernel_cpu_time_ms;2026-03-25T00:42:14.798393351Z;0;cpu_core;50;local_machine;;cpu_state=steal
kernel_cpu_time_ms;2026-03-25T00:42:14.798393351Z;0;cpu_core;50;local_machine;;cpu_state=guest
kernel_cpu_time_ms;2026-03-25T00:42:14.798393351Z;0;cpu_core;50;local_machine;;cpu_state=guest_nice
kernel_cpu_time_ms;2026-03-25T00:42:14.798393351Z;0;cpu_core;51;local_machine;;cpu_state=user
kernel_cpu_time_ms;2026-03-25T00:42:14.798393351Z;0;cpu_core;51;local_machine;;cpu_state=nice
kernel_cpu_time_ms;2026-03-25T00:42:14.798393351Z;0;cpu_core;51;local_machine;;cpu_state=system
kernel_cpu_time_ms;2026-03-25T00:42:14.798393351Z;500;cpu_core;51;local_machine;;cpu_state=idle
kernel_cpu_time_ms;2026-03-25T00:42:14.798393351Z;0;cpu_core;51;local_machine;;cpu_state=irq
kernel_cpu_time_ms;2026-03-25T00:42:14.798393351Z;0;cpu_core;51;local_machine;;cpu_state=softirq
kernel_cpu_time_ms;2026-03-25T00:42:14.798393351Z;0;cpu_core;51;local_machine;;cpu_state=steal
kernel_cpu_time_ms;2026-03-25T00:42:14.798393351Z;0;cpu_core;51;local_machine;;cpu_state=guest
kernel_cpu_time_ms;2026-03-25T00:42:14.798393351Z;0;cpu_core;51;local_machine;;cpu_state=guest_nice
kernel_cpu_time_ms;2026-03-25T00:42:14.798393351Z;0;cpu_core;52;local_machine;;cpu_state=user
kernel_cpu_time_ms;2026-03-25T00:42:14.798393351Z;0;cpu_core;52;local_machine;;cpu_state=nice
kernel_cpu_time_ms;2026-03-25T00:42:14.798393351Z;0;cpu_core;52;local_machine;;cpu_state=system
kernel_cpu_time_ms;2026-03-25T00:42:14.798393351Z;500;cpu_core;52;local_machine;;cpu_state=idle
kernel_cpu_time_ms;2026-03-25T00:42:14.798393351Z;0;cpu_core;52;local_machine;;cpu_state=irq
kernel_cpu_time_ms;2026-03-25T00:42:14.798393351Z;0;cpu_core;52;local_machine;;cpu_state=softirq
kernel_cpu_time_ms;2026-03-25T00:42:14.798393351Z;0;cpu_core;52;local_machine;;cpu_state=steal
kernel_cpu_time_ms;2026-03-25T00:42:14.798393351Z;0;cpu_core;52;local_machine;;cpu_state=guest
kernel_cpu_time_ms;2026-03-25T00:42:14.798393351Z;0;cpu_core;52;local_machine;;cpu_state=guest_nice
kernel_cpu_time_ms;2026-03-25T00:42:14.798393351Z;0;cpu_core;53;local_machine;;cpu_state=user
kernel_cpu_time_ms;2026-03-25T00:42:14.798393351Z;0;cpu_core;53;local_machine;;cpu_state=nice
kernel_cpu_time_ms;2026-03-25T00:42:14.798393351Z;0;cpu_core;53;local_machine;;cpu_state=system
kernel_cpu_time_ms;2026-03-25T00:42:14.798393351Z;500;cpu_core;53;local_machine;;cpu_state=idle
kernel_cpu_time_ms;2026-03-25T00:42:14.798393351Z;0;cpu_core;53;local_machine;;cpu_state=irq
kernel_cpu_time_ms;2026-03-25T00:42:14.798393351Z;0;cpu_core;53;local_machine;;cpu_state=softirq
kernel_cpu_time_ms;2026-03-25T00:42:14.798393351Z;0;cpu_core;53;local_machine;;cpu_state=steal
kernel_cpu_time_ms;2026-03-25T00:42:14.798393351Z;0;cpu_core;53;local_machine;;cpu_state=guest
kernel_cpu_time_ms;2026-03-25T00:42:14.798393351Z;0;cpu_core;53;local_machine;;cpu_state=guest_nice
kernel_cpu_time_ms;2026-03-25T00:42:14.798393351Z;0;cpu_core;54;local_machine;;cpu_state=user
kernel_cpu_time_ms;2026-03-25T00:42:14.798393351Z;0;cpu_core;54;local_machine;;cpu_state=nice
kernel_cpu_time_ms;2026-03-25T00:42:14.798393351Z;0;cpu_core;54;local_machine;;cpu_state=system
kernel_cpu_time_ms;2026-03-25T00:42:14.798393351Z;500;cpu_core;54;local_machine;;cpu_state=idle
kernel_cpu_time_ms;2026-03-25T00:42:14.798393351Z;0;cpu_core;54;local_machine;;cpu_state=irq
kernel_cpu_time_ms;2026-03-25T00:42:14.798393351Z;0;cpu_core;54;local_machine;;cpu_state=softirq
kernel_cpu_time_ms;2026-03-25T00:42:14.798393351Z;0;cpu_core;54;local_machine;;cpu_state=steal
kernel_cpu_time_ms;2026-03-25T00:42:14.798393351Z;0;cpu_core;54;local_machine;;cpu_state=guest
kernel_cpu_time_ms;2026-03-25T00:42:14.798393351Z;0;cpu_core;54;local_machine;;cpu_state=guest_nice
kernel_cpu_time_ms;2026-03-25T00:42:14.798393351Z;0;cpu_core;55;local_machine;;cpu_state=user
kernel_cpu_time_ms;2026-03-25T00:42:14.798393351Z;0;cpu_core;55;local_machine;;cpu_state=nice
kernel_cpu_time_ms;2026-03-25T00:42:14.798393351Z;0;cpu_core;55;local_machine;;cpu_state=system
kernel_cpu_time_ms;2026-03-25T00:42:14.798393351Z;500;cpu_core;55;local_machine;;cpu_state=idle
kernel_cpu_time_ms;2026-03-25T00:42:14.798393351Z;0;cpu_core;55;local_machine;;cpu_state=irq
kernel_cpu_time_ms;2026-03-25T00:42:14.798393351Z;0;cpu_core;55;local_machine;;cpu_state=softirq
kernel_cpu_time_ms;2026-03-25T00:42:14.798393351Z;0;cpu_core;55;local_machine;;cpu_state=steal
kernel_cpu_time_ms;2026-03-25T00:42:14.798393351Z;0;cpu_core;55;local_machine;;cpu_state=guest
kernel_cpu_time_ms;2026-03-25T00:42:14.798393351Z;0;cpu_core;55;local_machine;;cpu_state=guest_nice
kernel_cpu_time_ms;2026-03-25T00:42:14.798393351Z;0;cpu_core;56;local_machine;;cpu_state=user
kernel_cpu_time_ms;2026-03-25T00:42:14.798393351Z;0;cpu_core;56;local_machine;;cpu_state=nice
kernel_cpu_time_ms;2026-03-25T00:42:14.798393351Z;0;cpu_core;56;local_machine;;cpu_state=system
kernel_cpu_time_ms;2026-03-25T00:42:14.798393351Z;500;cpu_core;56;local_machine;;cpu_state=idle
kernel_cpu_time_ms;2026-03-25T00:42:14.798393351Z;0;cpu_core;56;local_machine;;cpu_state=irq
kernel_cpu_time_ms;2026-03-25T00:42:14.798393351Z;0;cpu_core;56;local_machine;;cpu_state=softirq
kernel_cpu_time_ms;2026-03-25T00:42:14.798393351Z;0;cpu_core;56;local_machine;;cpu_state=steal
kernel_cpu_time_ms;2026-03-25T00:42:14.798393351Z;0;cpu_core;56;local_machine;;cpu_state=guest
kernel_cpu_time_ms;2026-03-25T00:42:14.798393351Z;0;cpu_core;56;local_machine;;cpu_state=guest_nice
kernel_cpu_time_ms;2026-03-25T00:42:14.798393351Z;0;cpu_core;57;local_machine;;cpu_state=user
kernel_cpu_time_ms;2026-03-25T00:42:14.798393351Z;0;cpu_core;57;local_machine;;cpu_state=nice
kernel_cpu_time_ms;2026-03-25T00:42:14.798393351Z;0;cpu_core;57;local_machine;;cpu_state=system
kernel_cpu_time_ms;2026-03-25T00:42:14.798393351Z;500;cpu_core;57;local_machine;;cpu_state=idle
kernel_cpu_time_ms;2026-03-25T00:42:14.798393351Z;0;cpu_core;57;local_machine;;cpu_state=irq
kernel_cpu_time_ms;2026-03-25T00:42:14.798393351Z;0;cpu_core;57;local_machine;;cpu_state=softirq
kernel_cpu_time_ms;2026-03-25T00:42:14.798393351Z;0;cpu_core;57;local_machine;;cpu_state=steal
kernel_cpu_time_ms;2026-03-25T00:42:14.798393351Z;0;cpu_core;57;local_machine;;cpu_state=guest
kernel_cpu_time_ms;2026-03-25T00:42:14.798393351Z;0;cpu_core;57;local_machine;;cpu_state=guest_nice
kernel_cpu_time_ms;2026-03-25T00:42:14.798393351Z;0;cpu_core;58;local_machine;;cpu_state=user
kernel_cpu_time_ms;2026-03-25T00:42:14.798393351Z;0;cpu_core;58;local_machine;;cpu_state=nice
kernel_cpu_time_ms;2026-03-25T00:42:14.798393351Z;0;cpu_core;58;local_machine;;cpu_state=system
kernel_cpu_time_ms;2026-03-25T00:42:14.798393351Z;500;cpu_core;58;local_machine;;cpu_state=idle
kernel_cpu_time_ms;2026-03-25T00:42:14.798393351Z;0;cpu_core;58;local_machine;;cpu_state=irq
kernel_cpu_time_ms;2026-03-25T00:42:14.798393351Z;0;cpu_core;58;local_machine;;cpu_state=softirq
kernel_cpu_time_ms;2026-03-25T00:42:14.798393351Z;0;cpu_core;58;local_machine;;cpu_state=steal
kernel_cpu_time_ms;2026-03-25T00:42:14.798393351Z;0;cpu_core;58;local_machine;;cpu_state=guest
kernel_cpu_time_ms;2026-03-25T00:42:14.798393351Z;0;cpu_core;58;local_machine;;cpu_state=guest_nice
kernel_cpu_time_ms;2026-03-25T00:42:14.798393351Z;0;cpu_core;59;local_machine;;cpu_state=user
kernel_cpu_time_ms;2026-03-25T00:42:14.798393351Z;0;cpu_core;59;local_machine;;cpu_state=nice
kernel_cpu_time_ms;2026-03-25T00:42:14.798393351Z;0;cpu_core;59;local_machine;;cpu_state=system
kernel_cpu_time_ms;2026-03-25T00:42:14.798393351Z;500;cpu_core;59;local_machine;;cpu_state=idle
kernel_cpu_time_ms;2026-03-25T00:42:14.798393351Z;0;cpu_core;59;local_machine;;cpu_state=irq
kernel_cpu_time_ms;2026-03-25T00:42:14.798393351Z;0;cpu_core;59;local_machine;;cpu_state=softirq
kernel_cpu_time_ms;2026-03-25T00:42:14.798393351Z;0;cpu_core;59;local_machine;;cpu_state=steal
kernel_cpu_time_ms;2026-03-25T00:42:14.798393351Z;0;cpu_core;59;local_machine;;cpu_state=guest
kernel_cpu_time_ms;2026-03-25T00:42:14.798393351Z;0;cpu_core;59;local_machine;;cpu_state=guest_nice
kernel_cpu_time_ms;2026-03-25T00:42:14.798393351Z;0;cpu_core;60;local_machine;;cpu_state=user
kernel_cpu_time_ms;2026-03-25T00:42:14.798393351Z;0;cpu_core;60;local_machine;;cpu_state=nice
kernel_cpu_time_ms;2026-03-25T00:42:14.798393351Z;0;cpu_core;60;local_machine;;cpu_state=system
kernel_cpu_time_ms;2026-03-25T00:42:14.798393351Z;500;cpu_core;60;local_machine;;cpu_state=idle
kernel_cpu_time_ms;2026-03-25T00:42:14.798393351Z;0;cpu_core;60;local_machine;;cpu_state=irq
kernel_cpu_time_ms;2026-03-25T00:42:14.798393351Z;0;cpu_core;60;local_machine;;cpu_state=softirq
kernel_cpu_time_ms;2026-03-25T00:42:14.798393351Z;0;cpu_core;60;local_machine;;cpu_state=steal
kernel_cpu_time_ms;2026-03-25T00:42:14.798393351Z;0;cpu_core;60;local_machine;;cpu_state=guest
kernel_cpu_time_ms;2026-03-25T00:42:14.798393351Z;0;cpu_core;60;local_machine;;cpu_state=guest_nice
kernel_cpu_time_ms;2026-03-25T00:42:14.798393351Z;0;cpu_core;61;local_machine;;cpu_state=user
kernel_cpu_time_ms;2026-03-25T00:42:14.798393351Z;0;cpu_core;61;local_machine;;cpu_state=nice
kernel_cpu_time_ms;2026-03-25T00:42:14.798393351Z;0;cpu_core;61;local_machine;;cpu_state=system
kernel_cpu_time_ms;2026-03-25T00:42:14.798393351Z;500;cpu_core;61;local_machine;;cpu_state=idle
kernel_cpu_time_ms;2026-03-25T00:42:14.798393351Z;0;cpu_core;61;local_machine;;cpu_state=irq
kernel_cpu_time_ms;2026-03-25T00:42:14.798393351Z;0;cpu_core;61;local_machine;;cpu_state=softirq
kernel_cpu_time_ms;2026-03-25T00:42:14.798393351Z;0;cpu_core;61;local_machine;;cpu_state=steal
kernel_cpu_time_ms;2026-03-25T00:42:14.798393351Z;0;cpu_core;61;local_machine;;cpu_state=guest
kernel_cpu_time_ms;2026-03-25T00:42:14.798393351Z;0;cpu_core;61;local_machine;;cpu_state=guest_nice
kernel_cpu_time_ms;2026-03-25T00:42:14.798393351Z;0;cpu_core;62;local_machine;;cpu_state=user
kernel_cpu_time_ms;2026-03-25T00:42:14.798393351Z;0;cpu_core;62;local_machine;;cpu_state=nice
kernel_cpu_time_ms;2026-03-25T00:42:14.798393351Z;0;cpu_core;62;local_machine;;cpu_state=system
kernel_cpu_time_ms;2026-03-25T00:42:14.798393351Z;500;cpu_core;62;local_machine;;cpu_state=idle
kernel_cpu_time_ms;2026-03-25T00:42:14.798393351Z;0;cpu_core;62;local_machine;;cpu_state=irq
kernel_cpu_time_ms;2026-03-25T00:42:14.798393351Z;0;cpu_core;62;local_machine;;cpu_state=softirq
kernel_cpu_time_ms;2026-03-25T00:42:14.798393351Z;0;cpu_core;62;local_machine;;cpu_state=steal
kernel_cpu_time_ms;2026-03-25T00:42:14.798393351Z;0;cpu_core;62;local_machine;;cpu_state=guest
kernel_cpu_time_ms;2026-03-25T00:42:14.798393351Z;0;cpu_core;62;local_machine;;cpu_state=guest_nice
kernel_cpu_time_ms;2026-03-25T00:42:14.798393351Z;0;cpu_core;63;local_machine;;cpu_state=user
kernel_cpu_time_ms;2026-03-25T00:42:14.798393351Z;0;cpu_core;63;local_machine;;cpu_state=nice
kernel_cpu_time_ms;2026-03-25T00:42:14.798393351Z;0;cpu_core;63;local_machine;;cpu_state=system
kernel_cpu_time_ms;2026-03-25T00:42:14.798393351Z;500;cpu_core;63;local_machine;;cpu_state=idle
kernel_cpu_time_ms;2026-03-25T00:42:14.798393351Z;0;cpu_core;63;local_machine;;cpu_state=irq
kernel_cpu_time_ms;2026-03-25T00:42:14.798393351Z;0;cpu_core;63;local_machine;;cpu_state=softirq
kernel_cpu_time_ms;2026-03-25T00:42:14.798393351Z;0;cpu_core;63;local_machine;;cpu_state=steal
kernel_cpu_time_ms;2026-03-25T00:42:14.798393351Z;0;cpu_core;63;local_machine;;cpu_state=guest
kernel_cpu_time_ms;2026-03-25T00:42:14.798393351Z;0;cpu_core;63;local_machine;;cpu_state=guest_nice
kernel_cpu_time_ms;2026-03-25T00:42:14.798393351Z;0;cpu_core;64;local_machine;;cpu_state=user
kernel_cpu_time_ms;2026-03-25T00:42:14.798393351Z;0;cpu_core;64;local_machine;;cpu_state=nice
kernel_cpu_time_ms;2026-03-25T00:42:14.798393351Z;0;cpu_core;64;local_machine;;cpu_state=system
kernel_cpu_time_ms;2026-03-25T00:42:14.798393351Z;500;cpu_core;64;local_machine;;cpu_state=idle
kernel_cpu_time_ms;2026-03-25T00:42:14.798393351Z;0;cpu_core;64;local_machine;;cpu_state=irq
kernel_cpu_time_ms;2026-03-25T00:42:14.798393351Z;0;cpu_core;64;local_machine;;cpu_state=softirq
kernel_cpu_time_ms;2026-03-25T00:42:14.798393351Z;0;cpu_core;64;local_machine;;cpu_state=steal
kernel_cpu_time_ms;2026-03-25T00:42:14.798393351Z;0;cpu_core;64;local_machine;;cpu_state=guest
kernel_cpu_time_ms;2026-03-25T00:42:14.798393351Z;0;cpu_core;64;local_machine;;cpu_state=guest_nice
kernel_cpu_time_ms;2026-03-25T00:42:14.798393351Z;0;cpu_core;65;local_machine;;cpu_state=user
kernel_cpu_time_ms;2026-03-25T00:42:14.798393351Z;0;cpu_core;65;local_machine;;cpu_state=nice
kernel_cpu_time_ms;2026-03-25T00:42:14.798393351Z;0;cpu_core;65;local_machine;;cpu_state=system
kernel_cpu_time_ms;2026-03-25T00:42:14.798393351Z;500;cpu_core;65;local_machine;;cpu_state=idle
kernel_cpu_time_ms;2026-03-25T00:42:14.798393351Z;0;cpu_core;65;local_machine;;cpu_state=irq
kernel_cpu_time_ms;2026-03-25T00:42:14.798393351Z;0;cpu_core;65;local_machine;;cpu_state=softirq
kernel_cpu_time_ms;2026-03-25T00:42:14.798393351Z;0;cpu_core;65;local_machine;;cpu_state=steal
kernel_cpu_time_ms;2026-03-25T00:42:14.798393351Z;0;cpu_core;65;local_machine;;cpu_state=guest
kernel_cpu_time_ms;2026-03-25T00:42:14.798393351Z;0;cpu_core;65;local_machine;;cpu_state=guest_nice
kernel_cpu_time_ms;2026-03-25T00:42:14.798393351Z;0;cpu_core;66;local_machine;;cpu_state=user
kernel_cpu_time_ms;2026-03-25T00:42:14.798393351Z;0;cpu_core;66;local_machine;;cpu_state=nice
kernel_cpu_time_ms;2026-03-25T00:42:14.798393351Z;0;cpu_core;66;local_machine;;cpu_state=system
kernel_cpu_time_ms;2026-03-25T00:42:14.798393351Z;500;cpu_core;66;local_machine;;cpu_state=idle
kernel_cpu_time_ms;2026-03-25T00:42:14.798393351Z;0;cpu_core;66;local_machine;;cpu_state=irq
kernel_cpu_time_ms;2026-03-25T00:42:14.798393351Z;0;cpu_core;66;local_machine;;cpu_state=softirq
kernel_cpu_time_ms;2026-03-25T00:42:14.798393351Z;0;cpu_core;66;local_machine;;cpu_state=steal
kernel_cpu_time_ms;2026-03-25T00:42:14.798393351Z;0;cpu_core;66;local_machine;;cpu_state=guest
kernel_cpu_time_ms;2026-03-25T00:42:14.798393351Z;0;cpu_core;66;local_machine;;cpu_state=guest_nice
kernel_cpu_time_ms;2026-03-25T00:42:14.798393351Z;10;cpu_core;67;local_machine;;cpu_state=user
kernel_cpu_time_ms;2026-03-25T00:42:14.798393351Z;0;cpu_core;67;local_machine;;cpu_state=nice
kernel_cpu_time_ms;2026-03-25T00:42:14.798393351Z;0;cpu_core;67;local_machine;;cpu_state=system
kernel_cpu_time_ms;2026-03-25T00:42:14.798393351Z;500;cpu_core;67;local_machine;;cpu_state=idle
kernel_cpu_time_ms;2026-03-25T00:42:14.798393351Z;0;cpu_core;67;local_machine;;cpu_state=irq
kernel_cpu_time_ms;2026-03-25T00:42:14.798393351Z;0;cpu_core;67;local_machine;;cpu_state=softirq
kernel_cpu_time_ms;2026-03-25T00:42:14.798393351Z;0;cpu_core;67;local_machine;;cpu_state=steal
kernel_cpu_time_ms;2026-03-25T00:42:14.798393351Z;0;cpu_core;67;local_machine;;cpu_state=guest
kernel_cpu_time_ms;2026-03-25T00:42:14.798393351Z;0;cpu_core;67;local_machine;;cpu_state=guest_nice
kernel_cpu_time_ms;2026-03-25T00:42:14.798393351Z;0;cpu_core;68;local_machine;;cpu_state=user
kernel_cpu_time_ms;2026-03-25T00:42:14.798393351Z;0;cpu_core;68;local_machine;;cpu_state=nice
kernel_cpu_time_ms;2026-03-25T00:42:14.798393351Z;0;cpu_core;68;local_machine;;cpu_state=system
kernel_cpu_time_ms;2026-03-25T00:42:14.798393351Z;500;cpu_core;68;local_machine;;cpu_state=idle
kernel_cpu_time_ms;2026-03-25T00:42:14.798393351Z;0;cpu_core;68;local_machine;;cpu_state=irq
kernel_cpu_time_ms;2026-03-25T00:42:14.798393351Z;0;cpu_core;68;local_machine;;cpu_state=softirq
kernel_cpu_time_ms;2026-03-25T00:42:14.798393351Z;0;cpu_core;68;local_machine;;cpu_state=steal
kernel_cpu_time_ms;2026-03-25T00:42:14.798393351Z;0;cpu_core;68;local_machine;;cpu_state=guest
kernel_cpu_time_ms;2026-03-25T00:42:14.798393351Z;0;cpu_core;68;local_machine;;cpu_state=guest_nice
kernel_cpu_time_ms;2026-03-25T00:42:14.798393351Z;0;cpu_core;69;local_machine;;cpu_state=user
kernel_cpu_time_ms;2026-03-25T00:42:14.798393351Z;0;cpu_core;69;local_machine;;cpu_state=nice
kernel_cpu_time_ms;2026-03-25T00:42:14.798393351Z;0;cpu_core;69;local_machine;;cpu_state=system
kernel_cpu_time_ms;2026-03-25T00:42:14.798393351Z;500;cpu_core;69;local_machine;;cpu_state=idle
kernel_cpu_time_ms;2026-03-25T00:42:14.798393351Z;0;cpu_core;69;local_machine;;cpu_state=irq
kernel_cpu_time_ms;2026-03-25T00:42:14.798393351Z;0;cpu_core;69;local_machine;;cpu_state=softirq
kernel_cpu_time_ms;2026-03-25T00:42:14.798393351Z;0;cpu_core;69;local_machine;;cpu_state=steal
kernel_cpu_time_ms;2026-03-25T00:42:14.798393351Z;0;cpu_core;69;local_machine;;cpu_state=guest
kernel_cpu_time_ms;2026-03-25T00:42:14.798393351Z;0;cpu_core;69;local_machine;;cpu_state=guest_nice
kernel_cpu_time_ms;2026-03-25T00:42:14.798393351Z;0;cpu_core;70;local_machine;;cpu_state=user
kernel_cpu_time_ms;2026-03-25T00:42:14.798393351Z;0;cpu_core;70;local_machine;;cpu_state=nice
kernel_cpu_time_ms;2026-03-25T00:42:14.798393351Z;0;cpu_core;70;local_machine;;cpu_state=system
kernel_cpu_time_ms;2026-03-25T00:42:14.798393351Z;500;cpu_core;70;local_machine;;cpu_state=idle
kernel_cpu_time_ms;2026-03-25T00:42:14.798393351Z;0;cpu_core;70;local_machine;;cpu_state=irq
kernel_cpu_time_ms;2026-03-25T00:42:14.798393351Z;0;cpu_core;70;local_machine;;cpu_state=softirq
kernel_cpu_time_ms;2026-03-25T00:42:14.798393351Z;0;cpu_core;70;local_machine;;cpu_state=steal
kernel_cpu_time_ms;2026-03-25T00:42:14.798393351Z;0;cpu_core;70;local_machine;;cpu_state=guest
kernel_cpu_time_ms;2026-03-25T00:42:14.798393351Z;0;cpu_core;70;local_machine;;cpu_state=guest_nice
kernel_cpu_time_ms;2026-03-25T00:42:14.798393351Z;0;cpu_core;71;local_machine;;cpu_state=user
kernel_cpu_time_ms;2026-03-25T00:42:14.798393351Z;0;cpu_core;71;local_machine;;cpu_state=nice
kernel_cpu_time_ms;2026-03-25T00:42:14.798393351Z;10;cpu_core;71;local_machine;;cpu_state=system
kernel_cpu_time_ms;2026-03-25T00:42:14.798393351Z;490;cpu_core;71;local_machine;;cpu_state=idle
kernel_cpu_time_ms;2026-03-25T00:42:14.798393351Z;0;cpu_core;71;local_machine;;cpu_state=irq
kernel_cpu_time_ms;2026-03-25T00:42:14.798393351Z;0;cpu_core;71;local_machine;;cpu_state=softirq
kernel_cpu_time_ms;2026-03-25T00:42:14.798393351Z;0;cpu_core;71;local_machine;;cpu_state=steal
kernel_cpu_time_ms;2026-03-25T00:42:14.798393351Z;0;cpu_core;71;local_machine;;cpu_state=guest
kernel_cpu_time_ms;2026-03-25T00:42:14.798393351Z;0;cpu_core;71;local_machine;;cpu_state=guest_nice
kernel_cpu_time_ms;2026-03-25T00:42:14.798393351Z;10;cpu_core;72;local_machine;;cpu_state=user
kernel_cpu_time_ms;2026-03-25T00:42:14.798393351Z;0;cpu_core;72;local_machine;;cpu_state=nice
kernel_cpu_time_ms;2026-03-25T00:42:14.798393351Z;0;cpu_core;72;local_machine;;cpu_state=system
kernel_cpu_time_ms;2026-03-25T00:42:14.798393351Z;490;cpu_core;72;local_machine;;cpu_state=idle
kernel_cpu_time_ms;2026-03-25T00:42:14.798393351Z;0;cpu_core;72;local_machine;;cpu_state=irq
kernel_cpu_time_ms;2026-03-25T00:42:14.798393351Z;0;cpu_core;72;local_machine;;cpu_state=softirq
kernel_cpu_time_ms;2026-03-25T00:42:14.798393351Z;0;cpu_core;72;local_machine;;cpu_state=steal
kernel_cpu_time_ms;2026-03-25T00:42:14.798393351Z;0;cpu_core;72;local_machine;;cpu_state=guest
kernel_cpu_time_ms;2026-03-25T00:42:14.798393351Z;0;cpu_core;72;local_machine;;cpu_state=guest_nice
kernel_cpu_time_ms;2026-03-25T00:42:14.798393351Z;0;cpu_core;73;local_machine;;cpu_state=user
kernel_cpu_time_ms;2026-03-25T00:42:14.798393351Z;0;cpu_core;73;local_machine;;cpu_state=nice
kernel_cpu_time_ms;2026-03-25T00:42:14.798393351Z;0;cpu_core;73;local_machine;;cpu_state=system
kernel_cpu_time_ms;2026-03-25T00:42:14.798393351Z;490;cpu_core;73;local_machine;;cpu_state=idle
kernel_cpu_time_ms;2026-03-25T00:42:14.798393351Z;0;cpu_core;73;local_machine;;cpu_state=irq
kernel_cpu_time_ms;2026-03-25T00:42:14.798393351Z;0;cpu_core;73;local_machine;;cpu_state=softirq
kernel_cpu_time_ms;2026-03-25T00:42:14.798393351Z;0;cpu_core;73;local_machine;;cpu_state=steal
kernel_cpu_time_ms;2026-03-25T00:42:14.798393351Z;0;cpu_core;73;local_machine;;cpu_state=guest
kernel_cpu_time_ms;2026-03-25T00:42:14.798393351Z;0;cpu_core;73;local_machine;;cpu_state=guest_nice
kernel_cpu_time_ms;2026-03-25T00:42:14.798393351Z;0;cpu_core;74;local_machine;;cpu_state=user
kernel_cpu_time_ms;2026-03-25T00:42:14.798393351Z;0;cpu_core;74;local_machine;;cpu_state=nice
kernel_cpu_time_ms;2026-03-25T00:42:14.798393351Z;0;cpu_core;74;local_machine;;cpu_state=system
kernel_cpu_time_ms;2026-03-25T00:42:14.798393351Z;500;cpu_core;74;local_machine;;cpu_state=idle
kernel_cpu_time_ms;2026-03-25T00:42:14.798393351Z;0;cpu_core;74;local_machine;;cpu_state=irq
kernel_cpu_time_ms;2026-03-25T00:42:14.798393351Z;0;cpu_core;74;local_machine;;cpu_state=softirq
kernel_cpu_time_ms;2026-03-25T00:42:14.798393351Z;0;cpu_core;74;local_machine;;cpu_state=steal
kernel_cpu_time_ms;2026-03-25T00:42:14.798393351Z;0;cpu_core;74;local_machine;;cpu_state=guest
kernel_cpu_time_ms;2026-03-25T00:42:14.798393351Z;0;cpu_core;74;local_machine;;cpu_state=guest_nice
kernel_cpu_time_ms;2026-03-25T00:42:14.798393351Z;0;cpu_core;75;local_machine;;cpu_state=user
kernel_cpu_time_ms;2026-03-25T00:42:14.798393351Z;0;cpu_core;75;local_machine;;cpu_state=nice
kernel_cpu_time_ms;2026-03-25T00:42:14.798393351Z;10;cpu_core;75;local_machine;;cpu_state=system
kernel_cpu_time_ms;2026-03-25T00:42:14.798393351Z;490;cpu_core;75;local_machine;;cpu_state=idle
kernel_cpu_time_ms;2026-03-25T00:42:14.798393351Z;0;cpu_core;75;local_machine;;cpu_state=irq
kernel_cpu_time_ms;2026-03-25T00:42:14.798393351Z;0;cpu_core;75;local_machine;;cpu_state=softirq
kernel_cpu_time_ms;2026-03-25T00:42:14.798393351Z;0;cpu_core;75;local_machine;;cpu_state=steal
kernel_cpu_time_ms;2026-03-25T00:42:14.798393351Z;0;cpu_core;75;local_machine;;cpu_state=guest
kernel_cpu_time_ms;2026-03-25T00:42:14.798393351Z;0;cpu_core;75;local_machine;;cpu_state=guest_nice
kernel_cpu_time_ms;2026-03-25T00:42:14.798393351Z;0;cpu_core;76;local_machine;;cpu_state=user
kernel_cpu_time_ms;2026-03-25T00:42:14.798393351Z;0;cpu_core;76;local_machine;;cpu_state=nice
kernel_cpu_time_ms;2026-03-25T00:42:14.798393351Z;0;cpu_core;76;local_machine;;cpu_state=system
kernel_cpu_time_ms;2026-03-25T00:42:14.798393351Z;500;cpu_core;76;local_machine;;cpu_state=idle
kernel_cpu_time_ms;2026-03-25T00:42:14.798393351Z;0;cpu_core;76;local_machine;;cpu_state=irq
kernel_cpu_time_ms;2026-03-25T00:42:14.798393351Z;0;cpu_core;76;local_machine;;cpu_state=softirq
kernel_cpu_time_ms;2026-03-25T00:42:14.798393351Z;0;cpu_core;76;local_machine;;cpu_state=steal
kernel_cpu_time_ms;2026-03-25T00:42:14.798393351Z;0;cpu_core;76;local_machine;;cpu_state=guest
kernel_cpu_time_ms;2026-03-25T00:42:14.798393351Z;0;cpu_core;76;local_machine;;cpu_state=guest_nice
kernel_cpu_time_ms;2026-03-25T00:42:14.798393351Z;0;cpu_core;77;local_machine;;cpu_state=user
kernel_cpu_time_ms;2026-03-25T00:42:14.798393351Z;0;cpu_core;77;local_machine;;cpu_state=nice
kernel_cpu_time_ms;2026-03-25T00:42:14.798393351Z;0;cpu_core;77;local_machine;;cpu_state=system
kernel_cpu_time_ms;2026-03-25T00:42:14.798393351Z;500;cpu_core;77;local_machine;;cpu_state=idle
kernel_cpu_time_ms;2026-03-25T00:42:14.798393351Z;0;cpu_core;77;local_machine;;cpu_state=irq
kernel_cpu_time_ms;2026-03-25T00:42:14.798393351Z;0;cpu_core;77;local_machine;;cpu_state=softirq
kernel_cpu_time_ms;2026-03-25T00:42:14.798393351Z;0;cpu_core;77;local_machine;;cpu_state=steal
kernel_cpu_time_ms;2026-03-25T00:42:14.798393351Z;0;cpu_core;77;local_machine;;cpu_state=guest
kernel_cpu_time_ms;2026-03-25T00:42:14.798393351Z;0;cpu_core;77;local_machine;;cpu_state=guest_nice
kernel_cpu_time_ms;2026-03-25T00:42:14.798393351Z;0;cpu_core;78;local_machine;;cpu_state=user
kernel_cpu_time_ms;2026-03-25T00:42:14.798393351Z;0;cpu_core;78;local_machine;;cpu_state=nice
kernel_cpu_time_ms;2026-03-25T00:42:14.798393351Z;0;cpu_core;78;local_machine;;cpu_state=system
kernel_cpu_time_ms;2026-03-25T00:42:14.798393351Z;500;cpu_core;78;local_machine;;cpu_state=idle
kernel_cpu_time_ms;2026-03-25T00:42:14.798393351Z;0;cpu_core;78;local_machine;;cpu_state=irq
kernel_cpu_time_ms;2026-03-25T00:42:14.798393351Z;0;cpu_core;78;local_machine;;cpu_state=softirq
kernel_cpu_time_ms;2026-03-25T00:42:14.798393351Z;0;cpu_core;78;local_machine;;cpu_state=steal
kernel_cpu_time_ms;2026-03-25T00:42:14.798393351Z;0;cpu_core;78;local_machine;;cpu_state=guest
kernel_cpu_time_ms;2026-03-25T00:42:14.798393351Z;0;cpu_core;78;local_machine;;cpu_state=guest_nice
kernel_cpu_time_ms;2026-03-25T00:42:14.798393351Z;0;cpu_core;79;local_machine;;cpu_state=user
kernel_cpu_time_ms;2026-03-25T00:42:14.798393351Z;0;cpu_core;79;local_machine;;cpu_state=nice
kernel_cpu_time_ms;2026-03-25T00:42:14.798393351Z;0;cpu_core;79;local_machine;;cpu_state=system
kernel_cpu_time_ms;2026-03-25T00:42:14.798393351Z;500;cpu_core;79;local_machine;;cpu_state=idle
kernel_cpu_time_ms;2026-03-25T00:42:14.798393351Z;0;cpu_core;79;local_machine;;cpu_state=irq
kernel_cpu_time_ms;2026-03-25T00:42:14.798393351Z;0;cpu_core;79;local_machine;;cpu_state=softirq
kernel_cpu_time_ms;2026-03-25T00:42:14.798393351Z;0;cpu_core;79;local_machine;;cpu_state=steal
kernel_cpu_time_ms;2026-03-25T00:42:14.798393351Z;0;cpu_core;79;local_machine;;cpu_state=guest
kernel_cpu_time_ms;2026-03-25T00:42:14.798393351Z;0;cpu_core;79;local_machine;;cpu_state=guest_nice
kernel_cpu_time_ms;2026-03-25T00:42:14.798393351Z;0;cpu_core;80;local_machine;;cpu_state=user
kernel_cpu_time_ms;2026-03-25T00:42:14.798393351Z;0;cpu_core;80;local_machine;;cpu_state=nice
kernel_cpu_time_ms;2026-03-25T00:42:14.798393351Z;10;cpu_core;80;local_machine;;cpu_state=system
kernel_cpu_time_ms;2026-03-25T00:42:14.798393351Z;500;cpu_core;80;local_machine;;cpu_state=idle
kernel_cpu_time_ms;2026-03-25T00:42:14.798393351Z;0;cpu_core;80;local_machine;;cpu_state=irq
kernel_cpu_time_ms;2026-03-25T00:42:14.798393351Z;0;cpu_core;80;local_machine;;cpu_state=softirq
kernel_cpu_time_ms;2026-03-25T00:42:14.798393351Z;0;cpu_core;80;local_machine;;cpu_state=steal
kernel_cpu_time_ms;2026-03-25T00:42:14.798393351Z;0;cpu_core;80;local_machine;;cpu_state=guest
kernel_cpu_time_ms;2026-03-25T00:42:14.798393351Z;0;cpu_core;80;local_machine;;cpu_state=guest_nice
kernel_cpu_time_ms;2026-03-25T00:42:14.798393351Z;0;cpu_core;81;local_machine;;cpu_state=user
kernel_cpu_time_ms;2026-03-25T00:42:14.798393351Z;0;cpu_core;81;local_machine;;cpu_state=nice
kernel_cpu_time_ms;2026-03-25T00:42:14.798393351Z;0;cpu_core;81;local_machine;;cpu_state=system
kernel_cpu_time_ms;2026-03-25T00:42:14.798393351Z;500;cpu_core;81;local_machine;;cpu_state=idle
kernel_cpu_time_ms;2026-03-25T00:42:14.798393351Z;0;cpu_core;81;local_machine;;cpu_state=irq
kernel_cpu_time_ms;2026-03-25T00:42:14.798393351Z;0;cpu_core;81;local_machine;;cpu_state=softirq
kernel_cpu_time_ms;2026-03-25T00:42:14.798393351Z;0;cpu_core;81;local_machine;;cpu_state=steal
kernel_cpu_time_ms;2026-03-25T00:42:14.798393351Z;0;cpu_core;81;local_machine;;cpu_state=guest
kernel_cpu_time_ms;2026-03-25T00:42:14.798393351Z;0;cpu_core;81;local_machine;;cpu_state=guest_nice
kernel_cpu_time_ms;2026-03-25T00:42:14.798393351Z;30;cpu_core;82;local_machine;;cpu_state=user
kernel_cpu_time_ms;2026-03-25T00:42:14.798393351Z;0;cpu_core;82;local_machine;;cpu_state=nice
kernel_cpu_time_ms;2026-03-25T00:42:14.798393351Z;10;cpu_core;82;local_machine;;cpu_state=system
kernel_cpu_time_ms;2026-03-25T00:42:14.798393351Z;480;cpu_core;82;local_machine;;cpu_state=idle
kernel_cpu_time_ms;2026-03-25T00:42:14.798393351Z;0;cpu_core;82;local_machine;;cpu_state=irq
kernel_cpu_time_ms;2026-03-25T00:42:14.798393351Z;0;cpu_core;82;local_machine;;cpu_state=softirq
kernel_cpu_time_ms;2026-03-25T00:42:14.798393351Z;0;cpu_core;82;local_machine;;cpu_state=steal
kernel_cpu_time_ms;2026-03-25T00:42:14.798393351Z;0;cpu_core;82;local_machine;;cpu_state=guest
kernel_cpu_time_ms;2026-03-25T00:42:14.798393351Z;0;cpu_core;82;local_machine;;cpu_state=guest_nice
kernel_cpu_time_ms;2026-03-25T00:42:14.798393351Z;0;cpu_core;83;local_machine;;cpu_state=user
kernel_cpu_time_ms;2026-03-25T00:42:14.798393351Z;0;cpu_core;83;local_machine;;cpu_state=nice
kernel_cpu_time_ms;2026-03-25T00:42:14.798393351Z;0;cpu_core;83;local_machine;;cpu_state=system
kernel_cpu_time_ms;2026-03-25T00:42:14.798393351Z;500;cpu_core;83;local_machine;;cpu_state=idle
kernel_cpu_time_ms;2026-03-25T00:42:14.798393351Z;0;cpu_core;83;local_machine;;cpu_state=irq
kernel_cpu_time_ms;2026-03-25T00:42:14.798393351Z;0;cpu_core;83;local_machine;;cpu_state=softirq
kernel_cpu_time_ms;2026-03-25T00:42:14.798393351Z;0;cpu_core;83;local_machine;;cpu_state=steal
kernel_cpu_time_ms;2026-03-25T00:42:14.798393351Z;0;cpu_core;83;local_machine;;cpu_state=guest
kernel_cpu_time_ms;2026-03-25T00:42:14.798393351Z;0;cpu_core;83;local_machine;;cpu_state=guest_nice
kernel_cpu_time_ms;2026-03-25T00:42:14.798393351Z;0;cpu_core;84;local_machine;;cpu_state=user
kernel_cpu_time_ms;2026-03-25T00:42:14.798393351Z;0;cpu_core;84;local_machine;;cpu_state=nice
kernel_cpu_time_ms;2026-03-25T00:42:14.798393351Z;10;cpu_core;84;local_machine;;cpu_state=system
kernel_cpu_time_ms;2026-03-25T00:42:14.798393351Z;490;cpu_core;84;local_machine;;cpu_state=idle
kernel_cpu_time_ms;2026-03-25T00:42:14.798393351Z;0;cpu_core;84;local_machine;;cpu_state=irq
kernel_cpu_time_ms;2026-03-25T00:42:14.798393351Z;0;cpu_core;84;local_machine;;cpu_state=softirq
kernel_cpu_time_ms;2026-03-25T00:42:14.798393351Z;0;cpu_core;84;local_machine;;cpu_state=steal
kernel_cpu_time_ms;2026-03-25T00:42:14.798393351Z;0;cpu_core;84;local_machine;;cpu_state=guest
kernel_cpu_time_ms;2026-03-25T00:42:14.798393351Z;0;cpu_core;84;local_machine;;cpu_state=guest_nice
kernel_cpu_time_ms;2026-03-25T00:42:14.798393351Z;0;cpu_core;85;local_machine;;cpu_state=user
kernel_cpu_time_ms;2026-03-25T00:42:14.798393351Z;0;cpu_core;85;local_machine;;cpu_state=nice
kernel_cpu_time_ms;2026-03-25T00:42:14.798393351Z;0;cpu_core;85;local_machine;;cpu_state=system
kernel_cpu_time_ms;2026-03-25T00:42:14.798393351Z;500;cpu_core;85;local_machine;;cpu_state=idle
kernel_cpu_time_ms;2026-03-25T00:42:14.798393351Z;0;cpu_core;85;local_machine;;cpu_state=irq
kernel_cpu_time_ms;2026-03-25T00:42:14.798393351Z;0;cpu_core;85;local_machine;;cpu_state=softirq
kernel_cpu_time_ms;2026-03-25T00:42:14.798393351Z;0;cpu_core;85;local_machine;;cpu_state=steal
kernel_cpu_time_ms;2026-03-25T00:42:14.798393351Z;0;cpu_core;85;local_machine;;cpu_state=guest
kernel_cpu_time_ms;2026-03-25T00:42:14.798393351Z;0;cpu_core;85;local_machine;;cpu_state=guest_nice
kernel_cpu_time_ms;2026-03-25T00:42:14.798393351Z;0;cpu_core;86;local_machine;;cpu_state=user
kernel_cpu_time_ms;2026-03-25T00:42:14.798393351Z;0;cpu_core;86;local_machine;;cpu_state=nice
kernel_cpu_time_ms;2026-03-25T00:42:14.798393351Z;0;cpu_core;86;local_machine;;cpu_state=system
kernel_cpu_time_ms;2026-03-25T00:42:14.798393351Z;500;cpu_core;86;local_machine;;cpu_state=idle
kernel_cpu_time_ms;2026-03-25T00:42:14.798393351Z;0;cpu_core;86;local_machine;;cpu_state=irq
kernel_cpu_time_ms;2026-03-25T00:42:14.798393351Z;0;cpu_core;86;local_machine;;cpu_state=softirq
kernel_cpu_time_ms;2026-03-25T00:42:14.798393351Z;0;cpu_core;86;local_machine;;cpu_state=steal
kernel_cpu_time_ms;2026-03-25T00:42:14.798393351Z;0;cpu_core;86;local_machine;;cpu_state=guest
kernel_cpu_time_ms;2026-03-25T00:42:14.798393351Z;0;cpu_core;86;local_machine;;cpu_state=guest_nice
kernel_cpu_time_ms;2026-03-25T00:42:14.798393351Z;0;cpu_core;87;local_machine;;cpu_state=user
kernel_cpu_time_ms;2026-03-25T00:42:14.798393351Z;0;cpu_core;87;local_machine;;cpu_state=nice
kernel_cpu_time_ms;2026-03-25T00:42:14.798393351Z;0;cpu_core;87;local_machine;;cpu_state=system
kernel_cpu_time_ms;2026-03-25T00:42:14.798393351Z;500;cpu_core;87;local_machine;;cpu_state=idle
kernel_cpu_time_ms;2026-03-25T00:42:14.798393351Z;0;cpu_core;87;local_machine;;cpu_state=irq
kernel_cpu_time_ms;2026-03-25T00:42:14.798393351Z;0;cpu_core;87;local_machine;;cpu_state=softirq
kernel_cpu_time_ms;2026-03-25T00:42:14.798393351Z;0;cpu_core;87;local_machine;;cpu_state=steal
kernel_cpu_time_ms;2026-03-25T00:42:14.798393351Z;0;cpu_core;87;local_machine;;cpu_state=guest
kernel_cpu_time_ms;2026-03-25T00:42:14.798393351Z;0;cpu_core;87;local_machine;;cpu_state=guest_nice
kernel_cpu_time_ms;2026-03-25T00:42:14.798393351Z;0;cpu_core;88;local_machine;;cpu_state=user
kernel_cpu_time_ms;2026-03-25T00:42:14.798393351Z;0;cpu_core;88;local_machine;;cpu_state=nice
kernel_cpu_time_ms;2026-03-25T00:42:14.798393351Z;0;cpu_core;88;local_machine;;cpu_state=system
kernel_cpu_time_ms;2026-03-25T00:42:14.798393351Z;500;cpu_core;88;local_machine;;cpu_state=idle
kernel_cpu_time_ms;2026-03-25T00:42:14.798393351Z;0;cpu_core;88;local_machine;;cpu_state=irq
kernel_cpu_time_ms;2026-03-25T00:42:14.798393351Z;0;cpu_core;88;local_machine;;cpu_state=softirq
kernel_cpu_time_ms;2026-03-25T00:42:14.798393351Z;0;cpu_core;88;local_machine;;cpu_state=steal
kernel_cpu_time_ms;2026-03-25T00:42:14.798393351Z;0;cpu_core;88;local_machine;;cpu_state=guest
kernel_cpu_time_ms;2026-03-25T00:42:14.798393351Z;0;cpu_core;88;local_machine;;cpu_state=guest_nice
kernel_cpu_time_ms;2026-03-25T00:42:14.798393351Z;0;cpu_core;89;local_machine;;cpu_state=user
kernel_cpu_time_ms;2026-03-25T00:42:14.798393351Z;0;cpu_core;89;local_machine;;cpu_state=nice
kernel_cpu_time_ms;2026-03-25T00:42:14.798393351Z;0;cpu_core;89;local_machine;;cpu_state=system
kernel_cpu_time_ms;2026-03-25T00:42:14.798393351Z;500;cpu_core;89;local_machine;;cpu_state=idle
kernel_cpu_time_ms;2026-03-25T00:42:14.798393351Z;0;cpu_core;89;local_machine;;cpu_state=irq
kernel_cpu_time_ms;2026-03-25T00:42:14.798393351Z;0;cpu_core;89;local_machine;;cpu_state=softirq
kernel_cpu_time_ms;2026-03-25T00:42:14.798393351Z;0;cpu_core;89;local_machine;;cpu_state=steal
kernel_cpu_time_ms;2026-03-25T00:42:14.798393351Z;0;cpu_core;89;local_machine;;cpu_state=guest
kernel_cpu_time_ms;2026-03-25T00:42:14.798393351Z;0;cpu_core;89;local_machine;;cpu_state=guest_nice
kernel_cpu_time_ms;2026-03-25T00:42:14.798393351Z;0;cpu_core;90;local_machine;;cpu_state=user
kernel_cpu_time_ms;2026-03-25T00:42:14.798393351Z;0;cpu_core;90;local_machine;;cpu_state=nice
kernel_cpu_time_ms;2026-03-25T00:42:14.798393351Z;0;cpu_core;90;local_machine;;cpu_state=system
kernel_cpu_time_ms;2026-03-25T00:42:14.798393351Z;500;cpu_core;90;local_machine;;cpu_state=idle
kernel_cpu_time_ms;2026-03-25T00:42:14.798393351Z;0;cpu_core;90;local_machine;;cpu_state=irq
kernel_cpu_time_ms;2026-03-25T00:42:14.798393351Z;0;cpu_core;90;local_machine;;cpu_state=softirq
kernel_cpu_time_ms;2026-03-25T00:42:14.798393351Z;0;cpu_core;90;local_machine;;cpu_state=steal
kernel_cpu_time_ms;2026-03-25T00:42:14.798393351Z;0;cpu_core;90;local_machine;;cpu_state=guest
kernel_cpu_time_ms;2026-03-25T00:42:14.798393351Z;0;cpu_core;90;local_machine;;cpu_state=guest_nice
kernel_cpu_time_ms;2026-03-25T00:42:14.798393351Z;0;cpu_core;91;local_machine;;cpu_state=user
kernel_cpu_time_ms;2026-03-25T00:42:14.798393351Z;0;cpu_core;91;local_machine;;cpu_state=nice
kernel_cpu_time_ms;2026-03-25T00:42:14.798393351Z;0;cpu_core;91;local_machine;;cpu_state=system
kernel_cpu_time_ms;2026-03-25T00:42:14.798393351Z;500;cpu_core;91;local_machine;;cpu_state=idle
kernel_cpu_time_ms;2026-03-25T00:42:14.798393351Z;0;cpu_core;91;local_machine;;cpu_state=irq
kernel_cpu_time_ms;2026-03-25T00:42:14.798393351Z;0;cpu_core;91;local_machine;;cpu_state=softirq
kernel_cpu_time_ms;2026-03-25T00:42:14.798393351Z;0;cpu_core;91;local_machine;;cpu_state=steal
kernel_cpu_time_ms;2026-03-25T00:42:14.798393351Z;0;cpu_core;91;local_machine;;cpu_state=guest
kernel_cpu_time_ms;2026-03-25T00:42:14.798393351Z;0;cpu_core;91;local_machine;;cpu_state=guest_nice
kernel_cpu_time_ms;2026-03-25T00:42:14.798393351Z;0;cpu_core;92;local_machine;;cpu_state=user
kernel_cpu_time_ms;2026-03-25T00:42:14.798393351Z;0;cpu_core;92;local_machine;;cpu_state=nice
kernel_cpu_time_ms;2026-03-25T00:42:14.798393351Z;0;cpu_core;92;local_machine;;cpu_state=system
kernel_cpu_time_ms;2026-03-25T00:42:14.798393351Z;500;cpu_core;92;local_machine;;cpu_state=idle
kernel_cpu_time_ms;2026-03-25T00:42:14.798393351Z;0;cpu_core;92;local_machine;;cpu_state=irq
kernel_cpu_time_ms;2026-03-25T00:42:14.798393351Z;0;cpu_core;92;local_machine;;cpu_state=softirq
kernel_cpu_time_ms;2026-03-25T00:42:14.798393351Z;0;cpu_core;92;local_machine;;cpu_state=steal
kernel_cpu_time_ms;2026-03-25T00:42:14.798393351Z;0;cpu_core;92;local_machine;;cpu_state=guest
kernel_cpu_time_ms;2026-03-25T00:42:14.798393351Z;0;cpu_core;92;local_machine;;cpu_state=guest_nice
kernel_cpu_time_ms;2026-03-25T00:42:14.798393351Z;0;cpu_core;93;local_machine;;cpu_state=user
kernel_cpu_time_ms;2026-03-25T00:42:14.798393351Z;0;cpu_core;93;local_machine;;cpu_state=nice
kernel_cpu_time_ms;2026-03-25T00:42:14.798393351Z;0;cpu_core;93;local_machine;;cpu_state=system
kernel_cpu_time_ms;2026-03-25T00:42:14.798393351Z;500;cpu_core;93;local_machine;;cpu_state=idle
kernel_cpu_time_ms;2026-03-25T00:42:14.798393351Z;0;cpu_core;93;local_machine;;cpu_state=irq
kernel_cpu_time_ms;2026-03-25T00:42:14.798393351Z;0;cpu_core;93;local_machine;;cpu_state=softirq
kernel_cpu_time_ms;2026-03-25T00:42:14.798393351Z;0;cpu_core;93;local_machine;;cpu_state=steal
kernel_cpu_time_ms;2026-03-25T00:42:14.798393351Z;0;cpu_core;93;local_machine;;cpu_state=guest
kernel_cpu_time_ms;2026-03-25T00:42:14.798393351Z;0;cpu_core;93;local_machine;;cpu_state=guest_nice
kernel_cpu_time_ms;2026-03-25T00:42:14.798393351Z;0;cpu_core;94;local_machine;;cpu_state=user
kernel_cpu_time_ms;2026-03-25T00:42:14.798393351Z;0;cpu_core;94;local_machine;;cpu_state=nice
kernel_cpu_time_ms;2026-03-25T00:42:14.798393351Z;0;cpu_core;94;local_machine;;cpu_state=system
kernel_cpu_time_ms;2026-03-25T00:42:14.798393351Z;500;cpu_core;94;local_machine;;cpu_state=idle
kernel_cpu_time_ms;2026-03-25T00:42:14.798393351Z;0;cpu_core;94;local_machine;;cpu_state=irq
kernel_cpu_time_ms;2026-03-25T00:42:14.798393351Z;0;cpu_core;94;local_machine;;cpu_state=softirq
kernel_cpu_time_ms;2026-03-25T00:42:14.798393351Z;0;cpu_core;94;local_machine;;cpu_state=steal
kernel_cpu_time_ms;2026-03-25T00:42:14.798393351Z;0;cpu_core;94;local_machine;;cpu_state=guest
kernel_cpu_time_ms;2026-03-25T00:42:14.798393351Z;0;cpu_core;94;local_machine;;cpu_state=guest_nice
kernel_cpu_time_ms;2026-03-25T00:42:14.798393351Z;390;cpu_core;95;local_machine;;cpu_state=user
kernel_cpu_time_ms;2026-03-25T00:42:14.798393351Z;0;cpu_core;95;local_machine;;cpu_state=nice
kernel_cpu_time_ms;2026-03-25T00:42:14.798393351Z;50;cpu_core;95;local_machine;;cpu_state=system
kernel_cpu_time_ms;2026-03-25T00:42:14.798393351Z;60;cpu_core;95;local_machine;;cpu_state=idle
kernel_cpu_time_ms;2026-03-25T00:42:14.798393351Z;0;cpu_core;95;local_machine;;cpu_state=irq
kernel_cpu_time_ms;2026-03-25T00:42:14.798393351Z;0;cpu_core;95;local_machine;;cpu_state=softirq
kernel_cpu_time_ms;2026-03-25T00:42:14.798393351Z;0;cpu_core;95;local_machine;;cpu_state=steal
kernel_cpu_time_ms;2026-03-25T00:42:14.798393351Z;0;cpu_core;95;local_machine;;cpu_state=guest
kernel_cpu_time_ms;2026-03-25T00:42:14.798393351Z;0;cpu_core;95;local_machine;;cpu_state=guest_nice
kernel_context_switches;2026-03-25T00:42:14.798393351Z;1634;local_machine;;local_machine;;
kernel_new_forks;2026-03-25T00:42:14.798393351Z;10;local_machine;;local_machine;;
kernel_n_procs_running;2026-03-25T00:42:14.798393351Z;8;local_machine;;local_machine;;
kernel_n_procs_blocked;2026-03-25T00:42:14.798393351Z;0;local_machine;;local_machine;;
nvml_energy_consumption_mJ;2026-03-25T00:42:14.298354932Z;16064;gpu;00000000:56:00.0;local_machine;;
nvml_instant_power_mW;2026-03-25T00:42:14.298354932Z;32342;gpu;00000000:56:00.0;local_machine;;
nvml_temperature_gpu_°C;2026-03-25T00:42:14.298354932Z;28;gpu;00000000:56:00.0;local_machine;;
nvml_gpu_utilization_%;2026-03-25T00:42:14.298354932Z;0;gpu;00000000:56:00.0;local_machine;;
nvml_memory_utilization_%;2026-03-25T00:42:14.298354932Z;0;gpu;00000000:56:00.0;local_machine;;
nvml_decoder_utilization_%;2026-03-25T00:42:14.298354932Z;0;gpu;00000000:56:00.0;local_machine;;
nvml_decoder_sampling_period_μs;2026-03-25T00:42:14.298354932Z;100000;gpu;00000000:56:00.0;local_machine;;
nvml_encoder_utilization_%;2026-03-25T00:42:14.298354932Z;0;gpu;00000000:56:00.0;local_machine;;
nvml_encoder_sampling_period_μs;2026-03-25T00:42:14.298354932Z;100000;gpu;00000000:56:00.0;local_machine;;
nvml_n_compute_processes;2026-03-25T00:42:14.298354932Z;0;gpu;00000000:56:00.0;local_machine;;
nvml_n_graphic_processes;2026-03-25T00:42:14.298354932Z;0;gpu;00000000:56:00.0;local_machine;;
nvml_energy_consumption_mJ;2026-03-25T00:42:14.798350627Z;16057;gpu;00000000:56:00.0;local_machine;;
nvml_instant_power_mW;2026-03-25T00:42:14.798350627Z;32342;gpu;00000000:56:00.0;local_machine;;
nvml_temperature_gpu_°C;2026-03-25T00:42:14.798350627Z;28;gpu;00000000:56:00.0;local_machine;;
nvml_gpu_utilization_%;2026-03-25T00:42:14.798350627Z;0;gpu;00000000:56:00.0;local_machine;;
nvml_memory_utilization_%;2026-03-25T00:42:14.798350627Z;0;gpu;00000000:56:00.0;local_machine;;
nvml_decoder_utilization_%;2026-03-25T00:42:14.798350627Z;0;gpu;00000000:56:00.0;local_machine;;
nvml_decoder_sampling_period_μs;2026-03-25T00:42:14.798350627Z;100000;gpu;00000000:56:00.0;local_machine;;
nvml_encoder_utilization_%;2026-03-25T00:42:14.798350627Z;0;gpu;00000000:56:00.0;local_machine;;
nvml_encoder_sampling_period_μs;2026-03-25T00:42:14.798350627Z;100000;gpu;00000000:56:00.0;local_machine;;
nvml_n_compute_processes;2026-03-25T00:42:14.798350627Z;0;gpu;00000000:56:00.0;local_machine;;
nvml_n_graphic_processes;2026-03-25T00:42:14.798350627Z;0;gpu;00000000:56:00.0;local_machine;;
nvml_energy_consumption_mJ;2026-03-25T00:42:14.298864558Z;17020;gpu;00000000:C3:00.0;local_machine;;
nvml_instant_power_mW;2026-03-25T00:42:14.298864558Z;34263;gpu;00000000:C3:00.0;local_machine;;
nvml_temperature_gpu_°C;2026-03-25T00:42:14.298864558Z;27;gpu;00000000:C3:00.0;local_machine;;
nvml_gpu_utilization_%;2026-03-25T00:42:14.298864558Z;0;gpu;00000000:C3:00.0;local_machine;;
nvml_memory_utilization_%;2026-03-25T00:42:14.298864558Z;0;gpu;00000000:C3:00.0;local_machine;;
nvml_decoder_utilization_%;2026-03-25T00:42:14.298864558Z;0;gpu;00000000:C3:00.0;local_machine;;
nvml_decoder_sampling_period_μs;2026-03-25T00:42:14.298864558Z;100000;gpu;00000000:C3:00.0;local_machine;;
nvml_encoder_utilization_%;2026-03-25T00:42:14.298864558Z;0;gpu;00000000:C3:00.0;local_machine;;
nvml_encoder_sampling_period_μs;2026-03-25T00:42:14.298864558Z;100000;gpu;00000000:C3:00.0;local_machine;;
nvml_n_compute_processes;2026-03-25T00:42:14.298864558Z;0;gpu;00000000:C3:00.0;local_machine;;
nvml_n_graphic_processes;2026-03-25T00:42:14.298864558Z;0;gpu;00000000:C3:00.0;local_machine;;
nvml_energy_consumption_mJ;2026-03-25T00:42:14.798919435Z;17050;gpu;00000000:C3:00.0;local_machine;;
nvml_instant_power_mW;2026-03-25T00:42:14.798919435Z;34261;gpu;00000000:C3:00.0;local_machine;;
nvml_temperature_gpu_°C;2026-03-25T00:42:14.798919435Z;27;gpu;00000000:C3:00.0;local_machine;;
nvml_gpu_utilization_%;2026-03-25T00:42:14.798919435Z;0;gpu;00000000:C3:00.0;local_machine;;
nvml_memory_utilization_%;2026-03-25T00:42:14.798919435Z;0;gpu;00000000:C3:00.0;local_machine;;
nvml_decoder_utilization_%;2026-03-25T00:42:14.798919435Z;0;gpu;00000000:C3:00.0;local_machine;;
nvml_decoder_sampling_period_μs;2026-03-25T00:42:14.798919435Z;100000;gpu;00000000:C3:00.0;local_machine;;
nvml_encoder_utilization_%;2026-03-25T00:42:14.798919435Z;0;gpu;00000000:C3:00.0;local_machine;;
nvml_encoder_sampling_period_μs;2026-03-25T00:42:14.798919435Z;100000;gpu;00000000:C3:00.0;local_machine;;
nvml_n_compute_processes;2026-03-25T00:42:14.798919435Z;0;gpu;00000000:C3:00.0;local_machine;;
nvml_n_graphic_processes;2026-03-25T00:42:14.798919435Z;0;gpu;00000000:C3:00.0;local_machine;;
nvml_energy_consumption_mJ;2026-03-25T00:42:14.298527513Z;16534;gpu;00000000:3F:00.0;local_machine;;
nvml_instant_power_mW;2026-03-25T00:42:14.298527513Z;33066;gpu;00000000:3F:00.0;local_machine;;
nvml_temperature_gpu_°C;2026-03-25T00:42:14.298527513Z;28;gpu;00000000:3F:00.0;local_machine;;
nvml_gpu_utilization_%;2026-03-25T00:42:14.298527513Z;0;gpu;00000000:3F:00.0;local_machine;;
nvml_memory_utilization_%;2026-03-25T00:42:14.298527513Z;0;gpu;00000000:3F:00.0;local_machine;;
nvml_decoder_utilization_%;2026-03-25T00:42:14.298527513Z;0;gpu;00000000:3F:00.0;local_machine;;
nvml_decoder_sampling_period_μs;2026-03-25T00:42:14.298527513Z;100000;gpu;00000000:3F:00.0;local_machine;;
nvml_encoder_utilization_%;2026-03-25T00:42:14.298527513Z;0;gpu;00000000:3F:00.0;local_machine;;
nvml_encoder_sampling_period_μs;2026-03-25T00:42:14.298527513Z;100000;gpu;00000000:3F:00.0;local_machine;;
nvml_n_compute_processes;2026-03-25T00:42:14.298527513Z;0;gpu;00000000:3F:00.0;local_machine;;
nvml_n_graphic_processes;2026-03-25T00:42:14.298527513Z;0;gpu;00000000:3F:00.0;local_machine;;
nvml_energy_consumption_mJ;2026-03-25T00:42:14.798520935Z;16527;gpu;00000000:3F:00.0;local_machine;;
nvml_instant_power_mW;2026-03-25T00:42:14.798520935Z;33076;gpu;00000000:3F:00.0;local_machine;;
nvml_temperature_gpu_°C;2026-03-25T00:42:14.798520935Z;28;gpu;00000000:3F:00.0;local_machine;;
nvml_gpu_utilization_%;2026-03-25T00:42:14.798520935Z;0;gpu;00000000:3F:00.0;local_machine;;
nvml_memory_utilization_%;2026-03-25T00:42:14.798520935Z;0;gpu;00000000:3F:00.0;local_machine;;
nvml_decoder_utilization_%;2026-03-25T00:42:14.798520935Z;0;gpu;00000000:3F:00.0;local_machine;;
nvml_decoder_sampling_period_μs;2026-03-25T00:42:14.798520935Z;100000;gpu;00000000:3F:00.0;local_machine;;
nvml_encoder_utilization_%;2026-03-25T00:42:14.798520935Z;0;gpu;00000000:3F:00.0;local_machine;;
nvml_encoder_sampling_period_μs;2026-03-25T00:42:14.798520935Z;100000;gpu;00000000:3F:00.0;local_machine;;
nvml_n_compute_processes;2026-03-25T00:42:14.798520935Z;0;gpu;00000000:3F:00.0;local_machine;;
nvml_n_graphic_processes;2026-03-25T00:42:14.798520935Z;0;gpu;00000000:3F:00.0;local_machine;;
nvml_energy_consumption_mJ;2026-03-25T00:42:14.298803134Z;17154;gpu;00000000:DA:00.0;local_machine;;
nvml_instant_power_mW;2026-03-25T00:42:14.298803134Z;34515;gpu;00000000:DA:00.0;local_machine;;
nvml_temperature_gpu_°C;2026-03-25T00:42:14.298803134Z;27;gpu;00000000:DA:00.0;local_machine;;
nvml_gpu_utilization_%;2026-03-25T00:42:14.298803134Z;0;gpu;00000000:DA:00.0;local_machine;;
nvml_memory_utilization_%;2026-03-25T00:42:14.298803134Z;0;gpu;00000000:DA:00.0;local_machine;;
nvml_decoder_utilization_%;2026-03-25T00:42:14.298803134Z;0;gpu;00000000:DA:00.0;local_machine;;
nvml_decoder_sampling_period_μs;2026-03-25T00:42:14.298803134Z;100000;gpu;00000000:DA:00.0;local_machine;;
nvml_encoder_utilization_%;2026-03-25T00:42:14.298803134Z;0;gpu;00000000:DA:00.0;local_machine;;
nvml_encoder_sampling_period_μs;2026-03-25T00:42:14.298803134Z;100000;gpu;00000000:DA:00.0;local_machine;;
nvml_n_compute_processes;2026-03-25T00:42:14.298803134Z;0;gpu;00000000:DA:00.0;local_machine;;
nvml_n_graphic_processes;2026-03-25T00:42:14.298803134Z;0;gpu;00000000:DA:00.0;local_machine;;
nvml_energy_consumption_mJ;2026-03-25T00:42:14.798803902Z;17163;gpu;00000000:DA:00.0;local_machine;;
nvml_instant_power_mW;2026-03-25T00:42:14.798803902Z;34516;gpu;00000000:DA:00.0;local_machine;;
nvml_temperature_gpu_°C;2026-03-25T00:42:14.798803902Z;27;gpu;00000000:DA:00.0;local_machine;;
nvml_gpu_utilization_%;2026-03-25T00:42:14.798803902Z;0;gpu;00000000:DA:00.0;local_machine;;
nvml_memory_utilization_%;2026-03-25T00:42:14.798803902Z;0;gpu;00000000:DA:00.0;local_machine;;
nvml_decoder_utilization_%;2026-03-25T00:42:14.798803902Z;0;gpu;00000000:DA:00.0;local_machine;;
nvml_decoder_sampling_period_μs;2026-03-25T00:42:14.798803902Z;100000;gpu;00000000:DA:00.0;local_machine;;
nvml_encoder_utilization_%;2026-03-25T00:42:14.798803902Z;0;gpu;00000000:DA:00.0;local_machine;;
nvml_encoder_sampling_period_μs;2026-03-25T00:42:14.798803902Z;100000;gpu;00000000:DA:00.0;local_machine;;
nvml_n_compute_processes;2026-03-25T00:42:14.798803902Z;0;gpu;00000000:DA:00.0;local_machine;;
nvml_n_graphic_processes;2026-03-25T00:42:14.798803902Z;0;gpu;00000000:DA:00.0;local_machine;;
mem_total_kB;2026-03-25T00:42:15.298260385Z;1081669578752;local_machine;;local_machine;;
mem_free_kB;2026-03-25T00:42:15.298260385Z;1027094822912;local_machine;;local_machine;;
mem_available_kB;2026-03-25T00:42:15.298260385Z;1063568539648;local_machine;;local_machine;;
cached_kB;2026-03-25T00:42:15.298260385Z;33521295360;local_machine;;local_machine;;
swap_cached_kB;2026-03-25T00:42:15.298260385Z;0;local_machine;;local_machine;;
active_kB;2026-03-25T00:42:15.298260385Z;7556534272;local_machine;;local_machine;;
inactive_kB;2026-03-25T00:42:15.298260385Z;34537459712;local_machine;;local_machine;;
mapped_kB;2026-03-25T00:42:15.298260385Z;646053888;local_machine;;local_machine;;
kernel_cpu_time_ms;2026-03-25T00:42:15.29839015Z;810;local_machine;;local_machine;;cpu_state=user
kernel_cpu_time_ms;2026-03-25T00:42:15.29839015Z;0;local_machine;;local_machine;;cpu_state=nice
kernel_cpu_time_ms;2026-03-25T00:42:15.29839015Z;280;local_machine;;local_machine;;cpu_state=system
kernel_cpu_time_ms;2026-03-25T00:42:15.29839015Z;46890;local_machine;;local_machine;;cpu_state=idle
kernel_cpu_time_ms;2026-03-25T00:42:15.29839015Z;0;local_machine;;local_machine;;cpu_state=irq
kernel_cpu_time_ms;2026-03-25T00:42:15.29839015Z;0;local_machine;;local_machine;;cpu_state=softirq
kernel_cpu_time_ms;2026-03-25T00:42:15.29839015Z;0;local_machine;;local_machine;;cpu_state=steal
kernel_cpu_time_ms;2026-03-25T00:42:15.29839015Z;0;local_machine;;local_machine;;cpu_state=guest
kernel_cpu_time_ms;2026-03-25T00:42:15.29839015Z;0;local_machine;;local_machine;;cpu_state=guest_nice
kernel_cpu_time_ms;2026-03-25T00:42:15.29839015Z;10;cpu_core;0;local_machine;;cpu_state=user
kernel_cpu_time_ms;2026-03-25T00:42:15.29839015Z;0;cpu_core;0;local_machine;;cpu_state=nice
kernel_cpu_time_ms;2026-03-25T00:42:15.29839015Z;20;cpu_core;0;local_machine;;cpu_state=system
kernel_cpu_time_ms;2026-03-25T00:42:15.29839015Z;470;cpu_core;0;local_machine;;cpu_state=idle
kernel_cpu_time_ms;2026-03-25T00:42:15.29839015Z;0;cpu_core;0;local_machine;;cpu_state=irq
kernel_cpu_time_ms;2026-03-25T00:42:15.29839015Z;0;cpu_core;0;local_machine;;cpu_state=softirq
kernel_cpu_time_ms;2026-03-25T00:42:15.29839015Z;0;cpu_core;0;local_machine;;cpu_state=steal
kernel_cpu_time_ms;2026-03-25T00:42:15.29839015Z;0;cpu_core;0;local_machine;;cpu_state=guest
kernel_cpu_time_ms;2026-03-25T00:42:15.29839015Z;0;cpu_core;0;local_machine;;cpu_state=guest_nice
kernel_cpu_time_ms;2026-03-25T00:42:15.29839015Z;0;cpu_core;1;local_machine;;cpu_state=user
kernel_cpu_time_ms;2026-03-25T00:42:15.29839015Z;0;cpu_core;1;local_machine;;cpu_state=nice
kernel_cpu_time_ms;2026-03-25T00:42:15.29839015Z;0;cpu_core;1;local_machine;;cpu_state=system
kernel_cpu_time_ms;2026-03-25T00:42:15.29839015Z;500;cpu_core;1;local_machine;;cpu_state=idle
kernel_cpu_time_ms;2026-03-25T00:42:15.29839015Z;0;cpu_core;1;local_machine;;cpu_state=irq
kernel_cpu_time_ms;2026-03-25T00:42:15.29839015Z;0;cpu_core;1;local_machine;;cpu_state=softirq
kernel_cpu_time_ms;2026-03-25T00:42:15.29839015Z;0;cpu_core;1;local_machine;;cpu_state=steal
kernel_cpu_time_ms;2026-03-25T00:42:15.29839015Z;0;cpu_core;1;local_machine;;cpu_state=guest
kernel_cpu_time_ms;2026-03-25T00:42:15.29839015Z;0;cpu_core;1;local_machine;;cpu_state=guest_nice
kernel_cpu_time_ms;2026-03-25T00:42:15.29839015Z;0;cpu_core;2;local_machine;;cpu_state=user
kernel_cpu_time_ms;2026-03-25T00:42:15.29839015Z;0;cpu_core;2;local_machine;;cpu_state=nice
kernel_cpu_time_ms;2026-03-25T00:42:15.29839015Z;0;cpu_core;2;local_machine;;cpu_state=system
kernel_cpu_time_ms;2026-03-25T00:42:15.29839015Z;500;cpu_core;2;local_machine;;cpu_state=idle
kernel_cpu_time_ms;2026-03-25T00:42:15.29839015Z;0;cpu_core;2;local_machine;;cpu_state=irq
kernel_cpu_time_ms;2026-03-25T00:42:15.29839015Z;0;cpu_core;2;local_machine;;cpu_state=softirq
kernel_cpu_time_ms;2026-03-25T00:42:15.29839015Z;0;cpu_core;2;local_machine;;cpu_state=steal
kernel_cpu_time_ms;2026-03-25T00:42:15.29839015Z;0;cpu_core;2;local_machine;;cpu_state=guest
kernel_cpu_time_ms;2026-03-25T00:42:15.29839015Z;0;cpu_core;2;local_machine;;cpu_state=guest_nice
kernel_cpu_time_ms;2026-03-25T00:42:15.29839015Z;0;cpu_core;3;local_machine;;cpu_state=user
kernel_cpu_time_ms;2026-03-25T00:42:15.29839015Z;0;cpu_core;3;local_machine;;cpu_state=nice
kernel_cpu_time_ms;2026-03-25T00:42:15.29839015Z;0;cpu_core;3;local_machine;;cpu_state=system
kernel_cpu_time_ms;2026-03-25T00:42:15.29839015Z;500;cpu_core;3;local_machine;;cpu_state=idle
kernel_cpu_time_ms;2026-03-25T00:42:15.29839015Z;0;cpu_core;3;local_machine;;cpu_state=irq
kernel_cpu_time_ms;2026-03-25T00:42:15.29839015Z;0;cpu_core;3;local_machine;;cpu_state=softirq
kernel_cpu_time_ms;2026-03-25T00:42:15.29839015Z;0;cpu_core;3;local_machine;;cpu_state=steal
kernel_cpu_time_ms;2026-03-25T00:42:15.29839015Z;0;cpu_core;3;local_machine;;cpu_state=guest
kernel_cpu_time_ms;2026-03-25T00:42:15.29839015Z;0;cpu_core;3;local_machine;;cpu_state=guest_nice
kernel_cpu_time_ms;2026-03-25T00:42:15.29839015Z;0;cpu_core;4;local_machine;;cpu_state=user
kernel_cpu_time_ms;2026-03-25T00:42:15.29839015Z;0;cpu_core;4;local_machine;;cpu_state=nice
kernel_cpu_time_ms;2026-03-25T00:42:15.29839015Z;0;cpu_core;4;local_machine;;cpu_state=system
kernel_cpu_time_ms;2026-03-25T00:42:15.29839015Z;490;cpu_core;4;local_machine;;cpu_state=idle
kernel_cpu_time_ms;2026-03-25T00:42:15.29839015Z;0;cpu_core;4;local_machine;;cpu_state=irq
kernel_cpu_time_ms;2026-03-25T00:42:15.29839015Z;0;cpu_core;4;local_machine;;cpu_state=softirq
kernel_cpu_time_ms;2026-03-25T00:42:15.29839015Z;0;cpu_core;4;local_machine;;cpu_state=steal
kernel_cpu_time_ms;2026-03-25T00:42:15.29839015Z;0;cpu_core;4;local_machine;;cpu_state=guest
kernel_cpu_time_ms;2026-03-25T00:42:15.29839015Z;0;cpu_core;4;local_machine;;cpu_state=guest_nice
kernel_cpu_time_ms;2026-03-25T00:42:15.29839015Z;0;cpu_core;5;local_machine;;cpu_state=user
kernel_cpu_time_ms;2026-03-25T00:42:15.29839015Z;0;cpu_core;5;local_machine;;cpu_state=nice
kernel_cpu_time_ms;2026-03-25T00:42:15.29839015Z;0;cpu_core;5;local_machine;;cpu_state=system
kernel_cpu_time_ms;2026-03-25T00:42:15.29839015Z;490;cpu_core;5;local_machine;;cpu_state=idle
kernel_cpu_time_ms;2026-03-25T00:42:15.29839015Z;0;cpu_core;5;local_machine;;cpu_state=irq
kernel_cpu_time_ms;2026-03-25T00:42:15.29839015Z;0;cpu_core;5;local_machine;;cpu_state=softirq
kernel_cpu_time_ms;2026-03-25T00:42:15.29839015Z;0;cpu_core;5;local_machine;;cpu_state=steal
kernel_cpu_time_ms;2026-03-25T00:42:15.29839015Z;0;cpu_core;5;local_machine;;cpu_state=guest
kernel_cpu_time_ms;2026-03-25T00:42:15.29839015Z;0;cpu_core;5;local_machine;;cpu_state=guest_nice
kernel_cpu_time_ms;2026-03-25T00:42:15.29839015Z;0;cpu_core;6;local_machine;;cpu_state=user
kernel_cpu_time_ms;2026-03-25T00:42:15.29839015Z;0;cpu_core;6;local_machine;;cpu_state=nice
kernel_cpu_time_ms;2026-03-25T00:42:15.29839015Z;0;cpu_core;6;local_machine;;cpu_state=system
kernel_cpu_time_ms;2026-03-25T00:42:15.29839015Z;500;cpu_core;6;local_machine;;cpu_state=idle
kernel_cpu_time_ms;2026-03-25T00:42:15.29839015Z;0;cpu_core;6;local_machine;;cpu_state=irq
kernel_cpu_time_ms;2026-03-25T00:42:15.29839015Z;0;cpu_core;6;local_machine;;cpu_state=softirq
kernel_cpu_time_ms;2026-03-25T00:42:15.29839015Z;0;cpu_core;6;local_machine;;cpu_state=steal
kernel_cpu_time_ms;2026-03-25T00:42:15.29839015Z;0;cpu_core;6;local_machine;;cpu_state=guest
kernel_cpu_time_ms;2026-03-25T00:42:15.29839015Z;0;cpu_core;6;local_machine;;cpu_state=guest_nice
kernel_cpu_time_ms;2026-03-25T00:42:15.29839015Z;0;cpu_core;7;local_machine;;cpu_state=user
kernel_cpu_time_ms;2026-03-25T00:42:15.29839015Z;0;cpu_core;7;local_machine;;cpu_state=nice
kernel_cpu_time_ms;2026-03-25T00:42:15.29839015Z;0;cpu_core;7;local_machine;;cpu_state=system
kernel_cpu_time_ms;2026-03-25T00:42:15.29839015Z;500;cpu_core;7;local_machine;;cpu_state=idle
kernel_cpu_time_ms;2026-03-25T00:42:15.29839015Z;0;cpu_core;7;local_machine;;cpu_state=irq
kernel_cpu_time_ms;2026-03-25T00:42:15.29839015Z;0;cpu_core;7;local_machine;;cpu_state=softirq
kernel_cpu_time_ms;2026-03-25T00:42:15.29839015Z;0;cpu_core;7;local_machine;;cpu_state=steal
kernel_cpu_time_ms;2026-03-25T00:42:15.29839015Z;0;cpu_core;7;local_machine;;cpu_state=guest
kernel_cpu_time_ms;2026-03-25T00:42:15.29839015Z;0;cpu_core;7;local_machine;;cpu_state=guest_nice
kernel_cpu_time_ms;2026-03-25T00:42:15.29839015Z;0;cpu_core;8;local_machine;;cpu_state=user
kernel_cpu_time_ms;2026-03-25T00:42:15.29839015Z;0;cpu_core;8;local_machine;;cpu_state=nice
kernel_cpu_time_ms;2026-03-25T00:42:15.29839015Z;0;cpu_core;8;local_machine;;cpu_state=system
kernel_cpu_time_ms;2026-03-25T00:42:15.29839015Z;500;cpu_core;8;local_machine;;cpu_state=idle
kernel_cpu_time_ms;2026-03-25T00:42:15.29839015Z;0;cpu_core;8;local_machine;;cpu_state=irq
kernel_cpu_time_ms;2026-03-25T00:42:15.29839015Z;0;cpu_core;8;local_machine;;cpu_state=softirq
kernel_cpu_time_ms;2026-03-25T00:42:15.29839015Z;0;cpu_core;8;local_machine;;cpu_state=steal
kernel_cpu_time_ms;2026-03-25T00:42:15.29839015Z;0;cpu_core;8;local_machine;;cpu_state=guest
kernel_cpu_time_ms;2026-03-25T00:42:15.29839015Z;0;cpu_core;8;local_machine;;cpu_state=guest_nice
kernel_cpu_time_ms;2026-03-25T00:42:15.29839015Z;0;cpu_core;9;local_machine;;cpu_state=user
kernel_cpu_time_ms;2026-03-25T00:42:15.29839015Z;0;cpu_core;9;local_machine;;cpu_state=nice
kernel_cpu_time_ms;2026-03-25T00:42:15.29839015Z;0;cpu_core;9;local_machine;;cpu_state=system
kernel_cpu_time_ms;2026-03-25T00:42:15.29839015Z;500;cpu_core;9;local_machine;;cpu_state=idle
kernel_cpu_time_ms;2026-03-25T00:42:15.29839015Z;0;cpu_core;9;local_machine;;cpu_state=irq
kernel_cpu_time_ms;2026-03-25T00:42:15.29839015Z;0;cpu_core;9;local_machine;;cpu_state=softirq
kernel_cpu_time_ms;2026-03-25T00:42:15.29839015Z;0;cpu_core;9;local_machine;;cpu_state=steal
kernel_cpu_time_ms;2026-03-25T00:42:15.29839015Z;0;cpu_core;9;local_machine;;cpu_state=guest
kernel_cpu_time_ms;2026-03-25T00:42:15.29839015Z;0;cpu_core;9;local_machine;;cpu_state=guest_nice
kernel_cpu_time_ms;2026-03-25T00:42:15.29839015Z;0;cpu_core;10;local_machine;;cpu_state=user
kernel_cpu_time_ms;2026-03-25T00:42:15.29839015Z;0;cpu_core;10;local_machine;;cpu_state=nice
kernel_cpu_time_ms;2026-03-25T00:42:15.29839015Z;0;cpu_core;10;local_machine;;cpu_state=system
kernel_cpu_time_ms;2026-03-25T00:42:15.29839015Z;500;cpu_core;10;local_machine;;cpu_state=idle
kernel_cpu_time_ms;2026-03-25T00:42:15.29839015Z;0;cpu_core;10;local_machine;;cpu_state=irq
kernel_cpu_time_ms;2026-03-25T00:42:15.29839015Z;0;cpu_core;10;local_machine;;cpu_state=softirq
kernel_cpu_time_ms;2026-03-25T00:42:15.29839015Z;0;cpu_core;10;local_machine;;cpu_state=steal
kernel_cpu_time_ms;2026-03-25T00:42:15.29839015Z;0;cpu_core;10;local_machine;;cpu_state=guest
kernel_cpu_time_ms;2026-03-25T00:42:15.29839015Z;0;cpu_core;10;local_machine;;cpu_state=guest_nice
kernel_cpu_time_ms;2026-03-25T00:42:15.29839015Z;0;cpu_core;11;local_machine;;cpu_state=user
kernel_cpu_time_ms;2026-03-25T00:42:15.29839015Z;0;cpu_core;11;local_machine;;cpu_state=nice
kernel_cpu_time_ms;2026-03-25T00:42:15.29839015Z;0;cpu_core;11;local_machine;;cpu_state=system
kernel_cpu_time_ms;2026-03-25T00:42:15.29839015Z;500;cpu_core;11;local_machine;;cpu_state=idle
kernel_cpu_time_ms;2026-03-25T00:42:15.29839015Z;0;cpu_core;11;local_machine;;cpu_state=irq
kernel_cpu_time_ms;2026-03-25T00:42:15.29839015Z;0;cpu_core;11;local_machine;;cpu_state=softirq
kernel_cpu_time_ms;2026-03-25T00:42:15.29839015Z;0;cpu_core;11;local_machine;;cpu_state=steal
kernel_cpu_time_ms;2026-03-25T00:42:15.29839015Z;0;cpu_core;11;local_machine;;cpu_state=guest
kernel_cpu_time_ms;2026-03-25T00:42:15.29839015Z;0;cpu_core;11;local_machine;;cpu_state=guest_nice
kernel_cpu_time_ms;2026-03-25T00:42:15.29839015Z;10;cpu_core;12;local_machine;;cpu_state=user
kernel_cpu_time_ms;2026-03-25T00:42:15.29839015Z;0;cpu_core;12;local_machine;;cpu_state=nice
kernel_cpu_time_ms;2026-03-25T00:42:15.29839015Z;0;cpu_core;12;local_machine;;cpu_state=system
kernel_cpu_time_ms;2026-03-25T00:42:15.29839015Z;500;cpu_core;12;local_machine;;cpu_state=idle
kernel_cpu_time_ms;2026-03-25T00:42:15.29839015Z;0;cpu_core;12;local_machine;;cpu_state=irq
kernel_cpu_time_ms;2026-03-25T00:42:15.29839015Z;0;cpu_core;12;local_machine;;cpu_state=softirq
kernel_cpu_time_ms;2026-03-25T00:42:15.29839015Z;0;cpu_core;12;local_machine;;cpu_state=steal
kernel_cpu_time_ms;2026-03-25T00:42:15.29839015Z;0;cpu_core;12;local_machine;;cpu_state=guest
kernel_cpu_time_ms;2026-03-25T00:42:15.29839015Z;0;cpu_core;12;local_machine;;cpu_state=guest_nice
kernel_cpu_time_ms;2026-03-25T00:42:15.29839015Z;0;cpu_core;13;local_machine;;cpu_state=user
kernel_cpu_time_ms;2026-03-25T00:42:15.29839015Z;0;cpu_core;13;local_machine;;cpu_state=nice
kernel_cpu_time_ms;2026-03-25T00:42:15.29839015Z;0;cpu_core;13;local_machine;;cpu_state=system
kernel_cpu_time_ms;2026-03-25T00:42:15.29839015Z;500;cpu_core;13;local_machine;;cpu_state=idle
kernel_cpu_time_ms;2026-03-25T00:42:15.29839015Z;0;cpu_core;13;local_machine;;cpu_state=irq
kernel_cpu_time_ms;2026-03-25T00:42:15.29839015Z;0;cpu_core;13;local_machine;;cpu_state=softirq
kernel_cpu_time_ms;2026-03-25T00:42:15.29839015Z;0;cpu_core;13;local_machine;;cpu_state=steal
kernel_cpu_time_ms;2026-03-25T00:42:15.29839015Z;0;cpu_core;13;local_machine;;cpu_state=guest
kernel_cpu_time_ms;2026-03-25T00:42:15.29839015Z;0;cpu_core;13;local_machine;;cpu_state=guest_nice
kernel_cpu_time_ms;2026-03-25T00:42:15.29839015Z;0;cpu_core;14;local_machine;;cpu_state=user
kernel_cpu_time_ms;2026-03-25T00:42:15.29839015Z;0;cpu_core;14;local_machine;;cpu_state=nice
kernel_cpu_time_ms;2026-03-25T00:42:15.29839015Z;0;cpu_core;14;local_machine;;cpu_state=system
kernel_cpu_time_ms;2026-03-25T00:42:15.29839015Z;500;cpu_core;14;local_machine;;cpu_state=idle
kernel_cpu_time_ms;2026-03-25T00:42:15.29839015Z;0;cpu_core;14;local_machine;;cpu_state=irq
kernel_cpu_time_ms;2026-03-25T00:42:15.29839015Z;0;cpu_core;14;local_machine;;cpu_state=softirq
kernel_cpu_time_ms;2026-03-25T00:42:15.29839015Z;0;cpu_core;14;local_machine;;cpu_state=steal
kernel_cpu_time_ms;2026-03-25T00:42:15.29839015Z;0;cpu_core;14;local_machine;;cpu_state=guest
kernel_cpu_time_ms;2026-03-25T00:42:15.29839015Z;0;cpu_core;14;local_machine;;cpu_state=guest_nice
kernel_cpu_time_ms;2026-03-25T00:42:15.29839015Z;0;cpu_core;15;local_machine;;cpu_state=user
kernel_cpu_time_ms;2026-03-25T00:42:15.29839015Z;0;cpu_core;15;local_machine;;cpu_state=nice
kernel_cpu_time_ms;2026-03-25T00:42:15.29839015Z;0;cpu_core;15;local_machine;;cpu_state=system
kernel_cpu_time_ms;2026-03-25T00:42:15.29839015Z;500;cpu_core;15;local_machine;;cpu_state=idle
kernel_cpu_time_ms;2026-03-25T00:42:15.29839015Z;0;cpu_core;15;local_machine;;cpu_state=irq
kernel_cpu_time_ms;2026-03-25T00:42:15.29839015Z;0;cpu_core;15;local_machine;;cpu_state=softirq
kernel_cpu_time_ms;2026-03-25T00:42:15.29839015Z;0;cpu_core;15;local_machine;;cpu_state=steal
kernel_cpu_time_ms;2026-03-25T00:42:15.29839015Z;0;cpu_core;15;local_machine;;cpu_state=guest
kernel_cpu_time_ms;2026-03-25T00:42:15.29839015Z;0;cpu_core;15;local_machine;;cpu_state=guest_nice
kernel_cpu_time_ms;2026-03-25T00:42:15.29839015Z;0;cpu_core;16;local_machine;;cpu_state=user
kernel_cpu_time_ms;2026-03-25T00:42:15.29839015Z;0;cpu_core;16;local_machine;;cpu_state=nice
kernel_cpu_time_ms;2026-03-25T00:42:15.29839015Z;0;cpu_core;16;local_machine;;cpu_state=system
kernel_cpu_time_ms;2026-03-25T00:42:15.29839015Z;500;cpu_core;16;local_machine;;cpu_state=idle
kernel_cpu_time_ms;2026-03-25T00:42:15.29839015Z;0;cpu_core;16;local_machine;;cpu_state=irq
kernel_cpu_time_ms;2026-03-25T00:42:15.29839015Z;0;cpu_core;16;local_machine;;cpu_state=softirq
kernel_cpu_time_ms;2026-03-25T00:42:15.29839015Z;0;cpu_core;16;local_machine;;cpu_state=steal
kernel_cpu_time_ms;2026-03-25T00:42:15.29839015Z;0;cpu_core;16;local_machine;;cpu_state=guest
kernel_cpu_time_ms;2026-03-25T00:42:15.29839015Z;0;cpu_core;16;local_machine;;cpu_state=guest_nice
kernel_cpu_time_ms;2026-03-25T00:42:15.29839015Z;0;cpu_core;17;local_machine;;cpu_state=user
kernel_cpu_time_ms;2026-03-25T00:42:15.29839015Z;0;cpu_core;17;local_machine;;cpu_state=nice
kernel_cpu_time_ms;2026-03-25T00:42:15.29839015Z;0;cpu_core;17;local_machine;;cpu_state=system
kernel_cpu_time_ms;2026-03-25T00:42:15.29839015Z;500;cpu_core;17;local_machine;;cpu_state=idle
kernel_cpu_time_ms;2026-03-25T00:42:15.29839015Z;0;cpu_core;17;local_machine;;cpu_state=irq
kernel_cpu_time_ms;2026-03-25T00:42:15.29839015Z;0;cpu_core;17;local_machine;;cpu_state=softirq
kernel_cpu_time_ms;2026-03-25T00:42:15.29839015Z;0;cpu_core;17;local_machine;;cpu_state=steal
kernel_cpu_time_ms;2026-03-25T00:42:15.29839015Z;0;cpu_core;17;local_machine;;cpu_state=guest
kernel_cpu_time_ms;2026-03-25T00:42:15.29839015Z;0;cpu_core;17;local_machine;;cpu_state=guest_nice
kernel_cpu_time_ms;2026-03-25T00:42:15.29839015Z;0;cpu_core;18;local_machine;;cpu_state=user
kernel_cpu_time_ms;2026-03-25T00:42:15.29839015Z;0;cpu_core;18;local_machine;;cpu_state=nice
kernel_cpu_time_ms;2026-03-25T00:42:15.29839015Z;0;cpu_core;18;local_machine;;cpu_state=system
kernel_cpu_time_ms;2026-03-25T00:42:15.29839015Z;500;cpu_core;18;local_machine;;cpu_state=idle
kernel_cpu_time_ms;2026-03-25T00:42:15.29839015Z;0;cpu_core;18;local_machine;;cpu_state=irq
kernel_cpu_time_ms;2026-03-25T00:42:15.29839015Z;0;cpu_core;18;local_machine;;cpu_state=softirq
kernel_cpu_time_ms;2026-03-25T00:42:15.29839015Z;0;cpu_core;18;local_machine;;cpu_state=steal
kernel_cpu_time_ms;2026-03-25T00:42:15.29839015Z;0;cpu_core;18;local_machine;;cpu_state=guest
kernel_cpu_time_ms;2026-03-25T00:42:15.29839015Z;0;cpu_core;18;local_machine;;cpu_state=guest_nice
kernel_cpu_time_ms;2026-03-25T00:42:15.29839015Z;0;cpu_core;19;local_machine;;cpu_state=user
kernel_cpu_time_ms;2026-03-25T00:42:15.29839015Z;0;cpu_core;19;local_machine;;cpu_state=nice
kernel_cpu_time_ms;2026-03-25T00:42:15.29839015Z;0;cpu_core;19;local_machine;;cpu_state=system
kernel_cpu_time_ms;2026-03-25T00:42:15.29839015Z;500;cpu_core;19;local_machine;;cpu_state=idle
kernel_cpu_time_ms;2026-03-25T00:42:15.29839015Z;0;cpu_core;19;local_machine;;cpu_state=irq
kernel_cpu_time_ms;2026-03-25T00:42:15.29839015Z;0;cpu_core;19;local_machine;;cpu_state=softirq
kernel_cpu_time_ms;2026-03-25T00:42:15.29839015Z;0;cpu_core;19;local_machine;;cpu_state=steal
kernel_cpu_time_ms;2026-03-25T00:42:15.29839015Z;0;cpu_core;19;local_machine;;cpu_state=guest
kernel_cpu_time_ms;2026-03-25T00:42:15.29839015Z;0;cpu_core;19;local_machine;;cpu_state=guest_nice
kernel_cpu_time_ms;2026-03-25T00:42:15.29839015Z;0;cpu_core;20;local_machine;;cpu_state=user
kernel_cpu_time_ms;2026-03-25T00:42:15.29839015Z;0;cpu_core;20;local_machine;;cpu_state=nice
kernel_cpu_time_ms;2026-03-25T00:42:15.29839015Z;0;cpu_core;20;local_machine;;cpu_state=system
kernel_cpu_time_ms;2026-03-25T00:42:15.29839015Z;500;cpu_core;20;local_machine;;cpu_state=idle
kernel_cpu_time_ms;2026-03-25T00:42:15.29839015Z;0;cpu_core;20;local_machine;;cpu_state=irq
kernel_cpu_time_ms;2026-03-25T00:42:15.29839015Z;0;cpu_core;20;local_machine;;cpu_state=softirq
kernel_cpu_time_ms;2026-03-25T00:42:15.29839015Z;0;cpu_core;20;local_machine;;cpu_state=steal
kernel_cpu_time_ms;2026-03-25T00:42:15.29839015Z;0;cpu_core;20;local_machine;;cpu_state=guest
kernel_cpu_time_ms;2026-03-25T00:42:15.29839015Z;0;cpu_core;20;local_machine;;cpu_state=guest_nice
kernel_cpu_time_ms;2026-03-25T00:42:15.29839015Z;0;cpu_core;21;local_machine;;cpu_state=user
kernel_cpu_time_ms;2026-03-25T00:42:15.29839015Z;0;cpu_core;21;local_machine;;cpu_state=nice
kernel_cpu_time_ms;2026-03-25T00:42:15.29839015Z;0;cpu_core;21;local_machine;;cpu_state=system
kernel_cpu_time_ms;2026-03-25T00:42:15.29839015Z;500;cpu_core;21;local_machine;;cpu_state=idle
kernel_cpu_time_ms;2026-03-25T00:42:15.29839015Z;0;cpu_core;21;local_machine;;cpu_state=irq
kernel_cpu_time_ms;2026-03-25T00:42:15.29839015Z;0;cpu_core;21;local_machine;;cpu_state=softirq
kernel_cpu_time_ms;2026-03-25T00:42:15.29839015Z;0;cpu_core;21;local_machine;;cpu_state=steal
kernel_cpu_time_ms;2026-03-25T00:42:15.29839015Z;0;cpu_core;21;local_machine;;cpu_state=guest
kernel_cpu_time_ms;2026-03-25T00:42:15.29839015Z;0;cpu_core;21;local_machine;;cpu_state=guest_nice
kernel_cpu_time_ms;2026-03-25T00:42:15.29839015Z;0;cpu_core;22;local_machine;;cpu_state=user
kernel_cpu_time_ms;2026-03-25T00:42:15.29839015Z;0;cpu_core;22;local_machine;;cpu_state=nice
kernel_cpu_time_ms;2026-03-25T00:42:15.29839015Z;0;cpu_core;22;local_machine;;cpu_state=system
kernel_cpu_time_ms;2026-03-25T00:42:15.29839015Z;500;cpu_core;22;local_machine;;cpu_state=idle
kernel_cpu_time_ms;2026-03-25T00:42:15.29839015Z;0;cpu_core;22;local_machine;;cpu_state=irq
kernel_cpu_time_ms;2026-03-25T00:42:15.29839015Z;0;cpu_core;22;local_machine;;cpu_state=softirq
kernel_cpu_time_ms;2026-03-25T00:42:15.29839015Z;0;cpu_core;22;local_machine;;cpu_state=steal
kernel_cpu_time_ms;2026-03-25T00:42:15.29839015Z;0;cpu_core;22;local_machine;;cpu_state=guest
kernel_cpu_time_ms;2026-03-25T00:42:15.29839015Z;0;cpu_core;22;local_machine;;cpu_state=guest_nice
kernel_cpu_time_ms;2026-03-25T00:42:15.29839015Z;0;cpu_core;23;local_machine;;cpu_state=user
kernel_cpu_time_ms;2026-03-25T00:42:15.29839015Z;0;cpu_core;23;local_machine;;cpu_state=nice
kernel_cpu_time_ms;2026-03-25T00:42:15.29839015Z;0;cpu_core;23;local_machine;;cpu_state=system
kernel_cpu_time_ms;2026-03-25T00:42:15.29839015Z;500;cpu_core;23;local_machine;;cpu_state=idle
kernel_cpu_time_ms;2026-03-25T00:42:15.29839015Z;0;cpu_core;23;local_machine;;cpu_state=irq
kernel_cpu_time_ms;2026-03-25T00:42:15.29839015Z;0;cpu_core;23;local_machine;;cpu_state=softirq
kernel_cpu_time_ms;2026-03-25T00:42:15.29839015Z;0;cpu_core;23;local_machine;;cpu_state=steal
kernel_cpu_time_ms;2026-03-25T00:42:15.29839015Z;0;cpu_core;23;local_machine;;cpu_state=guest
kernel_cpu_time_ms;2026-03-25T00:42:15.29839015Z;0;cpu_core;23;local_machine;;cpu_state=guest_nice
kernel_cpu_time_ms;2026-03-25T00:42:15.29839015Z;10;cpu_core;24;local_machine;;cpu_state=user
kernel_cpu_time_ms;2026-03-25T00:42:15.29839015Z;0;cpu_core;24;local_machine;;cpu_state=nice
kernel_cpu_time_ms;2026-03-25T00:42:15.29839015Z;0;cpu_core;24;local_machine;;cpu_state=system
kernel_cpu_time_ms;2026-03-25T00:42:15.29839015Z;500;cpu_core;24;local_machine;;cpu_state=idle
kernel_cpu_time_ms;2026-03-25T00:42:15.29839015Z;0;cpu_core;24;local_machine;;cpu_state=irq
kernel_cpu_time_ms;2026-03-25T00:42:15.29839015Z;0;cpu_core;24;local_machine;;cpu_state=softirq
kernel_cpu_time_ms;2026-03-25T00:42:15.29839015Z;0;cpu_core;24;local_machine;;cpu_state=steal
kernel_cpu_time_ms;2026-03-25T00:42:15.29839015Z;0;cpu_core;24;local_machine;;cpu_state=guest
kernel_cpu_time_ms;2026-03-25T00:42:15.29839015Z;0;cpu_core;24;local_machine;;cpu_state=guest_nice
kernel_cpu_time_ms;2026-03-25T00:42:15.29839015Z;0;cpu_core;25;local_machine;;cpu_state=user
kernel_cpu_time_ms;2026-03-25T00:42:15.29839015Z;0;cpu_core;25;local_machine;;cpu_state=nice
kernel_cpu_time_ms;2026-03-25T00:42:15.29839015Z;0;cpu_core;25;local_machine;;cpu_state=system
kernel_cpu_time_ms;2026-03-25T00:42:15.29839015Z;500;cpu_core;25;local_machine;;cpu_state=idle
kernel_cpu_time_ms;2026-03-25T00:42:15.29839015Z;0;cpu_core;25;local_machine;;cpu_state=irq
kernel_cpu_time_ms;2026-03-25T00:42:15.29839015Z;0;cpu_core;25;local_machine;;cpu_state=softirq
kernel_cpu_time_ms;2026-03-25T00:42:15.29839015Z;0;cpu_core;25;local_machine;;cpu_state=steal
kernel_cpu_time_ms;2026-03-25T00:42:15.29839015Z;0;cpu_core;25;local_machine;;cpu_state=guest
kernel_cpu_time_ms;2026-03-25T00:42:15.29839015Z;0;cpu_core;25;local_machine;;cpu_state=guest_nice
kernel_cpu_time_ms;2026-03-25T00:42:15.29839015Z;0;cpu_core;26;local_machine;;cpu_state=user
kernel_cpu_time_ms;2026-03-25T00:42:15.29839015Z;0;cpu_core;26;local_machine;;cpu_state=nice
kernel_cpu_time_ms;2026-03-25T00:42:15.29839015Z;0;cpu_core;26;local_machine;;cpu_state=system
kernel_cpu_time_ms;2026-03-25T00:42:15.29839015Z;500;cpu_core;26;local_machine;;cpu_state=idle
kernel_cpu_time_ms;2026-03-25T00:42:15.29839015Z;0;cpu_core;26;local_machine;;cpu_state=irq
kernel_cpu_time_ms;2026-03-25T00:42:15.29839015Z;0;cpu_core;26;local_machine;;cpu_state=softirq
kernel_cpu_time_ms;2026-03-25T00:42:15.29839015Z;0;cpu_core;26;local_machine;;cpu_state=steal
kernel_cpu_time_ms;2026-03-25T00:42:15.29839015Z;0;cpu_core;26;local_machine;;cpu_state=guest
kernel_cpu_time_ms;2026-03-25T00:42:15.29839015Z;0;cpu_core;26;local_machine;;cpu_state=guest_nice
kernel_cpu_time_ms;2026-03-25T00:42:15.29839015Z;0;cpu_core;27;local_machine;;cpu_state=user
kernel_cpu_time_ms;2026-03-25T00:42:15.29839015Z;0;cpu_core;27;local_machine;;cpu_state=nice
kernel_cpu_time_ms;2026-03-25T00:42:15.29839015Z;0;cpu_core;27;local_machine;;cpu_state=system
kernel_cpu_time_ms;2026-03-25T00:42:15.29839015Z;500;cpu_core;27;local_machine;;cpu_state=idle
kernel_cpu_time_ms;2026-03-25T00:42:15.29839015Z;0;cpu_core;27;local_machine;;cpu_state=irq
kernel_cpu_time_ms;2026-03-25T00:42:15.29839015Z;0;cpu_core;27;local_machine;;cpu_state=softirq
kernel_cpu_time_ms;2026-03-25T00:42:15.29839015Z;0;cpu_core;27;local_machine;;cpu_state=steal
kernel_cpu_time_ms;2026-03-25T00:42:15.29839015Z;0;cpu_core;27;local_machine;;cpu_state=guest
kernel_cpu_time_ms;2026-03-25T00:42:15.29839015Z;0;cpu_core;27;local_machine;;cpu_state=guest_nice
kernel_cpu_time_ms;2026-03-25T00:42:15.29839015Z;0;cpu_core;28;local_machine;;cpu_state=user
kernel_cpu_time_ms;2026-03-25T00:42:15.29839015Z;0;cpu_core;28;local_machine;;cpu_state=nice
kernel_cpu_time_ms;2026-03-25T00:42:15.29839015Z;0;cpu_core;28;local_machine;;cpu_state=system
kernel_cpu_time_ms;2026-03-25T00:42:15.29839015Z;500;cpu_core;28;local_machine;;cpu_state=idle
kernel_cpu_time_ms;2026-03-25T00:42:15.29839015Z;0;cpu_core;28;local_machine;;cpu_state=irq
kernel_cpu_time_ms;2026-03-25T00:42:15.29839015Z;0;cpu_core;28;local_machine;;cpu_state=softirq
kernel_cpu_time_ms;2026-03-25T00:42:15.29839015Z;0;cpu_core;28;local_machine;;cpu_state=steal
kernel_cpu_time_ms;2026-03-25T00:42:15.29839015Z;0;cpu_core;28;local_machine;;cpu_state=guest
kernel_cpu_time_ms;2026-03-25T00:42:15.29839015Z;0;cpu_core;28;local_machine;;cpu_state=guest_nice
kernel_cpu_time_ms;2026-03-25T00:42:15.29839015Z;0;cpu_core;29;local_machine;;cpu_state=user
kernel_cpu_time_ms;2026-03-25T00:42:15.29839015Z;0;cpu_core;29;local_machine;;cpu_state=nice
kernel_cpu_time_ms;2026-03-25T00:42:15.29839015Z;0;cpu_core;29;local_machine;;cpu_state=system
kernel_cpu_time_ms;2026-03-25T00:42:15.29839015Z;500;cpu_core;29;local_machine;;cpu_state=idle
kernel_cpu_time_ms;2026-03-25T00:42:15.29839015Z;0;cpu_core;29;local_machine;;cpu_state=irq
kernel_cpu_time_ms;2026-03-25T00:42:15.29839015Z;0;cpu_core;29;local_machine;;cpu_state=softirq
kernel_cpu_time_ms;2026-03-25T00:42:15.29839015Z;0;cpu_core;29;local_machine;;cpu_state=steal
kernel_cpu_time_ms;2026-03-25T00:42:15.29839015Z;0;cpu_core;29;local_machine;;cpu_state=guest
kernel_cpu_time_ms;2026-03-25T00:42:15.29839015Z;0;cpu_core;29;local_machine;;cpu_state=guest_nice
kernel_cpu_time_ms;2026-03-25T00:42:15.29839015Z;0;cpu_core;30;local_machine;;cpu_state=user
kernel_cpu_time_ms;2026-03-25T00:42:15.29839015Z;0;cpu_core;30;local_machine;;cpu_state=nice
kernel_cpu_time_ms;2026-03-25T00:42:15.29839015Z;0;cpu_core;30;local_machine;;cpu_state=system
kernel_cpu_time_ms;2026-03-25T00:42:15.29839015Z;500;cpu_core;30;local_machine;;cpu_state=idle
kernel_cpu_time_ms;2026-03-25T00:42:15.29839015Z;0;cpu_core;30;local_machine;;cpu_state=irq
kernel_cpu_time_ms;2026-03-25T00:42:15.29839015Z;0;cpu_core;30;local_machine;;cpu_state=softirq
kernel_cpu_time_ms;2026-03-25T00:42:15.29839015Z;0;cpu_core;30;local_machine;;cpu_state=steal
kernel_cpu_time_ms;2026-03-25T00:42:15.29839015Z;0;cpu_core;30;local_machine;;cpu_state=guest
kernel_cpu_time_ms;2026-03-25T00:42:15.29839015Z;0;cpu_core;30;local_machine;;cpu_state=guest_nice
kernel_cpu_time_ms;2026-03-25T00:42:15.29839015Z;0;cpu_core;31;local_machine;;cpu_state=user
kernel_cpu_time_ms;2026-03-25T00:42:15.29839015Z;0;cpu_core;31;local_machine;;cpu_state=nice
kernel_cpu_time_ms;2026-03-25T00:42:15.29839015Z;0;cpu_core;31;local_machine;;cpu_state=system
kernel_cpu_time_ms;2026-03-25T00:42:15.29839015Z;500;cpu_core;31;local_machine;;cpu_state=idle
kernel_cpu_time_ms;2026-03-25T00:42:15.29839015Z;0;cpu_core;31;local_machine;;cpu_state=irq
kernel_cpu_time_ms;2026-03-25T00:42:15.29839015Z;0;cpu_core;31;local_machine;;cpu_state=softirq
kernel_cpu_time_ms;2026-03-25T00:42:15.29839015Z;0;cpu_core;31;local_machine;;cpu_state=steal
kernel_cpu_time_ms;2026-03-25T00:42:15.29839015Z;0;cpu_core;31;local_machine;;cpu_state=guest
kernel_cpu_time_ms;2026-03-25T00:42:15.29839015Z;0;cpu_core;31;local_machine;;cpu_state=guest_nice
kernel_cpu_time_ms;2026-03-25T00:42:15.29839015Z;0;cpu_core;32;local_machine;;cpu_state=user
kernel_cpu_time_ms;2026-03-25T00:42:15.29839015Z;0;cpu_core;32;local_machine;;cpu_state=nice
kernel_cpu_time_ms;2026-03-25T00:42:15.29839015Z;0;cpu_core;32;local_machine;;cpu_state=system
kernel_cpu_time_ms;2026-03-25T00:42:15.29839015Z;500;cpu_core;32;local_machine;;cpu_state=idle
kernel_cpu_time_ms;2026-03-25T00:42:15.29839015Z;0;cpu_core;32;local_machine;;cpu_state=irq
kernel_cpu_time_ms;2026-03-25T00:42:15.29839015Z;0;cpu_core;32;local_machine;;cpu_state=softirq
kernel_cpu_time_ms;2026-03-25T00:42:15.29839015Z;0;cpu_core;32;local_machine;;cpu_state=steal
kernel_cpu_time_ms;2026-03-25T00:42:15.29839015Z;0;cpu_core;32;local_machine;;cpu_state=guest
kernel_cpu_time_ms;2026-03-25T00:42:15.29839015Z;0;cpu_core;32;local_machine;;cpu_state=guest_nice
kernel_cpu_time_ms;2026-03-25T00:42:15.29839015Z;0;cpu_core;33;local_machine;;cpu_state=user
kernel_cpu_time_ms;2026-03-25T00:42:15.29839015Z;0;cpu_core;33;local_machine;;cpu_state=nice
kernel_cpu_time_ms;2026-03-25T00:42:15.29839015Z;0;cpu_core;33;local_machine;;cpu_state=system
kernel_cpu_time_ms;2026-03-25T00:42:15.29839015Z;500;cpu_core;33;local_machine;;cpu_state=idle
kernel_cpu_time_ms;2026-03-25T00:42:15.29839015Z;0;cpu_core;33;local_machine;;cpu_state=irq
kernel_cpu_time_ms;2026-03-25T00:42:15.29839015Z;0;cpu_core;33;local_machine;;cpu_state=softirq
kernel_cpu_time_ms;2026-03-25T00:42:15.29839015Z;0;cpu_core;33;local_machine;;cpu_state=steal
kernel_cpu_time_ms;2026-03-25T00:42:15.29839015Z;0;cpu_core;33;local_machine;;cpu_state=guest
kernel_cpu_time_ms;2026-03-25T00:42:15.29839015Z;0;cpu_core;33;local_machine;;cpu_state=guest_nice
kernel_cpu_time_ms;2026-03-25T00:42:15.29839015Z;0;cpu_core;34;local_machine;;cpu_state=user
kernel_cpu_time_ms;2026-03-25T00:42:15.29839015Z;0;cpu_core;34;local_machine;;cpu_state=nice
kernel_cpu_time_ms;2026-03-25T00:42:15.29839015Z;0;cpu_core;34;local_machine;;cpu_state=system
kernel_cpu_time_ms;2026-03-25T00:42:15.29839015Z;500;cpu_core;34;local_machine;;cpu_state=idle
kernel_cpu_time_ms;2026-03-25T00:42:15.29839015Z;0;cpu_core;34;local_machine;;cpu_state=irq
kernel_cpu_time_ms;2026-03-25T00:42:15.29839015Z;0;cpu_core;34;local_machine;;cpu_state=softirq
kernel_cpu_time_ms;2026-03-25T00:42:15.29839015Z;0;cpu_core;34;local_machine;;cpu_state=steal
kernel_cpu_time_ms;2026-03-25T00:42:15.29839015Z;0;cpu_core;34;local_machine;;cpu_state=guest
kernel_cpu_time_ms;2026-03-25T00:42:15.29839015Z;0;cpu_core;34;local_machine;;cpu_state=guest_nice
kernel_cpu_time_ms;2026-03-25T00:42:15.29839015Z;0;cpu_core;35;local_machine;;cpu_state=user
kernel_cpu_time_ms;2026-03-25T00:42:15.29839015Z;0;cpu_core;35;local_machine;;cpu_state=nice
kernel_cpu_time_ms;2026-03-25T00:42:15.29839015Z;0;cpu_core;35;local_machine;;cpu_state=system
kernel_cpu_time_ms;2026-03-25T00:42:15.29839015Z;490;cpu_core;35;local_machine;;cpu_state=idle
kernel_cpu_time_ms;2026-03-25T00:42:15.29839015Z;0;cpu_core;35;local_machine;;cpu_state=irq
kernel_cpu_time_ms;2026-03-25T00:42:15.29839015Z;0;cpu_core;35;local_machine;;cpu_state=softirq
kernel_cpu_time_ms;2026-03-25T00:42:15.29839015Z;0;cpu_core;35;local_machine;;cpu_state=steal
kernel_cpu_time_ms;2026-03-25T00:42:15.29839015Z;0;cpu_core;35;local_machine;;cpu_state=guest
kernel_cpu_time_ms;2026-03-25T00:42:15.29839015Z;0;cpu_core;35;local_machine;;cpu_state=guest_nice
kernel_cpu_time_ms;2026-03-25T00:42:15.29839015Z;0;cpu_core;36;local_machine;;cpu_state=user
kernel_cpu_time_ms;2026-03-25T00:42:15.29839015Z;0;cpu_core;36;local_machine;;cpu_state=nice
kernel_cpu_time_ms;2026-03-25T00:42:15.29839015Z;0;cpu_core;36;local_machine;;cpu_state=system
kernel_cpu_time_ms;2026-03-25T00:42:15.29839015Z;500;cpu_core;36;local_machine;;cpu_state=idle
kernel_cpu_time_ms;2026-03-25T00:42:15.29839015Z;0;cpu_core;36;local_machine;;cpu_state=irq
kernel_cpu_time_ms;2026-03-25T00:42:15.29839015Z;0;cpu_core;36;local_machine;;cpu_state=softirq
kernel_cpu_time_ms;2026-03-25T00:42:15.29839015Z;0;cpu_core;36;local_machine;;cpu_state=steal
kernel_cpu_time_ms;2026-03-25T00:42:15.29839015Z;0;cpu_core;36;local_machine;;cpu_state=guest
kernel_cpu_time_ms;2026-03-25T00:42:15.29839015Z;0;cpu_core;36;local_machine;;cpu_state=guest_nice
kernel_cpu_time_ms;2026-03-25T00:42:15.29839015Z;10;cpu_core;37;local_machine;;cpu_state=user
kernel_cpu_time_ms;2026-03-25T00:42:15.29839015Z;0;cpu_core;37;local_machine;;cpu_state=nice
kernel_cpu_time_ms;2026-03-25T00:42:15.29839015Z;0;cpu_core;37;local_machine;;cpu_state=system
kernel_cpu_time_ms;2026-03-25T00:42:15.29839015Z;500;cpu_core;37;local_machine;;cpu_state=idle
kernel_cpu_time_ms;2026-03-25T00:42:15.29839015Z;0;cpu_core;37;local_machine;;cpu_state=irq
kernel_cpu_time_ms;2026-03-25T00:42:15.29839015Z;0;cpu_core;37;local_machine;;cpu_state=softirq
kernel_cpu_time_ms;2026-03-25T00:42:15.29839015Z;0;cpu_core;37;local_machine;;cpu_state=steal
kernel_cpu_time_ms;2026-03-25T00:42:15.29839015Z;0;cpu_core;37;local_machine;;cpu_state=guest
kernel_cpu_time_ms;2026-03-25T00:42:15.29839015Z;0;cpu_core;37;local_machine;;cpu_state=guest_nice
kernel_cpu_time_ms;2026-03-25T00:42:15.29839015Z;0;cpu_core;38;local_machine;;cpu_state=user
kernel_cpu_time_ms;2026-03-25T00:42:15.29839015Z;0;cpu_core;38;local_machine;;cpu_state=nice
kernel_cpu_time_ms;2026-03-25T00:42:15.29839015Z;0;cpu_core;38;local_machine;;cpu_state=system
kernel_cpu_time_ms;2026-03-25T00:42:15.29839015Z;500;cpu_core;38;local_machine;;cpu_state=idle
kernel_cpu_time_ms;2026-03-25T00:42:15.29839015Z;0;cpu_core;38;local_machine;;cpu_state=irq
kernel_cpu_time_ms;2026-03-25T00:42:15.29839015Z;0;cpu_core;38;local_machine;;cpu_state=softirq
kernel_cpu_time_ms;2026-03-25T00:42:15.29839015Z;0;cpu_core;38;local_machine;;cpu_state=steal
kernel_cpu_time_ms;2026-03-25T00:42:15.29839015Z;0;cpu_core;38;local_machine;;cpu_state=guest
kernel_cpu_time_ms;2026-03-25T00:42:15.29839015Z;0;cpu_core;38;local_machine;;cpu_state=guest_nice
kernel_cpu_time_ms;2026-03-25T00:42:15.29839015Z;0;cpu_core;39;local_machine;;cpu_state=user
kernel_cpu_time_ms;2026-03-25T00:42:15.29839015Z;0;cpu_core;39;local_machine;;cpu_state=nice
kernel_cpu_time_ms;2026-03-25T00:42:15.29839015Z;0;cpu_core;39;local_machine;;cpu_state=system
kernel_cpu_time_ms;2026-03-25T00:42:15.29839015Z;500;cpu_core;39;local_machine;;cpu_state=idle
kernel_cpu_time_ms;2026-03-25T00:42:15.29839015Z;0;cpu_core;39;local_machine;;cpu_state=irq
kernel_cpu_time_ms;2026-03-25T00:42:15.29839015Z;0;cpu_core;39;local_machine;;cpu_state=softirq
kernel_cpu_time_ms;2026-03-25T00:42:15.29839015Z;0;cpu_core;39;local_machine;;cpu_state=steal
kernel_cpu_time_ms;2026-03-25T00:42:15.29839015Z;0;cpu_core;39;local_machine;;cpu_state=guest
kernel_cpu_time_ms;2026-03-25T00:42:15.29839015Z;0;cpu_core;39;local_machine;;cpu_state=guest_nice
kernel_cpu_time_ms;2026-03-25T00:42:15.29839015Z;400;cpu_core;40;local_machine;;cpu_state=user
kernel_cpu_time_ms;2026-03-25T00:42:15.29839015Z;0;cpu_core;40;local_machine;;cpu_state=nice
kernel_cpu_time_ms;2026-03-25T00:42:15.29839015Z;100;cpu_core;40;local_machine;;cpu_state=system
kernel_cpu_time_ms;2026-03-25T00:42:15.29839015Z;0;cpu_core;40;local_machine;;cpu_state=idle
kernel_cpu_time_ms;2026-03-25T00:42:15.29839015Z;0;cpu_core;40;local_machine;;cpu_state=irq
kernel_cpu_time_ms;2026-03-25T00:42:15.29839015Z;0;cpu_core;40;local_machine;;cpu_state=softirq
kernel_cpu_time_ms;2026-03-25T00:42:15.29839015Z;0;cpu_core;40;local_machine;;cpu_state=steal
kernel_cpu_time_ms;2026-03-25T00:42:15.29839015Z;0;cpu_core;40;local_machine;;cpu_state=guest
kernel_cpu_time_ms;2026-03-25T00:42:15.29839015Z;0;cpu_core;40;local_machine;;cpu_state=guest_nice
kernel_cpu_time_ms;2026-03-25T00:42:15.29839015Z;0;cpu_core;41;local_machine;;cpu_state=user
kernel_cpu_time_ms;2026-03-25T00:42:15.29839015Z;0;cpu_core;41;local_machine;;cpu_state=nice
kernel_cpu_time_ms;2026-03-25T00:42:15.29839015Z;0;cpu_core;41;local_machine;;cpu_state=system
kernel_cpu_time_ms;2026-03-25T00:42:15.29839015Z;500;cpu_core;41;local_machine;;cpu_state=idle
kernel_cpu_time_ms;2026-03-25T00:42:15.29839015Z;0;cpu_core;41;local_machine;;cpu_state=irq
kernel_cpu_time_ms;2026-03-25T00:42:15.29839015Z;0;cpu_core;41;local_machine;;cpu_state=softirq
kernel_cpu_time_ms;2026-03-25T00:42:15.29839015Z;0;cpu_core;41;local_machine;;cpu_state=steal
kernel_cpu_time_ms;2026-03-25T00:42:15.29839015Z;0;cpu_core;41;local_machine;;cpu_state=guest
kernel_cpu_time_ms;2026-03-25T00:42:15.29839015Z;0;cpu_core;41;local_machine;;cpu_state=guest_nice
kernel_cpu_time_ms;2026-03-25T00:42:15.29839015Z;0;cpu_core;42;local_machine;;cpu_state=user
kernel_cpu_time_ms;2026-03-25T00:42:15.29839015Z;0;cpu_core;42;local_machine;;cpu_state=nice
kernel_cpu_time_ms;2026-03-25T00:42:15.29839015Z;0;cpu_core;42;local_machine;;cpu_state=system
kernel_cpu_time_ms;2026-03-25T00:42:15.29839015Z;500;cpu_core;42;local_machine;;cpu_state=idle
kernel_cpu_time_ms;2026-03-25T00:42:15.29839015Z;0;cpu_core;42;local_machine;;cpu_state=irq
kernel_cpu_time_ms;2026-03-25T00:42:15.29839015Z;0;cpu_core;42;local_machine;;cpu_state=softirq
kernel_cpu_time_ms;2026-03-25T00:42:15.29839015Z;0;cpu_core;42;local_machine;;cpu_state=steal
kernel_cpu_time_ms;2026-03-25T00:42:15.29839015Z;0;cpu_core;42;local_machine;;cpu_state=guest
kernel_cpu_time_ms;2026-03-25T00:42:15.29839015Z;0;cpu_core;42;local_machine;;cpu_state=guest_nice
kernel_cpu_time_ms;2026-03-25T00:42:15.29839015Z;0;cpu_core;43;local_machine;;cpu_state=user
kernel_cpu_time_ms;2026-03-25T00:42:15.29839015Z;0;cpu_core;43;local_machine;;cpu_state=nice
kernel_cpu_time_ms;2026-03-25T00:42:15.29839015Z;0;cpu_core;43;local_machine;;cpu_state=system
kernel_cpu_time_ms;2026-03-25T00:42:15.29839015Z;500;cpu_core;43;local_machine;;cpu_state=idle
kernel_cpu_time_ms;2026-03-25T00:42:15.29839015Z;0;cpu_core;43;local_machine;;cpu_state=irq
kernel_cpu_time_ms;2026-03-25T00:42:15.29839015Z;0;cpu_core;43;local_machine;;cpu_state=softirq
kernel_cpu_time_ms;2026-03-25T00:42:15.29839015Z;0;cpu_core;43;local_machine;;cpu_state=steal
kernel_cpu_time_ms;2026-03-25T00:42:15.29839015Z;0;cpu_core;43;local_machine;;cpu_state=guest
kernel_cpu_time_ms;2026-03-25T00:42:15.29839015Z;0;cpu_core;43;local_machine;;cpu_state=guest_nice
kernel_cpu_time_ms;2026-03-25T00:42:15.29839015Z;0;cpu_core;44;local_machine;;cpu_state=user
kernel_cpu_time_ms;2026-03-25T00:42:15.29839015Z;0;cpu_core;44;local_machine;;cpu_state=nice
kernel_cpu_time_ms;2026-03-25T00:42:15.29839015Z;0;cpu_core;44;local_machine;;cpu_state=system
kernel_cpu_time_ms;2026-03-25T00:42:15.29839015Z;500;cpu_core;44;local_machine;;cpu_state=idle
kernel_cpu_time_ms;2026-03-25T00:42:15.29839015Z;0;cpu_core;44;local_machine;;cpu_state=irq
kernel_cpu_time_ms;2026-03-25T00:42:15.29839015Z;0;cpu_core;44;local_machine;;cpu_state=softirq
kernel_cpu_time_ms;2026-03-25T00:42:15.29839015Z;0;cpu_core;44;local_machine;;cpu_state=steal
kernel_cpu_time_ms;2026-03-25T00:42:15.29839015Z;0;cpu_core;44;local_machine;;cpu_state=guest
kernel_cpu_time_ms;2026-03-25T00:42:15.29839015Z;0;cpu_core;44;local_machine;;cpu_state=guest_nice
kernel_cpu_time_ms;2026-03-25T00:42:15.29839015Z;0;cpu_core;45;local_machine;;cpu_state=user
kernel_cpu_time_ms;2026-03-25T00:42:15.29839015Z;0;cpu_core;45;local_machine;;cpu_state=nice
kernel_cpu_time_ms;2026-03-25T00:42:15.29839015Z;0;cpu_core;45;local_machine;;cpu_state=system
kernel_cpu_time_ms;2026-03-25T00:42:15.29839015Z;500;cpu_core;45;local_machine;;cpu_state=idle
kernel_cpu_time_ms;2026-03-25T00:42:15.29839015Z;0;cpu_core;45;local_machine;;cpu_state=irq
kernel_cpu_time_ms;2026-03-25T00:42:15.29839015Z;0;cpu_core;45;local_machine;;cpu_state=softirq
kernel_cpu_time_ms;2026-03-25T00:42:15.29839015Z;0;cpu_core;45;local_machine;;cpu_state=steal
kernel_cpu_time_ms;2026-03-25T00:42:15.29839015Z;0;cpu_core;45;local_machine;;cpu_state=guest
kernel_cpu_time_ms;2026-03-25T00:42:15.29839015Z;0;cpu_core;45;local_machine;;cpu_state=guest_nice
kernel_cpu_time_ms;2026-03-25T00:42:15.29839015Z;0;cpu_core;46;local_machine;;cpu_state=user
kernel_cpu_time_ms;2026-03-25T00:42:15.29839015Z;0;cpu_core;46;local_machine;;cpu_state=nice
kernel_cpu_time_ms;2026-03-25T00:42:15.29839015Z;0;cpu_core;46;local_machine;;cpu_state=system
kernel_cpu_time_ms;2026-03-25T00:42:15.29839015Z;490;cpu_core;46;local_machine;;cpu_state=idle
kernel_cpu_time_ms;2026-03-25T00:42:15.29839015Z;0;cpu_core;46;local_machine;;cpu_state=irq
kernel_cpu_time_ms;2026-03-25T00:42:15.29839015Z;0;cpu_core;46;local_machine;;cpu_state=softirq
kernel_cpu_time_ms;2026-03-25T00:42:15.29839015Z;0;cpu_core;46;local_machine;;cpu_state=steal
kernel_cpu_time_ms;2026-03-25T00:42:15.29839015Z;0;cpu_core;46;local_machine;;cpu_state=guest
kernel_cpu_time_ms;2026-03-25T00:42:15.29839015Z;0;cpu_core;46;local_machine;;cpu_state=guest_nice
kernel_cpu_time_ms;2026-03-25T00:42:15.29839015Z;0;cpu_core;47;local_machine;;cpu_state=user
kernel_cpu_time_ms;2026-03-25T00:42:15.29839015Z;0;cpu_core;47;local_machine;;cpu_state=nice
kernel_cpu_time_ms;2026-03-25T00:42:15.29839015Z;0;cpu_core;47;local_machine;;cpu_state=system
kernel_cpu_time_ms;2026-03-25T00:42:15.29839015Z;500;cpu_core;47;local_machine;;cpu_state=idle
kernel_cpu_time_ms;2026-03-25T00:42:15.29839015Z;0;cpu_core;47;local_machine;;cpu_state=irq
kernel_cpu_time_ms;2026-03-25T00:42:15.29839015Z;0;cpu_core;47;local_machine;;cpu_state=softirq
kernel_cpu_time_ms;2026-03-25T00:42:15.29839015Z;0;cpu_core;47;local_machine;;cpu_state=steal
kernel_cpu_time_ms;2026-03-25T00:42:15.29839015Z;0;cpu_core;47;local_machine;;cpu_state=guest
kernel_cpu_time_ms;2026-03-25T00:42:15.29839015Z;0;cpu_core;47;local_machine;;cpu_state=guest_nice
kernel_cpu_time_ms;2026-03-25T00:42:15.29839015Z;0;cpu_core;48;local_machine;;cpu_state=user
kernel_cpu_time_ms;2026-03-25T00:42:15.29839015Z;0;cpu_core;48;local_machine;;cpu_state=nice
kernel_cpu_time_ms;2026-03-25T00:42:15.29839015Z;0;cpu_core;48;local_machine;;cpu_state=system
kernel_cpu_time_ms;2026-03-25T00:42:15.29839015Z;500;cpu_core;48;local_machine;;cpu_state=idle
kernel_cpu_time_ms;2026-03-25T00:42:15.29839015Z;0;cpu_core;48;local_machine;;cpu_state=irq
kernel_cpu_time_ms;2026-03-25T00:42:15.29839015Z;0;cpu_core;48;local_machine;;cpu_state=softirq
kernel_cpu_time_ms;2026-03-25T00:42:15.29839015Z;0;cpu_core;48;local_machine;;cpu_state=steal
kernel_cpu_time_ms;2026-03-25T00:42:15.29839015Z;0;cpu_core;48;local_machine;;cpu_state=guest
kernel_cpu_time_ms;2026-03-25T00:42:15.29839015Z;0;cpu_core;48;local_machine;;cpu_state=guest_nice
kernel_cpu_time_ms;2026-03-25T00:42:15.29839015Z;0;cpu_core;49;local_machine;;cpu_state=user
kernel_cpu_time_ms;2026-03-25T00:42:15.29839015Z;0;cpu_core;49;local_machine;;cpu_state=nice
kernel_cpu_time_ms;2026-03-25T00:42:15.29839015Z;0;cpu_core;49;local_machine;;cpu_state=system
kernel_cpu_time_ms;2026-03-25T00:42:15.29839015Z;500;cpu_core;49;local_machine;;cpu_state=idle
kernel_cpu_time_ms;2026-03-25T00:42:15.29839015Z;0;cpu_core;49;local_machine;;cpu_state=irq
kernel_cpu_time_ms;2026-03-25T00:42:15.29839015Z;0;cpu_core;49;local_machine;;cpu_state=softirq
kernel_cpu_time_ms;2026-03-25T00:42:15.29839015Z;0;cpu_core;49;local_machine;;cpu_state=steal
kernel_cpu_time_ms;2026-03-25T00:42:15.29839015Z;0;cpu_core;49;local_machine;;cpu_state=guest
kernel_cpu_time_ms;2026-03-25T00:42:15.29839015Z;0;cpu_core;49;local_machine;;cpu_state=guest_nice
kernel_cpu_time_ms;2026-03-25T00:42:15.29839015Z;0;cpu_core;50;local_machine;;cpu_state=user
kernel_cpu_time_ms;2026-03-25T00:42:15.29839015Z;0;cpu_core;50;local_machine;;cpu_state=nice
kernel_cpu_time_ms;2026-03-25T00:42:15.29839015Z;0;cpu_core;50;local_machine;;cpu_state=system
kernel_cpu_time_ms;2026-03-25T00:42:15.29839015Z;490;cpu_core;50;local_machine;;cpu_state=idle
kernel_cpu_time_ms;2026-03-25T00:42:15.29839015Z;0;cpu_core;50;local_machine;;cpu_state=irq
kernel_cpu_time_ms;2026-03-25T00:42:15.29839015Z;0;cpu_core;50;local_machine;;cpu_state=softirq
kernel_cpu_time_ms;2026-03-25T00:42:15.29839015Z;0;cpu_core;50;local_machine;;cpu_state=steal
kernel_cpu_time_ms;2026-03-25T00:42:15.29839015Z;0;cpu_core;50;local_machine;;cpu_state=guest
kernel_cpu_time_ms;2026-03-25T00:42:15.29839015Z;0;cpu_core;50;local_machine;;cpu_state=guest_nice
kernel_cpu_time_ms;2026-03-25T00:42:15.29839015Z;0;cpu_core;51;local_machine;;cpu_state=user
kernel_cpu_time_ms;2026-03-25T00:42:15.29839015Z;0;cpu_core;51;local_machine;;cpu_state=nice
kernel_cpu_time_ms;2026-03-25T00:42:15.29839015Z;0;cpu_core;51;local_machine;;cpu_state=system
kernel_cpu_time_ms;2026-03-25T00:42:15.29839015Z;500;cpu_core;51;local_machine;;cpu_state=idle
kernel_cpu_time_ms;2026-03-25T00:42:15.29839015Z;0;cpu_core;51;local_machine;;cpu_state=irq
kernel_cpu_time_ms;2026-03-25T00:42:15.29839015Z;0;cpu_core;51;local_machine;;cpu_state=softirq
kernel_cpu_time_ms;2026-03-25T00:42:15.29839015Z;0;cpu_core;51;local_machine;;cpu_state=steal
kernel_cpu_time_ms;2026-03-25T00:42:15.29839015Z;0;cpu_core;51;local_machine;;cpu_state=guest
kernel_cpu_time_ms;2026-03-25T00:42:15.29839015Z;0;cpu_core;51;local_machine;;cpu_state=guest_nice
kernel_cpu_time_ms;2026-03-25T00:42:15.29839015Z;0;cpu_core;52;local_machine;;cpu_state=user
kernel_cpu_time_ms;2026-03-25T00:42:15.29839015Z;0;cpu_core;52;local_machine;;cpu_state=nice
kernel_cpu_time_ms;2026-03-25T00:42:15.29839015Z;0;cpu_core;52;local_machine;;cpu_state=system
kernel_cpu_time_ms;2026-03-25T00:42:15.29839015Z;500;cpu_core;52;local_machine;;cpu_state=idle
kernel_cpu_time_ms;2026-03-25T00:42:15.29839015Z;0;cpu_core;52;local_machine;;cpu_state=irq
kernel_cpu_time_ms;2026-03-25T00:42:15.29839015Z;0;cpu_core;52;local_machine;;cpu_state=softirq
kernel_cpu_time_ms;2026-03-25T00:42:15.29839015Z;0;cpu_core;52;local_machine;;cpu_state=steal
kernel_cpu_time_ms;2026-03-25T00:42:15.29839015Z;0;cpu_core;52;local_machine;;cpu_state=guest
kernel_cpu_time_ms;2026-03-25T00:42:15.29839015Z;0;cpu_core;52;local_machine;;cpu_state=guest_nice
kernel_cpu_time_ms;2026-03-25T00:42:15.29839015Z;0;cpu_core;53;local_machine;;cpu_state=user
kernel_cpu_time_ms;2026-03-25T00:42:15.29839015Z;0;cpu_core;53;local_machine;;cpu_state=nice
kernel_cpu_time_ms;2026-03-25T00:42:15.29839015Z;0;cpu_core;53;local_machine;;cpu_state=system
kernel_cpu_time_ms;2026-03-25T00:42:15.29839015Z;500;cpu_core;53;local_machine;;cpu_state=idle
kernel_cpu_time_ms;2026-03-25T00:42:15.29839015Z;0;cpu_core;53;local_machine;;cpu_state=irq
kernel_cpu_time_ms;2026-03-25T00:42:15.29839015Z;0;cpu_core;53;local_machine;;cpu_state=softirq
kernel_cpu_time_ms;2026-03-25T00:42:15.29839015Z;0;cpu_core;53;local_machine;;cpu_state=steal
kernel_cpu_time_ms;2026-03-25T00:42:15.29839015Z;0;cpu_core;53;local_machine;;cpu_state=guest
kernel_cpu_time_ms;2026-03-25T00:42:15.29839015Z;0;cpu_core;53;local_machine;;cpu_state=guest_nice
kernel_cpu_time_ms;2026-03-25T00:42:15.29839015Z;0;cpu_core;54;local_machine;;cpu_state=user
kernel_cpu_time_ms;2026-03-25T00:42:15.29839015Z;0;cpu_core;54;local_machine;;cpu_state=nice
kernel_cpu_time_ms;2026-03-25T00:42:15.29839015Z;0;cpu_core;54;local_machine;;cpu_state=system
kernel_cpu_time_ms;2026-03-25T00:42:15.29839015Z;500;cpu_core;54;local_machine;;cpu_state=idle
kernel_cpu_time_ms;2026-03-25T00:42:15.29839015Z;0;cpu_core;54;local_machine;;cpu_state=irq
kernel_cpu_time_ms;2026-03-25T00:42:15.29839015Z;0;cpu_core;54;local_machine;;cpu_state=softirq
kernel_cpu_time_ms;2026-03-25T00:42:15.29839015Z;0;cpu_core;54;local_machine;;cpu_state=steal
kernel_cpu_time_ms;2026-03-25T00:42:15.29839015Z;0;cpu_core;54;local_machine;;cpu_state=guest
kernel_cpu_time_ms;2026-03-25T00:42:15.29839015Z;0;cpu_core;54;local_machine;;cpu_state=guest_nice
kernel_cpu_time_ms;2026-03-25T00:42:15.29839015Z;0;cpu_core;55;local_machine;;cpu_state=user
kernel_cpu_time_ms;2026-03-25T00:42:15.29839015Z;0;cpu_core;55;local_machine;;cpu_state=nice
kernel_cpu_time_ms;2026-03-25T00:42:15.29839015Z;0;cpu_core;55;local_machine;;cpu_state=system
kernel_cpu_time_ms;2026-03-25T00:42:15.29839015Z;500;cpu_core;55;local_machine;;cpu_state=idle
kernel_cpu_time_ms;2026-03-25T00:42:15.29839015Z;0;cpu_core;55;local_machine;;cpu_state=irq
kernel_cpu_time_ms;2026-03-25T00:42:15.29839015Z;0;cpu_core;55;local_machine;;cpu_state=softirq
kernel_cpu_time_ms;2026-03-25T00:42:15.29839015Z;0;cpu_core;55;local_machine;;cpu_state=steal
kernel_cpu_time_ms;2026-03-25T00:42:15.29839015Z;0;cpu_core;55;local_machine;;cpu_state=guest
kernel_cpu_time_ms;2026-03-25T00:42:15.29839015Z;0;cpu_core;55;local_machine;;cpu_state=guest_nice
kernel_cpu_time_ms;2026-03-25T00:42:15.29839015Z;0;cpu_core;56;local_machine;;cpu_state=user
kernel_cpu_time_ms;2026-03-25T00:42:15.29839015Z;0;cpu_core;56;local_machine;;cpu_state=nice
kernel_cpu_time_ms;2026-03-25T00:42:15.29839015Z;0;cpu_core;56;local_machine;;cpu_state=system
kernel_cpu_time_ms;2026-03-25T00:42:15.29839015Z;500;cpu_core;56;local_machine;;cpu_state=idle
kernel_cpu_time_ms;2026-03-25T00:42:15.29839015Z;0;cpu_core;56;local_machine;;cpu_state=irq
kernel_cpu_time_ms;2026-03-25T00:42:15.29839015Z;0;cpu_core;56;local_machine;;cpu_state=softirq
kernel_cpu_time_ms;2026-03-25T00:42:15.29839015Z;0;cpu_core;56;local_machine;;cpu_state=steal
kernel_cpu_time_ms;2026-03-25T00:42:15.29839015Z;0;cpu_core;56;local_machine;;cpu_state=guest
kernel_cpu_time_ms;2026-03-25T00:42:15.29839015Z;0;cpu_core;56;local_machine;;cpu_state=guest_nice
kernel_cpu_time_ms;2026-03-25T00:42:15.29839015Z;0;cpu_core;57;local_machine;;cpu_state=user
kernel_cpu_time_ms;2026-03-25T00:42:15.29839015Z;0;cpu_core;57;local_machine;;cpu_state=nice
kernel_cpu_time_ms;2026-03-25T00:42:15.29839015Z;0;cpu_core;57;local_machine;;cpu_state=system
kernel_cpu_time_ms;2026-03-25T00:42:15.29839015Z;500;cpu_core;57;local_machine;;cpu_state=idle
kernel_cpu_time_ms;2026-03-25T00:42:15.29839015Z;0;cpu_core;57;local_machine;;cpu_state=irq
kernel_cpu_time_ms;2026-03-25T00:42:15.29839015Z;0;cpu_core;57;local_machine;;cpu_state=softirq
kernel_cpu_time_ms;2026-03-25T00:42:15.29839015Z;0;cpu_core;57;local_machine;;cpu_state=steal
kernel_cpu_time_ms;2026-03-25T00:42:15.29839015Z;0;cpu_core;57;local_machine;;cpu_state=guest
kernel_cpu_time_ms;2026-03-25T00:42:15.29839015Z;0;cpu_core;57;local_machine;;cpu_state=guest_nice
kernel_cpu_time_ms;2026-03-25T00:42:15.29839015Z;0;cpu_core;58;local_machine;;cpu_state=user
kernel_cpu_time_ms;2026-03-25T00:42:15.29839015Z;0;cpu_core;58;local_machine;;cpu_state=nice
kernel_cpu_time_ms;2026-03-25T00:42:15.29839015Z;0;cpu_core;58;local_machine;;cpu_state=system
kernel_cpu_time_ms;2026-03-25T00:42:15.29839015Z;500;cpu_core;58;local_machine;;cpu_state=idle
kernel_cpu_time_ms;2026-03-25T00:42:15.29839015Z;0;cpu_core;58;local_machine;;cpu_state=irq
kernel_cpu_time_ms;2026-03-25T00:42:15.29839015Z;0;cpu_core;58;local_machine;;cpu_state=softirq
kernel_cpu_time_ms;2026-03-25T00:42:15.29839015Z;0;cpu_core;58;local_machine;;cpu_state=steal
kernel_cpu_time_ms;2026-03-25T00:42:15.29839015Z;0;cpu_core;58;local_machine;;cpu_state=guest
kernel_cpu_time_ms;2026-03-25T00:42:15.29839015Z;0;cpu_core;58;local_machine;;cpu_state=guest_nice
kernel_cpu_time_ms;2026-03-25T00:42:15.29839015Z;0;cpu_core;59;local_machine;;cpu_state=user
kernel_cpu_time_ms;2026-03-25T00:42:15.29839015Z;0;cpu_core;59;local_machine;;cpu_state=nice
kernel_cpu_time_ms;2026-03-25T00:42:15.29839015Z;0;cpu_core;59;local_machine;;cpu_state=system
kernel_cpu_time_ms;2026-03-25T00:42:15.29839015Z;500;cpu_core;59;local_machine;;cpu_state=idle
kernel_cpu_time_ms;2026-03-25T00:42:15.29839015Z;0;cpu_core;59;local_machine;;cpu_state=irq
kernel_cpu_time_ms;2026-03-25T00:42:15.29839015Z;0;cpu_core;59;local_machine;;cpu_state=softirq
kernel_cpu_time_ms;2026-03-25T00:42:15.29839015Z;0;cpu_core;59;local_machine;;cpu_state=steal
kernel_cpu_time_ms;2026-03-25T00:42:15.29839015Z;0;cpu_core;59;local_machine;;cpu_state=guest
kernel_cpu_time_ms;2026-03-25T00:42:15.29839015Z;0;cpu_core;59;local_machine;;cpu_state=guest_nice
kernel_cpu_time_ms;2026-03-25T00:42:15.29839015Z;0;cpu_core;60;local_machine;;cpu_state=user
kernel_cpu_time_ms;2026-03-25T00:42:15.29839015Z;0;cpu_core;60;local_machine;;cpu_state=nice
kernel_cpu_time_ms;2026-03-25T00:42:15.29839015Z;0;cpu_core;60;local_machine;;cpu_state=system
kernel_cpu_time_ms;2026-03-25T00:42:15.29839015Z;500;cpu_core;60;local_machine;;cpu_state=idle
kernel_cpu_time_ms;2026-03-25T00:42:15.29839015Z;0;cpu_core;60;local_machine;;cpu_state=irq
kernel_cpu_time_ms;2026-03-25T00:42:15.29839015Z;0;cpu_core;60;local_machine;;cpu_state=softirq
kernel_cpu_time_ms;2026-03-25T00:42:15.29839015Z;0;cpu_core;60;local_machine;;cpu_state=steal
kernel_cpu_time_ms;2026-03-25T00:42:15.29839015Z;0;cpu_core;60;local_machine;;cpu_state=guest
kernel_cpu_time_ms;2026-03-25T00:42:15.29839015Z;0;cpu_core;60;local_machine;;cpu_state=guest_nice
kernel_cpu_time_ms;2026-03-25T00:42:15.29839015Z;0;cpu_core;61;local_machine;;cpu_state=user
kernel_cpu_time_ms;2026-03-25T00:42:15.29839015Z;0;cpu_core;61;local_machine;;cpu_state=nice
kernel_cpu_time_ms;2026-03-25T00:42:15.29839015Z;0;cpu_core;61;local_machine;;cpu_state=system
kernel_cpu_time_ms;2026-03-25T00:42:15.29839015Z;500;cpu_core;61;local_machine;;cpu_state=idle
kernel_cpu_time_ms;2026-03-25T00:42:15.29839015Z;0;cpu_core;61;local_machine;;cpu_state=irq
kernel_cpu_time_ms;2026-03-25T00:42:15.29839015Z;0;cpu_core;61;local_machine;;cpu_state=softirq
kernel_cpu_time_ms;2026-03-25T00:42:15.29839015Z;0;cpu_core;61;local_machine;;cpu_state=steal
kernel_cpu_time_ms;2026-03-25T00:42:15.29839015Z;0;cpu_core;61;local_machine;;cpu_state=guest
kernel_cpu_time_ms;2026-03-25T00:42:15.29839015Z;0;cpu_core;61;local_machine;;cpu_state=guest_nice
kernel_cpu_time_ms;2026-03-25T00:42:15.29839015Z;10;cpu_core;62;local_machine;;cpu_state=user
kernel_cpu_time_ms;2026-03-25T00:42:15.29839015Z;0;cpu_core;62;local_machine;;cpu_state=nice
kernel_cpu_time_ms;2026-03-25T00:42:15.29839015Z;0;cpu_core;62;local_machine;;cpu_state=system
kernel_cpu_time_ms;2026-03-25T00:42:15.29839015Z;500;cpu_core;62;local_machine;;cpu_state=idle
kernel_cpu_time_ms;2026-03-25T00:42:15.29839015Z;0;cpu_core;62;local_machine;;cpu_state=irq
kernel_cpu_time_ms;2026-03-25T00:42:15.29839015Z;0;cpu_core;62;local_machine;;cpu_state=softirq
kernel_cpu_time_ms;2026-03-25T00:42:15.29839015Z;0;cpu_core;62;local_machine;;cpu_state=steal
kernel_cpu_time_ms;2026-03-25T00:42:15.29839015Z;0;cpu_core;62;local_machine;;cpu_state=guest
kernel_cpu_time_ms;2026-03-25T00:42:15.29839015Z;0;cpu_core;62;local_machine;;cpu_state=guest_nice
kernel_cpu_time_ms;2026-03-25T00:42:15.29839015Z;0;cpu_core;63;local_machine;;cpu_state=user
kernel_cpu_time_ms;2026-03-25T00:42:15.29839015Z;0;cpu_core;63;local_machine;;cpu_state=nice
kernel_cpu_time_ms;2026-03-25T00:42:15.29839015Z;0;cpu_core;63;local_machine;;cpu_state=system
kernel_cpu_time_ms;2026-03-25T00:42:15.29839015Z;500;cpu_core;63;local_machine;;cpu_state=idle
kernel_cpu_time_ms;2026-03-25T00:42:15.29839015Z;0;cpu_core;63;local_machine;;cpu_state=irq
kernel_cpu_time_ms;2026-03-25T00:42:15.29839015Z;0;cpu_core;63;local_machine;;cpu_state=softirq
kernel_cpu_time_ms;2026-03-25T00:42:15.29839015Z;0;cpu_core;63;local_machine;;cpu_state=steal
kernel_cpu_time_ms;2026-03-25T00:42:15.29839015Z;0;cpu_core;63;local_machine;;cpu_state=guest
kernel_cpu_time_ms;2026-03-25T00:42:15.29839015Z;0;cpu_core;63;local_machine;;cpu_state=guest_nice
kernel_cpu_time_ms;2026-03-25T00:42:15.29839015Z;0;cpu_core;64;local_machine;;cpu_state=user
kernel_cpu_time_ms;2026-03-25T00:42:15.29839015Z;0;cpu_core;64;local_machine;;cpu_state=nice
kernel_cpu_time_ms;2026-03-25T00:42:15.29839015Z;0;cpu_core;64;local_machine;;cpu_state=system
kernel_cpu_time_ms;2026-03-25T00:42:15.29839015Z;500;cpu_core;64;local_machine;;cpu_state=idle
kernel_cpu_time_ms;2026-03-25T00:42:15.29839015Z;0;cpu_core;64;local_machine;;cpu_state=irq
kernel_cpu_time_ms;2026-03-25T00:42:15.29839015Z;0;cpu_core;64;local_machine;;cpu_state=softirq
kernel_cpu_time_ms;2026-03-25T00:42:15.29839015Z;0;cpu_core;64;local_machine;;cpu_state=steal
kernel_cpu_time_ms;2026-03-25T00:42:15.29839015Z;0;cpu_core;64;local_machine;;cpu_state=guest
kernel_cpu_time_ms;2026-03-25T00:42:15.29839015Z;0;cpu_core;64;local_machine;;cpu_state=guest_nice
kernel_cpu_time_ms;2026-03-25T00:42:15.29839015Z;0;cpu_core;65;local_machine;;cpu_state=user
kernel_cpu_time_ms;2026-03-25T00:42:15.29839015Z;0;cpu_core;65;local_machine;;cpu_state=nice
kernel_cpu_time_ms;2026-03-25T00:42:15.29839015Z;10;cpu_core;65;local_machine;;cpu_state=system
kernel_cpu_time_ms;2026-03-25T00:42:15.29839015Z;490;cpu_core;65;local_machine;;cpu_state=idle
kernel_cpu_time_ms;2026-03-25T00:42:15.29839015Z;0;cpu_core;65;local_machine;;cpu_state=irq
kernel_cpu_time_ms;2026-03-25T00:42:15.29839015Z;0;cpu_core;65;local_machine;;cpu_state=softirq
kernel_cpu_time_ms;2026-03-25T00:42:15.29839015Z;0;cpu_core;65;local_machine;;cpu_state=steal
kernel_cpu_time_ms;2026-03-25T00:42:15.29839015Z;0;cpu_core;65;local_machine;;cpu_state=guest
kernel_cpu_time_ms;2026-03-25T00:42:15.29839015Z;0;cpu_core;65;local_machine;;cpu_state=guest_nice
kernel_cpu_time_ms;2026-03-25T00:42:15.29839015Z;0;cpu_core;66;local_machine;;cpu_state=user
kernel_cpu_time_ms;2026-03-25T00:42:15.29839015Z;0;cpu_core;66;local_machine;;cpu_state=nice
kernel_cpu_time_ms;2026-03-25T00:42:15.29839015Z;0;cpu_core;66;local_machine;;cpu_state=system
kernel_cpu_time_ms;2026-03-25T00:42:15.29839015Z;500;cpu_core;66;local_machine;;cpu_state=idle
kernel_cpu_time_ms;2026-03-25T00:42:15.29839015Z;0;cpu_core;66;local_machine;;cpu_state=irq
kernel_cpu_time_ms;2026-03-25T00:42:15.29839015Z;0;cpu_core;66;local_machine;;cpu_state=softirq
kernel_cpu_time_ms;2026-03-25T00:42:15.29839015Z;0;cpu_core;66;local_machine;;cpu_state=steal
kernel_cpu_time_ms;2026-03-25T00:42:15.29839015Z;0;cpu_core;66;local_machine;;cpu_state=guest
kernel_cpu_time_ms;2026-03-25T00:42:15.29839015Z;0;cpu_core;66;local_machine;;cpu_state=guest_nice
kernel_cpu_time_ms;2026-03-25T00:42:15.29839015Z;0;cpu_core;67;local_machine;;cpu_state=user
kernel_cpu_time_ms;2026-03-25T00:42:15.29839015Z;0;cpu_core;67;local_machine;;cpu_state=nice
kernel_cpu_time_ms;2026-03-25T00:42:15.29839015Z;0;cpu_core;67;local_machine;;cpu_state=system
kernel_cpu_time_ms;2026-03-25T00:42:15.29839015Z;500;cpu_core;67;local_machine;;cpu_state=idle
kernel_cpu_time_ms;2026-03-25T00:42:15.29839015Z;0;cpu_core;67;local_machine;;cpu_state=irq
kernel_cpu_time_ms;2026-03-25T00:42:15.29839015Z;0;cpu_core;67;local_machine;;cpu_state=softirq
kernel_cpu_time_ms;2026-03-25T00:42:15.29839015Z;0;cpu_core;67;local_machine;;cpu_state=steal
kernel_cpu_time_ms;2026-03-25T00:42:15.29839015Z;0;cpu_core;67;local_machine;;cpu_state=guest
kernel_cpu_time_ms;2026-03-25T00:42:15.29839015Z;0;cpu_core;67;local_machine;;cpu_state=guest_nice
kernel_cpu_time_ms;2026-03-25T00:42:15.29839015Z;0;cpu_core;68;local_machine;;cpu_state=user
kernel_cpu_time_ms;2026-03-25T00:42:15.29839015Z;0;cpu_core;68;local_machine;;cpu_state=nice
kernel_cpu_time_ms;2026-03-25T00:42:15.29839015Z;0;cpu_core;68;local_machine;;cpu_state=system
kernel_cpu_time_ms;2026-03-25T00:42:15.29839015Z;500;cpu_core;68;local_machine;;cpu_state=idle
kernel_cpu_time_ms;2026-03-25T00:42:15.29839015Z;0;cpu_core;68;local_machine;;cpu_state=irq
kernel_cpu_time_ms;2026-03-25T00:42:15.29839015Z;0;cpu_core;68;local_machine;;cpu_state=softirq
kernel_cpu_time_ms;2026-03-25T00:42:15.29839015Z;0;cpu_core;68;local_machine;;cpu_state=steal
kernel_cpu_time_ms;2026-03-25T00:42:15.29839015Z;0;cpu_core;68;local_machine;;cpu_state=guest
kernel_cpu_time_ms;2026-03-25T00:42:15.29839015Z;0;cpu_core;68;local_machine;;cpu_state=guest_nice
kernel_cpu_time_ms;2026-03-25T00:42:15.29839015Z;0;cpu_core;69;local_machine;;cpu_state=user
kernel_cpu_time_ms;2026-03-25T00:42:15.29839015Z;0;cpu_core;69;local_machine;;cpu_state=nice
kernel_cpu_time_ms;2026-03-25T00:42:15.29839015Z;0;cpu_core;69;local_machine;;cpu_state=system
kernel_cpu_time_ms;2026-03-25T00:42:15.29839015Z;500;cpu_core;69;local_machine;;cpu_state=idle
kernel_cpu_time_ms;2026-03-25T00:42:15.29839015Z;0;cpu_core;69;local_machine;;cpu_state=irq
kernel_cpu_time_ms;2026-03-25T00:42:15.29839015Z;0;cpu_core;69;local_machine;;cpu_state=softirq
kernel_cpu_time_ms;2026-03-25T00:42:15.29839015Z;0;cpu_core;69;local_machine;;cpu_state=steal
kernel_cpu_time_ms;2026-03-25T00:42:15.29839015Z;0;cpu_core;69;local_machine;;cpu_state=guest
kernel_cpu_time_ms;2026-03-25T00:42:15.29839015Z;0;cpu_core;69;local_machine;;cpu_state=guest_nice
kernel_cpu_time_ms;2026-03-25T00:42:15.29839015Z;0;cpu_core;70;local_machine;;cpu_state=user
kernel_cpu_time_ms;2026-03-25T00:42:15.29839015Z;0;cpu_core;70;local_machine;;cpu_state=nice
kernel_cpu_time_ms;2026-03-25T00:42:15.29839015Z;0;cpu_core;70;local_machine;;cpu_state=system
kernel_cpu_time_ms;2026-03-25T00:42:15.29839015Z;500;cpu_core;70;local_machine;;cpu_state=idle
kernel_cpu_time_ms;2026-03-25T00:42:15.29839015Z;0;cpu_core;70;local_machine;;cpu_state=irq
kernel_cpu_time_ms;2026-03-25T00:42:15.29839015Z;0;cpu_core;70;local_machine;;cpu_state=softirq
kernel_cpu_time_ms;2026-03-25T00:42:15.29839015Z;0;cpu_core;70;local_machine;;cpu_state=steal
kernel_cpu_time_ms;2026-03-25T00:42:15.29839015Z;0;cpu_core;70;local_machine;;cpu_state=guest
kernel_cpu_time_ms;2026-03-25T00:42:15.29839015Z;0;cpu_core;70;local_machine;;cpu_state=guest_nice
kernel_cpu_time_ms;2026-03-25T00:42:15.29839015Z;0;cpu_core;71;local_machine;;cpu_state=user
kernel_cpu_time_ms;2026-03-25T00:42:15.29839015Z;0;cpu_core;71;local_machine;;cpu_state=nice
kernel_cpu_time_ms;2026-03-25T00:42:15.29839015Z;0;cpu_core;71;local_machine;;cpu_state=system
kernel_cpu_time_ms;2026-03-25T00:42:15.29839015Z;500;cpu_core;71;local_machine;;cpu_state=idle
kernel_cpu_time_ms;2026-03-25T00:42:15.29839015Z;0;cpu_core;71;local_machine;;cpu_state=irq
kernel_cpu_time_ms;2026-03-25T00:42:15.29839015Z;0;cpu_core;71;local_machine;;cpu_state=softirq
kernel_cpu_time_ms;2026-03-25T00:42:15.29839015Z;0;cpu_core;71;local_machine;;cpu_state=steal
kernel_cpu_time_ms;2026-03-25T00:42:15.29839015Z;0;cpu_core;71;local_machine;;cpu_state=guest
kernel_cpu_time_ms;2026-03-25T00:42:15.29839015Z;0;cpu_core;71;local_machine;;cpu_state=guest_nice
kernel_cpu_time_ms;2026-03-25T00:42:15.29839015Z;0;cpu_core;72;local_machine;;cpu_state=user
kernel_cpu_time_ms;2026-03-25T00:42:15.29839015Z;0;cpu_core;72;local_machine;;cpu_state=nice
kernel_cpu_time_ms;2026-03-25T00:42:15.29839015Z;0;cpu_core;72;local_machine;;cpu_state=system
kernel_cpu_time_ms;2026-03-25T00:42:15.29839015Z;500;cpu_core;72;local_machine;;cpu_state=idle
kernel_cpu_time_ms;2026-03-25T00:42:15.29839015Z;0;cpu_core;72;local_machine;;cpu_state=irq
kernel_cpu_time_ms;2026-03-25T00:42:15.29839015Z;0;cpu_core;72;local_machine;;cpu_state=softirq
kernel_cpu_time_ms;2026-03-25T00:42:15.29839015Z;0;cpu_core;72;local_machine;;cpu_state=steal
kernel_cpu_time_ms;2026-03-25T00:42:15.29839015Z;0;cpu_core;72;local_machine;;cpu_state=guest
kernel_cpu_time_ms;2026-03-25T00:42:15.29839015Z;0;cpu_core;72;local_machine;;cpu_state=guest_nice
kernel_cpu_time_ms;2026-03-25T00:42:15.29839015Z;0;cpu_core;73;local_machine;;cpu_state=user
kernel_cpu_time_ms;2026-03-25T00:42:15.29839015Z;0;cpu_core;73;local_machine;;cpu_state=nice
kernel_cpu_time_ms;2026-03-25T00:42:15.29839015Z;10;cpu_core;73;local_machine;;cpu_state=system
kernel_cpu_time_ms;2026-03-25T00:42:15.29839015Z;490;cpu_core;73;local_machine;;cpu_state=idle
kernel_cpu_time_ms;2026-03-25T00:42:15.29839015Z;0;cpu_core;73;local_machine;;cpu_state=irq
kernel_cpu_time_ms;2026-03-25T00:42:15.29839015Z;0;cpu_core;73;local_machine;;cpu_state=softirq
kernel_cpu_time_ms;2026-03-25T00:42:15.29839015Z;0;cpu_core;73;local_machine;;cpu_state=steal
kernel_cpu_time_ms;2026-03-25T00:42:15.29839015Z;0;cpu_core;73;local_machine;;cpu_state=guest
kernel_cpu_time_ms;2026-03-25T00:42:15.29839015Z;0;cpu_core;73;local_machine;;cpu_state=guest_nice
kernel_cpu_time_ms;2026-03-25T00:42:15.29839015Z;0;cpu_core;74;local_machine;;cpu_state=user
kernel_cpu_time_ms;2026-03-25T00:42:15.29839015Z;0;cpu_core;74;local_machine;;cpu_state=nice
kernel_cpu_time_ms;2026-03-25T00:42:15.29839015Z;0;cpu_core;74;local_machine;;cpu_state=system
kernel_cpu_time_ms;2026-03-25T00:42:15.29839015Z;500;cpu_core;74;local_machine;;cpu_state=idle
kernel_cpu_time_ms;2026-03-25T00:42:15.29839015Z;0;cpu_core;74;local_machine;;cpu_state=irq
kernel_cpu_time_ms;2026-03-25T00:42:15.29839015Z;0;cpu_core;74;local_machine;;cpu_state=softirq
kernel_cpu_time_ms;2026-03-25T00:42:15.29839015Z;0;cpu_core;74;local_machine;;cpu_state=steal
kernel_cpu_time_ms;2026-03-25T00:42:15.29839015Z;0;cpu_core;74;local_machine;;cpu_state=guest
kernel_cpu_time_ms;2026-03-25T00:42:15.29839015Z;0;cpu_core;74;local_machine;;cpu_state=guest_nice
kernel_cpu_time_ms;2026-03-25T00:42:15.29839015Z;0;cpu_core;75;local_machine;;cpu_state=user
kernel_cpu_time_ms;2026-03-25T00:42:15.29839015Z;0;cpu_core;75;local_machine;;cpu_state=nice
kernel_cpu_time_ms;2026-03-25T00:42:15.29839015Z;0;cpu_core;75;local_machine;;cpu_state=system
kernel_cpu_time_ms;2026-03-25T00:42:15.29839015Z;500;cpu_core;75;local_machine;;cpu_state=idle
kernel_cpu_time_ms;2026-03-25T00:42:15.29839015Z;0;cpu_core;75;local_machine;;cpu_state=irq
kernel_cpu_time_ms;2026-03-25T00:42:15.29839015Z;0;cpu_core;75;local_machine;;cpu_state=softirq
kernel_cpu_time_ms;2026-03-25T00:42:15.29839015Z;0;cpu_core;75;local_machine;;cpu_state=steal
kernel_cpu_time_ms;2026-03-25T00:42:15.29839015Z;0;cpu_core;75;local_machine;;cpu_state=guest
kernel_cpu_time_ms;2026-03-25T00:42:15.29839015Z;0;cpu_core;75;local_machine;;cpu_state=guest_nice
kernel_cpu_time_ms;2026-03-25T00:42:15.29839015Z;0;cpu_core;76;local_machine;;cpu_state=user
kernel_cpu_time_ms;2026-03-25T00:42:15.29839015Z;0;cpu_core;76;local_machine;;cpu_state=nice
kernel_cpu_time_ms;2026-03-25T00:42:15.29839015Z;0;cpu_core;76;local_machine;;cpu_state=system
kernel_cpu_time_ms;2026-03-25T00:42:15.29839015Z;500;cpu_core;76;local_machine;;cpu_state=idle
kernel_cpu_time_ms;2026-03-25T00:42:15.29839015Z;0;cpu_core;76;local_machine;;cpu_state=irq
kernel_cpu_time_ms;2026-03-25T00:42:15.29839015Z;0;cpu_core;76;local_machine;;cpu_state=softirq
kernel_cpu_time_ms;2026-03-25T00:42:15.29839015Z;0;cpu_core;76;local_machine;;cpu_state=steal
kernel_cpu_time_ms;2026-03-25T00:42:15.29839015Z;0;cpu_core;76;local_machine;;cpu_state=guest
kernel_cpu_time_ms;2026-03-25T00:42:15.29839015Z;0;cpu_core;76;local_machine;;cpu_state=guest_nice
kernel_cpu_time_ms;2026-03-25T00:42:15.29839015Z;0;cpu_core;77;local_machine;;cpu_state=user
kernel_cpu_time_ms;2026-03-25T00:42:15.29839015Z;0;cpu_core;77;local_machine;;cpu_state=nice
kernel_cpu_time_ms;2026-03-25T00:42:15.29839015Z;0;cpu_core;77;local_machine;;cpu_state=system
kernel_cpu_time_ms;2026-03-25T00:42:15.29839015Z;500;cpu_core;77;local_machine;;cpu_state=idle
kernel_cpu_time_ms;2026-03-25T00:42:15.29839015Z;0;cpu_core;77;local_machine;;cpu_state=irq
kernel_cpu_time_ms;2026-03-25T00:42:15.29839015Z;0;cpu_core;77;local_machine;;cpu_state=softirq
kernel_cpu_time_ms;2026-03-25T00:42:15.29839015Z;0;cpu_core;77;local_machine;;cpu_state=steal
kernel_cpu_time_ms;2026-03-25T00:42:15.29839015Z;0;cpu_core;77;local_machine;;cpu_state=guest
kernel_cpu_time_ms;2026-03-25T00:42:15.29839015Z;0;cpu_core;77;local_machine;;cpu_state=guest_nice
kernel_cpu_time_ms;2026-03-25T00:42:15.29839015Z;0;cpu_core;78;local_machine;;cpu_state=user
kernel_cpu_time_ms;2026-03-25T00:42:15.29839015Z;0;cpu_core;78;local_machine;;cpu_state=nice
kernel_cpu_time_ms;2026-03-25T00:42:15.29839015Z;0;cpu_core;78;local_machine;;cpu_state=system
kernel_cpu_time_ms;2026-03-25T00:42:15.29839015Z;500;cpu_core;78;local_machine;;cpu_state=idle
kernel_cpu_time_ms;2026-03-25T00:42:15.29839015Z;0;cpu_core;78;local_machine;;cpu_state=irq
kernel_cpu_time_ms;2026-03-25T00:42:15.29839015Z;0;cpu_core;78;local_machine;;cpu_state=softirq
kernel_cpu_time_ms;2026-03-25T00:42:15.29839015Z;0;cpu_core;78;local_machine;;cpu_state=steal
kernel_cpu_time_ms;2026-03-25T00:42:15.29839015Z;0;cpu_core;78;local_machine;;cpu_state=guest
kernel_cpu_time_ms;2026-03-25T00:42:15.29839015Z;0;cpu_core;78;local_machine;;cpu_state=guest_nice
kernel_cpu_time_ms;2026-03-25T00:42:15.29839015Z;0;cpu_core;79;local_machine;;cpu_state=user
kernel_cpu_time_ms;2026-03-25T00:42:15.29839015Z;0;cpu_core;79;local_machine;;cpu_state=nice
kernel_cpu_time_ms;2026-03-25T00:42:15.29839015Z;0;cpu_core;79;local_machine;;cpu_state=system
kernel_cpu_time_ms;2026-03-25T00:42:15.29839015Z;500;cpu_core;79;local_machine;;cpu_state=idle
kernel_cpu_time_ms;2026-03-25T00:42:15.29839015Z;0;cpu_core;79;local_machine;;cpu_state=irq
kernel_cpu_time_ms;2026-03-25T00:42:15.29839015Z;0;cpu_core;79;local_machine;;cpu_state=softirq
kernel_cpu_time_ms;2026-03-25T00:42:15.29839015Z;0;cpu_core;79;local_machine;;cpu_state=steal
kernel_cpu_time_ms;2026-03-25T00:42:15.29839015Z;0;cpu_core;79;local_machine;;cpu_state=guest
kernel_cpu_time_ms;2026-03-25T00:42:15.29839015Z;0;cpu_core;79;local_machine;;cpu_state=guest_nice
kernel_cpu_time_ms;2026-03-25T00:42:15.29839015Z;0;cpu_core;80;local_machine;;cpu_state=user
kernel_cpu_time_ms;2026-03-25T00:42:15.29839015Z;0;cpu_core;80;local_machine;;cpu_state=nice
kernel_cpu_time_ms;2026-03-25T00:42:15.29839015Z;0;cpu_core;80;local_machine;;cpu_state=system
kernel_cpu_time_ms;2026-03-25T00:42:15.29839015Z;500;cpu_core;80;local_machine;;cpu_state=idle
kernel_cpu_time_ms;2026-03-25T00:42:15.29839015Z;0;cpu_core;80;local_machine;;cpu_state=irq
kernel_cpu_time_ms;2026-03-25T00:42:15.29839015Z;0;cpu_core;80;local_machine;;cpu_state=softirq
kernel_cpu_time_ms;2026-03-25T00:42:15.29839015Z;0;cpu_core;80;local_machine;;cpu_state=steal
kernel_cpu_time_ms;2026-03-25T00:42:15.29839015Z;0;cpu_core;80;local_machine;;cpu_state=guest
kernel_cpu_time_ms;2026-03-25T00:42:15.29839015Z;0;cpu_core;80;local_machine;;cpu_state=guest_nice
kernel_cpu_time_ms;2026-03-25T00:42:15.29839015Z;0;cpu_core;81;local_machine;;cpu_state=user
kernel_cpu_time_ms;2026-03-25T00:42:15.29839015Z;0;cpu_core;81;local_machine;;cpu_state=nice
kernel_cpu_time_ms;2026-03-25T00:42:15.29839015Z;0;cpu_core;81;local_machine;;cpu_state=system
kernel_cpu_time_ms;2026-03-25T00:42:15.29839015Z;500;cpu_core;81;local_machine;;cpu_state=idle
kernel_cpu_time_ms;2026-03-25T00:42:15.29839015Z;0;cpu_core;81;local_machine;;cpu_state=irq
kernel_cpu_time_ms;2026-03-25T00:42:15.29839015Z;0;cpu_core;81;local_machine;;cpu_state=softirq
kernel_cpu_time_ms;2026-03-25T00:42:15.29839015Z;0;cpu_core;81;local_machine;;cpu_state=steal
kernel_cpu_time_ms;2026-03-25T00:42:15.29839015Z;0;cpu_core;81;local_machine;;cpu_state=guest
kernel_cpu_time_ms;2026-03-25T00:42:15.29839015Z;0;cpu_core;81;local_machine;;cpu_state=guest_nice
kernel_cpu_time_ms;2026-03-25T00:42:15.29839015Z;20;cpu_core;82;local_machine;;cpu_state=user
kernel_cpu_time_ms;2026-03-25T00:42:15.29839015Z;0;cpu_core;82;local_machine;;cpu_state=nice
kernel_cpu_time_ms;2026-03-25T00:42:15.29839015Z;0;cpu_core;82;local_machine;;cpu_state=system
kernel_cpu_time_ms;2026-03-25T00:42:15.29839015Z;470;cpu_core;82;local_machine;;cpu_state=idle
kernel_cpu_time_ms;2026-03-25T00:42:15.29839015Z;0;cpu_core;82;local_machine;;cpu_state=irq
kernel_cpu_time_ms;2026-03-25T00:42:15.29839015Z;0;cpu_core;82;local_machine;;cpu_state=softirq
kernel_cpu_time_ms;2026-03-25T00:42:15.29839015Z;0;cpu_core;82;local_machine;;cpu_state=steal
kernel_cpu_time_ms;2026-03-25T00:42:15.29839015Z;0;cpu_core;82;local_machine;;cpu_state=guest
kernel_cpu_time_ms;2026-03-25T00:42:15.29839015Z;0;cpu_core;82;local_machine;;cpu_state=guest_nice
kernel_cpu_time_ms;2026-03-25T00:42:15.29839015Z;0;cpu_core;83;local_machine;;cpu_state=user
kernel_cpu_time_ms;2026-03-25T00:42:15.29839015Z;0;cpu_core;83;local_machine;;cpu_state=nice
kernel_cpu_time_ms;2026-03-25T00:42:15.29839015Z;0;cpu_core;83;local_machine;;cpu_state=system
kernel_cpu_time_ms;2026-03-25T00:42:15.29839015Z;500;cpu_core;83;local_machine;;cpu_state=idle
kernel_cpu_time_ms;2026-03-25T00:42:15.29839015Z;0;cpu_core;83;local_machine;;cpu_state=irq
kernel_cpu_time_ms;2026-03-25T00:42:15.29839015Z;0;cpu_core;83;local_machine;;cpu_state=softirq
kernel_cpu_time_ms;2026-03-25T00:42:15.29839015Z;0;cpu_core;83;local_machine;;cpu_state=steal
kernel_cpu_time_ms;2026-03-25T00:42:15.29839015Z;0;cpu_core;83;local_machine;;cpu_state=guest
kernel_cpu_time_ms;2026-03-25T00:42:15.29839015Z;0;cpu_core;83;local_machine;;cpu_state=guest_nice
kernel_cpu_time_ms;2026-03-25T00:42:15.29839015Z;0;cpu_core;84;local_machine;;cpu_state=user
kernel_cpu_time_ms;2026-03-25T00:42:15.29839015Z;0;cpu_core;84;local_machine;;cpu_state=nice
kernel_cpu_time_ms;2026-03-25T00:42:15.29839015Z;0;cpu_core;84;local_machine;;cpu_state=system
kernel_cpu_time_ms;2026-03-25T00:42:15.29839015Z;500;cpu_core;84;local_machine;;cpu_state=idle
kernel_cpu_time_ms;2026-03-25T00:42:15.29839015Z;0;cpu_core;84;local_machine;;cpu_state=irq
kernel_cpu_time_ms;2026-03-25T00:42:15.29839015Z;0;cpu_core;84;local_machine;;cpu_state=softirq
kernel_cpu_time_ms;2026-03-25T00:42:15.29839015Z;0;cpu_core;84;local_machine;;cpu_state=steal
kernel_cpu_time_ms;2026-03-25T00:42:15.29839015Z;0;cpu_core;84;local_machine;;cpu_state=guest
kernel_cpu_time_ms;2026-03-25T00:42:15.29839015Z;0;cpu_core;84;local_machine;;cpu_state=guest_nice
kernel_cpu_time_ms;2026-03-25T00:42:15.29839015Z;0;cpu_core;85;local_machine;;cpu_state=user
kernel_cpu_time_ms;2026-03-25T00:42:15.29839015Z;0;cpu_core;85;local_machine;;cpu_state=nice
kernel_cpu_time_ms;2026-03-25T00:42:15.29839015Z;0;cpu_core;85;local_machine;;cpu_state=system
kernel_cpu_time_ms;2026-03-25T00:42:15.29839015Z;500;cpu_core;85;local_machine;;cpu_state=idle
kernel_cpu_time_ms;2026-03-25T00:42:15.29839015Z;0;cpu_core;85;local_machine;;cpu_state=irq
kernel_cpu_time_ms;2026-03-25T00:42:15.29839015Z;0;cpu_core;85;local_machine;;cpu_state=softirq
kernel_cpu_time_ms;2026-03-25T00:42:15.29839015Z;0;cpu_core;85;local_machine;;cpu_state=steal
kernel_cpu_time_ms;2026-03-25T00:42:15.29839015Z;0;cpu_core;85;local_machine;;cpu_state=guest
kernel_cpu_time_ms;2026-03-25T00:42:15.29839015Z;0;cpu_core;85;local_machine;;cpu_state=guest_nice
kernel_cpu_time_ms;2026-03-25T00:42:15.29839015Z;0;cpu_core;86;local_machine;;cpu_state=user
kernel_cpu_time_ms;2026-03-25T00:42:15.29839015Z;0;cpu_core;86;local_machine;;cpu_state=nice
kernel_cpu_time_ms;2026-03-25T00:42:15.29839015Z;0;cpu_core;86;local_machine;;cpu_state=system
kernel_cpu_time_ms;2026-03-25T00:42:15.29839015Z;500;cpu_core;86;local_machine;;cpu_state=idle
kernel_cpu_time_ms;2026-03-25T00:42:15.29839015Z;0;cpu_core;86;local_machine;;cpu_state=irq
kernel_cpu_time_ms;2026-03-25T00:42:15.29839015Z;0;cpu_core;86;local_machine;;cpu_state=softirq
kernel_cpu_time_ms;2026-03-25T00:42:15.29839015Z;0;cpu_core;86;local_machine;;cpu_state=steal
kernel_cpu_time_ms;2026-03-25T00:42:15.29839015Z;0;cpu_core;86;local_machine;;cpu_state=guest
kernel_cpu_time_ms;2026-03-25T00:42:15.29839015Z;0;cpu_core;86;local_machine;;cpu_state=guest_nice
kernel_cpu_time_ms;2026-03-25T00:42:15.29839015Z;0;cpu_core;87;local_machine;;cpu_state=user
kernel_cpu_time_ms;2026-03-25T00:42:15.29839015Z;0;cpu_core;87;local_machine;;cpu_state=nice
kernel_cpu_time_ms;2026-03-25T00:42:15.29839015Z;0;cpu_core;87;local_machine;;cpu_state=system
kernel_cpu_time_ms;2026-03-25T00:42:15.29839015Z;500;cpu_core;87;local_machine;;cpu_state=idle
kernel_cpu_time_ms;2026-03-25T00:42:15.29839015Z;0;cpu_core;87;local_machine;;cpu_state=irq
kernel_cpu_time_ms;2026-03-25T00:42:15.29839015Z;0;cpu_core;87;local_machine;;cpu_state=softirq
kernel_cpu_time_ms;2026-03-25T00:42:15.29839015Z;0;cpu_core;87;local_machine;;cpu_state=steal
kernel_cpu_time_ms;2026-03-25T00:42:15.29839015Z;0;cpu_core;87;local_machine;;cpu_state=guest
kernel_cpu_time_ms;2026-03-25T00:42:15.29839015Z;0;cpu_core;87;local_machine;;cpu_state=guest_nice
kernel_cpu_time_ms;2026-03-25T00:42:15.29839015Z;0;cpu_core;88;local_machine;;cpu_state=user
kernel_cpu_time_ms;2026-03-25T00:42:15.29839015Z;0;cpu_core;88;local_machine;;cpu_state=nice
kernel_cpu_time_ms;2026-03-25T00:42:15.29839015Z;0;cpu_core;88;local_machine;;cpu_state=system
kernel_cpu_time_ms;2026-03-25T00:42:15.29839015Z;500;cpu_core;88;local_machine;;cpu_state=idle
kernel_cpu_time_ms;2026-03-25T00:42:15.29839015Z;0;cpu_core;88;local_machine;;cpu_state=irq
kernel_cpu_time_ms;2026-03-25T00:42:15.29839015Z;0;cpu_core;88;local_machine;;cpu_state=softirq
kernel_cpu_time_ms;2026-03-25T00:42:15.29839015Z;0;cpu_core;88;local_machine;;cpu_state=steal
kernel_cpu_time_ms;2026-03-25T00:42:15.29839015Z;0;cpu_core;88;local_machine;;cpu_state=guest
kernel_cpu_time_ms;2026-03-25T00:42:15.29839015Z;0;cpu_core;88;local_machine;;cpu_state=guest_nice
kernel_cpu_time_ms;2026-03-25T00:42:15.29839015Z;0;cpu_core;89;local_machine;;cpu_state=user
kernel_cpu_time_ms;2026-03-25T00:42:15.29839015Z;0;cpu_core;89;local_machine;;cpu_state=nice
kernel_cpu_time_ms;2026-03-25T00:42:15.29839015Z;0;cpu_core;89;local_machine;;cpu_state=system
kernel_cpu_time_ms;2026-03-25T00:42:15.29839015Z;500;cpu_core;89;local_machine;;cpu_state=idle
kernel_cpu_time_ms;2026-03-25T00:42:15.29839015Z;0;cpu_core;89;local_machine;;cpu_state=irq
kernel_cpu_time_ms;2026-03-25T00:42:15.29839015Z;0;cpu_core;89;local_machine;;cpu_state=softirq
kernel_cpu_time_ms;2026-03-25T00:42:15.29839015Z;0;cpu_core;89;local_machine;;cpu_state=steal
kernel_cpu_time_ms;2026-03-25T00:42:15.29839015Z;0;cpu_core;89;local_machine;;cpu_state=guest
kernel_cpu_time_ms;2026-03-25T00:42:15.29839015Z;0;cpu_core;89;local_machine;;cpu_state=guest_nice
kernel_cpu_time_ms;2026-03-25T00:42:15.29839015Z;0;cpu_core;90;local_machine;;cpu_state=user
kernel_cpu_time_ms;2026-03-25T00:42:15.29839015Z;0;cpu_core;90;local_machine;;cpu_state=nice
kernel_cpu_time_ms;2026-03-25T00:42:15.29839015Z;0;cpu_core;90;local_machine;;cpu_state=system
kernel_cpu_time_ms;2026-03-25T00:42:15.29839015Z;500;cpu_core;90;local_machine;;cpu_state=idle
kernel_cpu_time_ms;2026-03-25T00:42:15.29839015Z;0;cpu_core;90;local_machine;;cpu_state=irq
kernel_cpu_time_ms;2026-03-25T00:42:15.29839015Z;0;cpu_core;90;local_machine;;cpu_state=softirq
kernel_cpu_time_ms;2026-03-25T00:42:15.29839015Z;0;cpu_core;90;local_machine;;cpu_state=steal
kernel_cpu_time_ms;2026-03-25T00:42:15.29839015Z;0;cpu_core;90;local_machine;;cpu_state=guest
kernel_cpu_time_ms;2026-03-25T00:42:15.29839015Z;0;cpu_core;90;local_machine;;cpu_state=guest_nice
kernel_cpu_time_ms;2026-03-25T00:42:15.29839015Z;0;cpu_core;91;local_machine;;cpu_state=user
kernel_cpu_time_ms;2026-03-25T00:42:15.29839015Z;0;cpu_core;91;local_machine;;cpu_state=nice
kernel_cpu_time_ms;2026-03-25T00:42:15.29839015Z;0;cpu_core;91;local_machine;;cpu_state=system
kernel_cpu_time_ms;2026-03-25T00:42:15.29839015Z;500;cpu_core;91;local_machine;;cpu_state=idle
kernel_cpu_time_ms;2026-03-25T00:42:15.29839015Z;0;cpu_core;91;local_machine;;cpu_state=irq
kernel_cpu_time_ms;2026-03-25T00:42:15.29839015Z;0;cpu_core;91;local_machine;;cpu_state=softirq
kernel_cpu_time_ms;2026-03-25T00:42:15.29839015Z;0;cpu_core;91;local_machine;;cpu_state=steal
kernel_cpu_time_ms;2026-03-25T00:42:15.29839015Z;0;cpu_core;91;local_machine;;cpu_state=guest
kernel_cpu_time_ms;2026-03-25T00:42:15.29839015Z;0;cpu_core;91;local_machine;;cpu_state=guest_nice
kernel_cpu_time_ms;2026-03-25T00:42:15.29839015Z;0;cpu_core;92;local_machine;;cpu_state=user
kernel_cpu_time_ms;2026-03-25T00:42:15.29839015Z;0;cpu_core;92;local_machine;;cpu_state=nice
kernel_cpu_time_ms;2026-03-25T00:42:15.29839015Z;0;cpu_core;92;local_machine;;cpu_state=system
kernel_cpu_time_ms;2026-03-25T00:42:15.29839015Z;500;cpu_core;92;local_machine;;cpu_state=idle
kernel_cpu_time_ms;2026-03-25T00:42:15.29839015Z;0;cpu_core;92;local_machine;;cpu_state=irq
kernel_cpu_time_ms;2026-03-25T00:42:15.29839015Z;0;cpu_core;92;local_machine;;cpu_state=softirq
kernel_cpu_time_ms;2026-03-25T00:42:15.29839015Z;0;cpu_core;92;local_machine;;cpu_state=steal
kernel_cpu_time_ms;2026-03-25T00:42:15.29839015Z;0;cpu_core;92;local_machine;;cpu_state=guest
kernel_cpu_time_ms;2026-03-25T00:42:15.29839015Z;0;cpu_core;92;local_machine;;cpu_state=guest_nice
kernel_cpu_time_ms;2026-03-25T00:42:15.29839015Z;0;cpu_core;93;local_machine;;cpu_state=user
kernel_cpu_time_ms;2026-03-25T00:42:15.29839015Z;0;cpu_core;93;local_machine;;cpu_state=nice
kernel_cpu_time_ms;2026-03-25T00:42:15.29839015Z;0;cpu_core;93;local_machine;;cpu_state=system
kernel_cpu_time_ms;2026-03-25T00:42:15.29839015Z;500;cpu_core;93;local_machine;;cpu_state=idle
kernel_cpu_time_ms;2026-03-25T00:42:15.29839015Z;0;cpu_core;93;local_machine;;cpu_state=irq
kernel_cpu_time_ms;2026-03-25T00:42:15.29839015Z;0;cpu_core;93;local_machine;;cpu_state=softirq
kernel_cpu_time_ms;2026-03-25T00:42:15.29839015Z;0;cpu_core;93;local_machine;;cpu_state=steal
kernel_cpu_time_ms;2026-03-25T00:42:15.29839015Z;0;cpu_core;93;local_machine;;cpu_state=guest
kernel_cpu_time_ms;2026-03-25T00:42:15.29839015Z;0;cpu_core;93;local_machine;;cpu_state=guest_nice
kernel_cpu_time_ms;2026-03-25T00:42:15.29839015Z;0;cpu_core;94;local_machine;;cpu_state=user
kernel_cpu_time_ms;2026-03-25T00:42:15.29839015Z;0;cpu_core;94;local_machine;;cpu_state=nice
kernel_cpu_time_ms;2026-03-25T00:42:15.29839015Z;0;cpu_core;94;local_machine;;cpu_state=system
kernel_cpu_time_ms;2026-03-25T00:42:15.29839015Z;500;cpu_core;94;local_machine;;cpu_state=idle
kernel_cpu_time_ms;2026-03-25T00:42:15.29839015Z;0;cpu_core;94;local_machine;;cpu_state=irq
kernel_cpu_time_ms;2026-03-25T00:42:15.29839015Z;0;cpu_core;94;local_machine;;cpu_state=softirq
kernel_cpu_time_ms;2026-03-25T00:42:15.29839015Z;0;cpu_core;94;local_machine;;cpu_state=steal
kernel_cpu_time_ms;2026-03-25T00:42:15.29839015Z;0;cpu_core;94;local_machine;;cpu_state=guest
kernel_cpu_time_ms;2026-03-25T00:42:15.29839015Z;0;cpu_core;94;local_machine;;cpu_state=guest_nice
kernel_cpu_time_ms;2026-03-25T00:42:15.29839015Z;370;cpu_core;95;local_machine;;cpu_state=user
kernel_cpu_time_ms;2026-03-25T00:42:15.29839015Z;0;cpu_core;95;local_machine;;cpu_state=nice
kernel_cpu_time_ms;2026-03-25T00:42:15.29839015Z;130;cpu_core;95;local_machine;;cpu_state=system
kernel_cpu_time_ms;2026-03-25T00:42:15.29839015Z;0;cpu_core;95;local_machine;;cpu_state=idle
kernel_cpu_time_ms;2026-03-25T00:42:15.29839015Z;0;cpu_core;95;local_machine;;cpu_state=irq
kernel_cpu_time_ms;2026-03-25T00:42:15.29839015Z;0;cpu_core;95;local_machine;;cpu_state=softirq
kernel_cpu_time_ms;2026-03-25T00:42:15.29839015Z;0;cpu_core;95;local_machine;;cpu_state=steal
kernel_cpu_time_ms;2026-03-25T00:42:15.29839015Z;0;cpu_core;95;local_machine;;cpu_state=guest
kernel_cpu_time_ms;2026-03-25T00:42:15.29839015Z;0;cpu_core;95;local_machine;;cpu_state=guest_nice
kernel_context_switches;2026-03-25T00:42:15.29839015Z;685;local_machine;;local_machine;;
kernel_new_forks;2026-03-25T00:42:15.29839015Z;5;local_machine;;local_machine;;
kernel_n_procs_running;2026-03-25T00:42:15.29839015Z;6;local_machine;;local_machine;;
kernel_n_procs_blocked;2026-03-25T00:42:15.29839015Z;0;local_machine;;local_machine;;
perf_hardware_CPU_CYCLES;2026-03-25T00:42:14.823786241Z;1886364671;local_machine;;process;900625;
perf_hardware_INSTRUCTIONS;2026-03-25T00:42:14.823786241Z;4044528964;local_machine;;process;900625;
perf_hardware_CACHE_REFERENCES;2026-03-25T00:42:14.823786241Z;9569388;local_machine;;process;900625;
perf_hardware_CACHE_MISSES;2026-03-25T00:42:14.823786241Z;1785564;local_machine;;process;900625;
perf_hardware_BRANCH_INSTRUCTIONS;2026-03-25T00:42:14.823786241Z;873698832;local_machine;;process;900625;
perf_hardware_BRANCH_MISSES;2026-03-25T00:42:14.823786241Z;13881361;local_machine;;process;900625;
perf_hardware_BUS_CYCLES;2026-03-25T00:42:14.823786241Z;1909666816;local_machine;;process;900625;
perf_hardware_REF_CPU_CYCLES;2026-03-25T00:42:14.823786241Z;1909660928;local_machine;;process;900625;
perf_software_PAGE_FAULTS;2026-03-25T00:42:14.823786241Z;49339;local_machine;;process;900625;
perf_software_CONTEXT_SWITCHES;2026-03-25T00:42:14.823786241Z;0;local_machine;;process;900625;
perf_software_CPU_MIGRATIONS;2026-03-25T00:42:14.823786241Z;0;local_machine;;process;900625;
perf_software_PAGE_FAULTS_MIN;2026-03-25T00:42:14.823786241Z;49339;local_machine;;process;900625;
perf_software_PAGE_FAULTS_MAJ;2026-03-25T00:42:14.823786241Z;0;local_machine;;process;900625;
perf_software_ALIGNMENT_FAULTS;2026-03-25T00:42:14.823786241Z;0;local_machine;;process;900625;
perf_software_EMULATION_FAULTS;2026-03-25T00:42:14.823786241Z;0;local_machine;;process;900625;
perf_software_CGROUP_SWITCHES;2026-03-25T00:42:14.823786241Z;0;local_machine;;process;900625;
perf_hardware_CPU_CYCLES;2026-03-25T00:42:15.323689314Z;2676849272;local_machine;;process;900625;
perf_hardware_INSTRUCTIONS;2026-03-25T00:42:15.323689314Z;5498080049;local_machine;;process;900625;
perf_hardware_CACHE_REFERENCES;2026-03-25T00:42:15.323689314Z;13975593;local_machine;;process;900625;
perf_hardware_CACHE_MISSES;2026-03-25T00:42:15.323689314Z;2047755;local_machine;;process;900625;
perf_hardware_BRANCH_INSTRUCTIONS;2026-03-25T00:42:15.323689314Z;1165486738;local_machine;;process;900625;
perf_hardware_BRANCH_MISSES;2026-03-25T00:42:15.323689314Z;20462344;local_machine;;process;900625;
perf_hardware_BUS_CYCLES;2026-03-25T00:42:15.323689314Z;2702054904;local_machine;;process;900625;
perf_hardware_REF_CPU_CYCLES;2026-03-25T00:42:15.323689314Z;2702047636;local_machine;;process;900625;
perf_software_PAGE_FAULTS;2026-03-25T00:42:15.323689314Z;54752;local_machine;;process;900625;
perf_software_CONTEXT_SWITCHES;2026-03-25T00:42:15.323689314Z;0;local_machine;;process;900625;
perf_software_CPU_MIGRATIONS;2026-03-25T00:42:15.323689314Z;0;local_machine;;process;900625;
perf_software_PAGE_FAULTS_MIN;2026-03-25T00:42:15.323689314Z;54752;local_machine;;process;900625;
perf_software_PAGE_FAULTS_MAJ;2026-03-25T00:42:15.323689314Z;0;local_machine;;process;900625;
perf_software_ALIGNMENT_FAULTS;2026-03-25T00:42:15.323689314Z;0;local_machine;;process;900625;
perf_software_EMULATION_FAULTS;2026-03-25T00:42:15.323689314Z;0;local_machine;;process;900625;
perf_software_CGROUP_SWITCHES;2026-03-25T00:42:15.323689314Z;0;local_machine;;process;900625;
mem_total_kB;2026-03-25T00:42:15.79819731Z;1081669578752;local_machine;;local_machine;;
mem_free_kB;2026-03-25T00:42:15.79819731Z;1026948243456;local_machine;;local_machine;;
mem_available_kB;2026-03-25T00:42:15.79819731Z;1063422025728;local_machine;;local_machine;;
cached_kB;2026-03-25T00:42:15.79819731Z;33521385472;local_machine;;local_machine;;
swap_cached_kB;2026-03-25T00:42:15.79819731Z;0;local_machine;;local_machine;;
active_kB;2026-03-25T00:42:15.79819731Z;7602196480;local_machine;;local_machine;;
inactive_kB;2026-03-25T00:42:15.79819731Z;34537525248;local_machine;;local_machine;;
mapped_kB;2026-03-25T00:42:15.79819731Z;654098432;local_machine;;local_machine;;
rapl_consumed_energy_J;2026-03-25T00:42:15.298293756Z;9.92333984375;dram;0;local_machine;;domain=dram
rapl_consumed_energy_J;2026-03-25T00:42:15.298293756Z;10.0382080078125;dram;1;local_machine;;domain=dram
rapl_consumed_energy_J;2026-03-25T00:42:15.298293756Z;296;local_machine;;local_machine;;domain=platform
rapl_consumed_energy_J;2026-03-25T00:42:15.298293756Z;0;local_machine;;local_machine;;domain=platform
rapl_consumed_energy_J;2026-03-25T00:42:15.298293756Z;79.55938720703125;cpu_package;0;local_machine;;domain=package
rapl_consumed_energy_J;2026-03-25T00:42:15.298293756Z;75.829345703125;cpu_package;1;local_machine;;domain=package
rapl_consumed_energy_J;2026-03-25T00:42:15.298293756Z;155.38873291015625;local_machine;;local_machine;;domain=package_total
rapl_consumed_energy_J;2026-03-25T00:42:15.298293756Z;19.9615478515625;local_machine;;local_machine;;domain=dram_total
rapl_consumed_energy_J;2026-03-25T00:42:15.298293756Z;296;local_machine;;local_machine;;domain=platform_total
rapl_consumed_energy_J;2026-03-25T00:42:15.798233083Z;9.906982421875;dram;0;local_machine;;domain=dram
rapl_consumed_energy_J;2026-03-25T00:42:15.798233083Z;10.15509033203125;dram;1;local_machine;;domain=dram
rapl_consumed_energy_J;2026-03-25T00:42:15.798233083Z;296;local_machine;;local_machine;;domain=platform
rapl_consumed_energy_J;2026-03-25T00:42:15.798233083Z;0;local_machine;;local_machine;;domain=platform
rapl_consumed_energy_J;2026-03-25T00:42:15.798233083Z;79.5955810546875;cpu_package;0;local_machine;;domain=package
rapl_consumed_energy_J;2026-03-25T00:42:15.798233083Z;75.34490966796875;cpu_package;1;local_machine;;domain=package
rapl_consumed_energy_J;2026-03-25T00:42:15.798233083Z;154.94049072265625;local_machine;;local_machine;;domain=package_total
rapl_consumed_energy_J;2026-03-25T00:42:15.798233083Z;20.06207275390625;local_machine;;local_machine;;domain=dram_total
rapl_consumed_energy_J;2026-03-25T00:42:15.798233083Z;296;local_machine;;local_machine;;domain=platform_total
kernel_cpu_time_ms;2026-03-25T00:42:15.798388482Z;790;local_machine;;local_machine;;cpu_state=user
kernel_cpu_time_ms;2026-03-25T00:42:15.798388482Z;0;local_machine;;local_machine;;cpu_state=nice
kernel_cpu_time_ms;2026-03-25T00:42:15.798388482Z;320;local_machine;;local_machine;;cpu_state=system
kernel_cpu_time_ms;2026-03-25T00:42:15.798388482Z;46870;local_machine;;local_machine;;cpu_state=idle
kernel_cpu_time_ms;2026-03-25T00:42:15.798388482Z;0;local_machine;;local_machine;;cpu_state=irq
kernel_cpu_time_ms;2026-03-25T00:42:15.798388482Z;0;local_machine;;local_machine;;cpu_state=softirq
kernel_cpu_time_ms;2026-03-25T00:42:15.798388482Z;0;local_machine;;local_machine;;cpu_state=steal
kernel_cpu_time_ms;2026-03-25T00:42:15.798388482Z;0;local_machine;;local_machine;;cpu_state=guest
kernel_cpu_time_ms;2026-03-25T00:42:15.798388482Z;0;local_machine;;local_machine;;cpu_state=guest_nice
kernel_cpu_time_ms;2026-03-25T00:42:15.798388482Z;10;cpu_core;0;local_machine;;cpu_state=user
kernel_cpu_time_ms;2026-03-25T00:42:15.798388482Z;0;cpu_core;0;local_machine;;cpu_state=nice
kernel_cpu_time_ms;2026-03-25T00:42:15.798388482Z;10;cpu_core;0;local_machine;;cpu_state=system
kernel_cpu_time_ms;2026-03-25T00:42:15.798388482Z;470;cpu_core;0;local_machine;;cpu_state=idle
kernel_cpu_time_ms;2026-03-25T00:42:15.798388482Z;0;cpu_core;0;local_machine;;cpu_state=irq
kernel_cpu_time_ms;2026-03-25T00:42:15.798388482Z;0;cpu_core;0;local_machine;;cpu_state=softirq
kernel_cpu_time_ms;2026-03-25T00:42:15.798388482Z;0;cpu_core;0;local_machine;;cpu_state=steal
kernel_cpu_time_ms;2026-03-25T00:42:15.798388482Z;0;cpu_core;0;local_machine;;cpu_state=guest
kernel_cpu_time_ms;2026-03-25T00:42:15.798388482Z;0;cpu_core;0;local_machine;;cpu_state=guest_nice
kernel_cpu_time_ms;2026-03-25T00:42:15.798388482Z;0;cpu_core;1;local_machine;;cpu_state=user
kernel_cpu_time_ms;2026-03-25T00:42:15.798388482Z;0;cpu_core;1;local_machine;;cpu_state=nice
kernel_cpu_time_ms;2026-03-25T00:42:15.798388482Z;0;cpu_core;1;local_machine;;cpu_state=system
kernel_cpu_time_ms;2026-03-25T00:42:15.798388482Z;490;cpu_core;1;local_machine;;cpu_state=idle
kernel_cpu_time_ms;2026-03-25T00:42:15.798388482Z;0;cpu_core;1;local_machine;;cpu_state=irq
kernel_cpu_time_ms;2026-03-25T00:42:15.798388482Z;0;cpu_core;1;local_machine;;cpu_state=softirq
kernel_cpu_time_ms;2026-03-25T00:42:15.798388482Z;0;cpu_core;1;local_machine;;cpu_state=steal
kernel_cpu_time_ms;2026-03-25T00:42:15.798388482Z;0;cpu_core;1;local_machine;;cpu_state=guest
kernel_cpu_time_ms;2026-03-25T00:42:15.798388482Z;0;cpu_core;1;local_machine;;cpu_state=guest_nice
kernel_cpu_time_ms;2026-03-25T00:42:15.798388482Z;0;cpu_core;2;local_machine;;cpu_state=user
kernel_cpu_time_ms;2026-03-25T00:42:15.798388482Z;0;cpu_core;2;local_machine;;cpu_state=nice
kernel_cpu_time_ms;2026-03-25T00:42:15.798388482Z;0;cpu_core;2;local_machine;;cpu_state=system
kernel_cpu_time_ms;2026-03-25T00:42:15.798388482Z;500;cpu_core;2;local_machine;;cpu_state=idle
kernel_cpu_time_ms;2026-03-25T00:42:15.798388482Z;0;cpu_core;2;local_machine;;cpu_state=irq
kernel_cpu_time_ms;2026-03-25T00:42:15.798388482Z;0;cpu_core;2;local_machine;;cpu_state=softirq
kernel_cpu_time_ms;2026-03-25T00:42:15.798388482Z;0;cpu_core;2;local_machine;;cpu_state=steal
kernel_cpu_time_ms;2026-03-25T00:42:15.798388482Z;0;cpu_core;2;local_machine;;cpu_state=guest
kernel_cpu_time_ms;2026-03-25T00:42:15.798388482Z;0;cpu_core;2;local_machine;;cpu_state=guest_nice
kernel_cpu_time_ms;2026-03-25T00:42:15.798388482Z;0;cpu_core;3;local_machine;;cpu_state=user
kernel_cpu_time_ms;2026-03-25T00:42:15.798388482Z;0;cpu_core;3;local_machine;;cpu_state=nice
kernel_cpu_time_ms;2026-03-25T00:42:15.798388482Z;0;cpu_core;3;local_machine;;cpu_state=system
kernel_cpu_time_ms;2026-03-25T00:42:15.798388482Z;500;cpu_core;3;local_machine;;cpu_state=idle
kernel_cpu_time_ms;2026-03-25T00:42:15.798388482Z;0;cpu_core;3;local_machine;;cpu_state=irq
kernel_cpu_time_ms;2026-03-25T00:42:15.798388482Z;0;cpu_core;3;local_machine;;cpu_state=softirq
kernel_cpu_time_ms;2026-03-25T00:42:15.798388482Z;0;cpu_core;3;local_machine;;cpu_state=steal
kernel_cpu_time_ms;2026-03-25T00:42:15.798388482Z;0;cpu_core;3;local_machine;;cpu_state=guest
kernel_cpu_time_ms;2026-03-25T00:42:15.798388482Z;0;cpu_core;3;local_machine;;cpu_state=guest_nice
kernel_cpu_time_ms;2026-03-25T00:42:15.798388482Z;0;cpu_core;4;local_machine;;cpu_state=user
kernel_cpu_time_ms;2026-03-25T00:42:15.798388482Z;0;cpu_core;4;local_machine;;cpu_state=nice
kernel_cpu_time_ms;2026-03-25T00:42:15.798388482Z;10;cpu_core;4;local_machine;;cpu_state=system
kernel_cpu_time_ms;2026-03-25T00:42:15.798388482Z;500;cpu_core;4;local_machine;;cpu_state=idle
kernel_cpu_time_ms;2026-03-25T00:42:15.798388482Z;0;cpu_core;4;local_machine;;cpu_state=irq
kernel_cpu_time_ms;2026-03-25T00:42:15.798388482Z;0;cpu_core;4;local_machine;;cpu_state=softirq
kernel_cpu_time_ms;2026-03-25T00:42:15.798388482Z;0;cpu_core;4;local_machine;;cpu_state=steal
kernel_cpu_time_ms;2026-03-25T00:42:15.798388482Z;0;cpu_core;4;local_machine;;cpu_state=guest
kernel_cpu_time_ms;2026-03-25T00:42:15.798388482Z;0;cpu_core;4;local_machine;;cpu_state=guest_nice
kernel_cpu_time_ms;2026-03-25T00:42:15.798388482Z;0;cpu_core;5;local_machine;;cpu_state=user
kernel_cpu_time_ms;2026-03-25T00:42:15.798388482Z;0;cpu_core;5;local_machine;;cpu_state=nice
kernel_cpu_time_ms;2026-03-25T00:42:15.798388482Z;0;cpu_core;5;local_machine;;cpu_state=system
kernel_cpu_time_ms;2026-03-25T00:42:15.798388482Z;500;cpu_core;5;local_machine;;cpu_state=idle
kernel_cpu_time_ms;2026-03-25T00:42:15.798388482Z;0;cpu_core;5;local_machine;;cpu_state=irq
kernel_cpu_time_ms;2026-03-25T00:42:15.798388482Z;0;cpu_core;5;local_machine;;cpu_state=softirq
kernel_cpu_time_ms;2026-03-25T00:42:15.798388482Z;0;cpu_core;5;local_machine;;cpu_state=steal
kernel_cpu_time_ms;2026-03-25T00:42:15.798388482Z;0;cpu_core;5;local_machine;;cpu_state=guest
kernel_cpu_time_ms;2026-03-25T00:42:15.798388482Z;0;cpu_core;5;local_machine;;cpu_state=guest_nice
kernel_cpu_time_ms;2026-03-25T00:42:15.798388482Z;0;cpu_core;6;local_machine;;cpu_state=user
kernel_cpu_time_ms;2026-03-25T00:42:15.798388482Z;0;cpu_core;6;local_machine;;cpu_state=nice
kernel_cpu_time_ms;2026-03-25T00:42:15.798388482Z;0;cpu_core;6;local_machine;;cpu_state=system
kernel_cpu_time_ms;2026-03-25T00:42:15.798388482Z;500;cpu_core;6;local_machine;;cpu_state=idle
kernel_cpu_time_ms;2026-03-25T00:42:15.798388482Z;0;cpu_core;6;local_machine;;cpu_state=irq
kernel_cpu_time_ms;2026-03-25T00:42:15.798388482Z;0;cpu_core;6;local_machine;;cpu_state=softirq
kernel_cpu_time_ms;2026-03-25T00:42:15.798388482Z;0;cpu_core;6;local_machine;;cpu_state=steal
kernel_cpu_time_ms;2026-03-25T00:42:15.798388482Z;0;cpu_core;6;local_machine;;cpu_state=guest
kernel_cpu_time_ms;2026-03-25T00:42:15.798388482Z;0;cpu_core;6;local_machine;;cpu_state=guest_nice
kernel_cpu_time_ms;2026-03-25T00:42:15.798388482Z;0;cpu_core;7;local_machine;;cpu_state=user
kernel_cpu_time_ms;2026-03-25T00:42:15.798388482Z;0;cpu_core;7;local_machine;;cpu_state=nice
kernel_cpu_time_ms;2026-03-25T00:42:15.798388482Z;0;cpu_core;7;local_machine;;cpu_state=system
kernel_cpu_time_ms;2026-03-25T00:42:15.798388482Z;500;cpu_core;7;local_machine;;cpu_state=idle
kernel_cpu_time_ms;2026-03-25T00:42:15.798388482Z;0;cpu_core;7;local_machine;;cpu_state=irq
kernel_cpu_time_ms;2026-03-25T00:42:15.798388482Z;0;cpu_core;7;local_machine;;cpu_state=softirq
kernel_cpu_time_ms;2026-03-25T00:42:15.798388482Z;0;cpu_core;7;local_machine;;cpu_state=steal
kernel_cpu_time_ms;2026-03-25T00:42:15.798388482Z;0;cpu_core;7;local_machine;;cpu_state=guest
kernel_cpu_time_ms;2026-03-25T00:42:15.798388482Z;0;cpu_core;7;local_machine;;cpu_state=guest_nice
kernel_cpu_time_ms;2026-03-25T00:42:15.798388482Z;0;cpu_core;8;local_machine;;cpu_state=user
kernel_cpu_time_ms;2026-03-25T00:42:15.798388482Z;0;cpu_core;8;local_machine;;cpu_state=nice
kernel_cpu_time_ms;2026-03-25T00:42:15.798388482Z;0;cpu_core;8;local_machine;;cpu_state=system
kernel_cpu_time_ms;2026-03-25T00:42:15.798388482Z;500;cpu_core;8;local_machine;;cpu_state=idle
kernel_cpu_time_ms;2026-03-25T00:42:15.798388482Z;0;cpu_core;8;local_machine;;cpu_state=irq
kernel_cpu_time_ms;2026-03-25T00:42:15.798388482Z;0;cpu_core;8;local_machine;;cpu_state=softirq
kernel_cpu_time_ms;2026-03-25T00:42:15.798388482Z;0;cpu_core;8;local_machine;;cpu_state=steal
kernel_cpu_time_ms;2026-03-25T00:42:15.798388482Z;0;cpu_core;8;local_machine;;cpu_state=guest
kernel_cpu_time_ms;2026-03-25T00:42:15.798388482Z;0;cpu_core;8;local_machine;;cpu_state=guest_nice
kernel_cpu_time_ms;2026-03-25T00:42:15.798388482Z;0;cpu_core;9;local_machine;;cpu_state=user
kernel_cpu_time_ms;2026-03-25T00:42:15.798388482Z;0;cpu_core;9;local_machine;;cpu_state=nice
kernel_cpu_time_ms;2026-03-25T00:42:15.798388482Z;0;cpu_core;9;local_machine;;cpu_state=system
kernel_cpu_time_ms;2026-03-25T00:42:15.798388482Z;500;cpu_core;9;local_machine;;cpu_state=idle
kernel_cpu_time_ms;2026-03-25T00:42:15.798388482Z;0;cpu_core;9;local_machine;;cpu_state=irq
kernel_cpu_time_ms;2026-03-25T00:42:15.798388482Z;0;cpu_core;9;local_machine;;cpu_state=softirq
kernel_cpu_time_ms;2026-03-25T00:42:15.798388482Z;0;cpu_core;9;local_machine;;cpu_state=steal
kernel_cpu_time_ms;2026-03-25T00:42:15.798388482Z;0;cpu_core;9;local_machine;;cpu_state=guest
kernel_cpu_time_ms;2026-03-25T00:42:15.798388482Z;0;cpu_core;9;local_machine;;cpu_state=guest_nice
kernel_cpu_time_ms;2026-03-25T00:42:15.798388482Z;0;cpu_core;10;local_machine;;cpu_state=user
kernel_cpu_time_ms;2026-03-25T00:42:15.798388482Z;0;cpu_core;10;local_machine;;cpu_state=nice
kernel_cpu_time_ms;2026-03-25T00:42:15.798388482Z;10;cpu_core;10;local_machine;;cpu_state=system
kernel_cpu_time_ms;2026-03-25T00:42:15.798388482Z;500;cpu_core;10;local_machine;;cpu_state=idle
kernel_cpu_time_ms;2026-03-25T00:42:15.798388482Z;0;cpu_core;10;local_machine;;cpu_state=irq
kernel_cpu_time_ms;2026-03-25T00:42:15.798388482Z;0;cpu_core;10;local_machine;;cpu_state=softirq
kernel_cpu_time_ms;2026-03-25T00:42:15.798388482Z;0;cpu_core;10;local_machine;;cpu_state=steal
kernel_cpu_time_ms;2026-03-25T00:42:15.798388482Z;0;cpu_core;10;local_machine;;cpu_state=guest
kernel_cpu_time_ms;2026-03-25T00:42:15.798388482Z;0;cpu_core;10;local_machine;;cpu_state=guest_nice
kernel_cpu_time_ms;2026-03-25T00:42:15.798388482Z;0;cpu_core;11;local_machine;;cpu_state=user
kernel_cpu_time_ms;2026-03-25T00:42:15.798388482Z;0;cpu_core;11;local_machine;;cpu_state=nice
kernel_cpu_time_ms;2026-03-25T00:42:15.798388482Z;0;cpu_core;11;local_machine;;cpu_state=system
kernel_cpu_time_ms;2026-03-25T00:42:15.798388482Z;500;cpu_core;11;local_machine;;cpu_state=idle
kernel_cpu_time_ms;2026-03-25T00:42:15.798388482Z;0;cpu_core;11;local_machine;;cpu_state=irq
kernel_cpu_time_ms;2026-03-25T00:42:15.798388482Z;0;cpu_core;11;local_machine;;cpu_state=softirq
kernel_cpu_time_ms;2026-03-25T00:42:15.798388482Z;0;cpu_core;11;local_machine;;cpu_state=steal
kernel_cpu_time_ms;2026-03-25T00:42:15.798388482Z;0;cpu_core;11;local_machine;;cpu_state=guest
kernel_cpu_time_ms;2026-03-25T00:42:15.798388482Z;0;cpu_core;11;local_machine;;cpu_state=guest_nice
kernel_cpu_time_ms;2026-03-25T00:42:15.798388482Z;0;cpu_core;12;local_machine;;cpu_state=user
kernel_cpu_time_ms;2026-03-25T00:42:15.798388482Z;0;cpu_core;12;local_machine;;cpu_state=nice
kernel_cpu_time_ms;2026-03-25T00:42:15.798388482Z;0;cpu_core;12;local_machine;;cpu_state=system
kernel_cpu_time_ms;2026-03-25T00:42:15.798388482Z;500;cpu_core;12;local_machine;;cpu_state=idle
kernel_cpu_time_ms;2026-03-25T00:42:15.798388482Z;0;cpu_core;12;local_machine;;cpu_state=irq
kernel_cpu_time_ms;2026-03-25T00:42:15.798388482Z;0;cpu_core;12;local_machine;;cpu_state=softirq
kernel_cpu_time_ms;2026-03-25T00:42:15.798388482Z;0;cpu_core;12;local_machine;;cpu_state=steal
kernel_cpu_time_ms;2026-03-25T00:42:15.798388482Z;0;cpu_core;12;local_machine;;cpu_state=guest
kernel_cpu_time_ms;2026-03-25T00:42:15.798388482Z;0;cpu_core;12;local_machine;;cpu_state=guest_nice
kernel_cpu_time_ms;2026-03-25T00:42:15.798388482Z;0;cpu_core;13;local_machine;;cpu_state=user
kernel_cpu_time_ms;2026-03-25T00:42:15.798388482Z;0;cpu_core;13;local_machine;;cpu_state=nice
kernel_cpu_time_ms;2026-03-25T00:42:15.798388482Z;0;cpu_core;13;local_machine;;cpu_state=system
kernel_cpu_time_ms;2026-03-25T00:42:15.798388482Z;500;cpu_core;13;local_machine;;cpu_state=idle
kernel_cpu_time_ms;2026-03-25T00:42:15.798388482Z;0;cpu_core;13;local_machine;;cpu_state=irq
kernel_cpu_time_ms;2026-03-25T00:42:15.798388482Z;0;cpu_core;13;local_machine;;cpu_state=softirq
kernel_cpu_time_ms;2026-03-25T00:42:15.798388482Z;0;cpu_core;13;local_machine;;cpu_state=steal
kernel_cpu_time_ms;2026-03-25T00:42:15.798388482Z;0;cpu_core;13;local_machine;;cpu_state=guest
kernel_cpu_time_ms;2026-03-25T00:42:15.798388482Z;0;cpu_core;13;local_machine;;cpu_state=guest_nice
kernel_cpu_time_ms;2026-03-25T00:42:15.798388482Z;0;cpu_core;14;local_machine;;cpu_state=user
kernel_cpu_time_ms;2026-03-25T00:42:15.798388482Z;0;cpu_core;14;local_machine;;cpu_state=nice
kernel_cpu_time_ms;2026-03-25T00:42:15.798388482Z;10;cpu_core;14;local_machine;;cpu_state=system
kernel_cpu_time_ms;2026-03-25T00:42:15.798388482Z;500;cpu_core;14;local_machine;;cpu_state=idle
kernel_cpu_time_ms;2026-03-25T00:42:15.798388482Z;0;cpu_core;14;local_machine;;cpu_state=irq
kernel_cpu_time_ms;2026-03-25T00:42:15.798388482Z;0;cpu_core;14;local_machine;;cpu_state=softirq
kernel_cpu_time_ms;2026-03-25T00:42:15.798388482Z;0;cpu_core;14;local_machine;;cpu_state=steal
kernel_cpu_time_ms;2026-03-25T00:42:15.798388482Z;0;cpu_core;14;local_machine;;cpu_state=guest
kernel_cpu_time_ms;2026-03-25T00:42:15.798388482Z;0;cpu_core;14;local_machine;;cpu_state=guest_nice
kernel_cpu_time_ms;2026-03-25T00:42:15.798388482Z;0;cpu_core;15;local_machine;;cpu_state=user
kernel_cpu_time_ms;2026-03-25T00:42:15.798388482Z;0;cpu_core;15;local_machine;;cpu_state=nice
kernel_cpu_time_ms;2026-03-25T00:42:15.798388482Z;0;cpu_core;15;local_machine;;cpu_state=system
kernel_cpu_time_ms;2026-03-25T00:42:15.798388482Z;500;cpu_core;15;local_machine;;cpu_state=idle
kernel_cpu_time_ms;2026-03-25T00:42:15.798388482Z;0;cpu_core;15;local_machine;;cpu_state=irq
kernel_cpu_time_ms;2026-03-25T00:42:15.798388482Z;0;cpu_core;15;local_machine;;cpu_state=softirq
kernel_cpu_time_ms;2026-03-25T00:42:15.798388482Z;0;cpu_core;15;local_machine;;cpu_state=steal
kernel_cpu_time_ms;2026-03-25T00:42:15.798388482Z;0;cpu_core;15;local_machine;;cpu_state=guest
kernel_cpu_time_ms;2026-03-25T00:42:15.798388482Z;0;cpu_core;15;local_machine;;cpu_state=guest_nice
kernel_cpu_time_ms;2026-03-25T00:42:15.798388482Z;0;cpu_core;16;local_machine;;cpu_state=user
kernel_cpu_time_ms;2026-03-25T00:42:15.798388482Z;0;cpu_core;16;local_machine;;cpu_state=nice
kernel_cpu_time_ms;2026-03-25T00:42:15.798388482Z;0;cpu_core;16;local_machine;;cpu_state=system
kernel_cpu_time_ms;2026-03-25T00:42:15.798388482Z;500;cpu_core;16;local_machine;;cpu_state=idle
kernel_cpu_time_ms;2026-03-25T00:42:15.798388482Z;0;cpu_core;16;local_machine;;cpu_state=irq
kernel_cpu_time_ms;2026-03-25T00:42:15.798388482Z;0;cpu_core;16;local_machine;;cpu_state=softirq
kernel_cpu_time_ms;2026-03-25T00:42:15.798388482Z;0;cpu_core;16;local_machine;;cpu_state=steal
kernel_cpu_time_ms;2026-03-25T00:42:15.798388482Z;0;cpu_core;16;local_machine;;cpu_state=guest
kernel_cpu_time_ms;2026-03-25T00:42:15.798388482Z;0;cpu_core;16;local_machine;;cpu_state=guest_nice
kernel_cpu_time_ms;2026-03-25T00:42:15.798388482Z;0;cpu_core;17;local_machine;;cpu_state=user
kernel_cpu_time_ms;2026-03-25T00:42:15.798388482Z;0;cpu_core;17;local_machine;;cpu_state=nice
kernel_cpu_time_ms;2026-03-25T00:42:15.798388482Z;0;cpu_core;17;local_machine;;cpu_state=system
kernel_cpu_time_ms;2026-03-25T00:42:15.798388482Z;500;cpu_core;17;local_machine;;cpu_state=idle
kernel_cpu_time_ms;2026-03-25T00:42:15.798388482Z;0;cpu_core;17;local_machine;;cpu_state=irq
kernel_cpu_time_ms;2026-03-25T00:42:15.798388482Z;0;cpu_core;17;local_machine;;cpu_state=softirq
kernel_cpu_time_ms;2026-03-25T00:42:15.798388482Z;0;cpu_core;17;local_machine;;cpu_state=steal
kernel_cpu_time_ms;2026-03-25T00:42:15.798388482Z;0;cpu_core;17;local_machine;;cpu_state=guest
kernel_cpu_time_ms;2026-03-25T00:42:15.798388482Z;0;cpu_core;17;local_machine;;cpu_state=guest_nice
kernel_cpu_time_ms;2026-03-25T00:42:15.798388482Z;0;cpu_core;18;local_machine;;cpu_state=user
kernel_cpu_time_ms;2026-03-25T00:42:15.798388482Z;0;cpu_core;18;local_machine;;cpu_state=nice
kernel_cpu_time_ms;2026-03-25T00:42:15.798388482Z;0;cpu_core;18;local_machine;;cpu_state=system
kernel_cpu_time_ms;2026-03-25T00:42:15.798388482Z;500;cpu_core;18;local_machine;;cpu_state=idle
kernel_cpu_time_ms;2026-03-25T00:42:15.798388482Z;0;cpu_core;18;local_machine;;cpu_state=irq
kernel_cpu_time_ms;2026-03-25T00:42:15.798388482Z;0;cpu_core;18;local_machine;;cpu_state=softirq
kernel_cpu_time_ms;2026-03-25T00:42:15.798388482Z;0;cpu_core;18;local_machine;;cpu_state=steal
kernel_cpu_time_ms;2026-03-25T00:42:15.798388482Z;0;cpu_core;18;local_machine;;cpu_state=guest
kernel_cpu_time_ms;2026-03-25T00:42:15.798388482Z;0;cpu_core;18;local_machine;;cpu_state=guest_nice
kernel_cpu_time_ms;2026-03-25T00:42:15.798388482Z;0;cpu_core;19;local_machine;;cpu_state=user
kernel_cpu_time_ms;2026-03-25T00:42:15.798388482Z;0;cpu_core;19;local_machine;;cpu_state=nice
kernel_cpu_time_ms;2026-03-25T00:42:15.798388482Z;0;cpu_core;19;local_machine;;cpu_state=system
kernel_cpu_time_ms;2026-03-25T00:42:15.798388482Z;500;cpu_core;19;local_machine;;cpu_state=idle
kernel_cpu_time_ms;2026-03-25T00:42:15.798388482Z;0;cpu_core;19;local_machine;;cpu_state=irq
kernel_cpu_time_ms;2026-03-25T00:42:15.798388482Z;0;cpu_core;19;local_machine;;cpu_state=softirq
kernel_cpu_time_ms;2026-03-25T00:42:15.798388482Z;0;cpu_core;19;local_machine;;cpu_state=steal
kernel_cpu_time_ms;2026-03-25T00:42:15.798388482Z;0;cpu_core;19;local_machine;;cpu_state=guest
kernel_cpu_time_ms;2026-03-25T00:42:15.798388482Z;0;cpu_core;19;local_machine;;cpu_state=guest_nice
kernel_cpu_time_ms;2026-03-25T00:42:15.798388482Z;0;cpu_core;20;local_machine;;cpu_state=user
kernel_cpu_time_ms;2026-03-25T00:42:15.798388482Z;0;cpu_core;20;local_machine;;cpu_state=nice
kernel_cpu_time_ms;2026-03-25T00:42:15.798388482Z;0;cpu_core;20;local_machine;;cpu_state=system
kernel_cpu_time_ms;2026-03-25T00:42:15.798388482Z;500;cpu_core;20;local_machine;;cpu_state=idle
kernel_cpu_time_ms;2026-03-25T00:42:15.798388482Z;0;cpu_core;20;local_machine;;cpu_state=irq
kernel_cpu_time_ms;2026-03-25T00:42:15.798388482Z;0;cpu_core;20;local_machine;;cpu_state=softirq
kernel_cpu_time_ms;2026-03-25T00:42:15.798388482Z;0;cpu_core;20;local_machine;;cpu_state=steal
kernel_cpu_time_ms;2026-03-25T00:42:15.798388482Z;0;cpu_core;20;local_machine;;cpu_state=guest
kernel_cpu_time_ms;2026-03-25T00:42:15.798388482Z;0;cpu_core;20;local_machine;;cpu_state=guest_nice
kernel_cpu_time_ms;2026-03-25T00:42:15.798388482Z;0;cpu_core;21;local_machine;;cpu_state=user
kernel_cpu_time_ms;2026-03-25T00:42:15.798388482Z;0;cpu_core;21;local_machine;;cpu_state=nice
kernel_cpu_time_ms;2026-03-25T00:42:15.798388482Z;0;cpu_core;21;local_machine;;cpu_state=system
kernel_cpu_time_ms;2026-03-25T00:42:15.798388482Z;500;cpu_core;21;local_machine;;cpu_state=idle
kernel_cpu_time_ms;2026-03-25T00:42:15.798388482Z;0;cpu_core;21;local_machine;;cpu_state=irq
kernel_cpu_time_ms;2026-03-25T00:42:15.798388482Z;0;cpu_core;21;local_machine;;cpu_state=softirq
kernel_cpu_time_ms;2026-03-25T00:42:15.798388482Z;0;cpu_core;21;local_machine;;cpu_state=steal
kernel_cpu_time_ms;2026-03-25T00:42:15.798388482Z;0;cpu_core;21;local_machine;;cpu_state=guest
kernel_cpu_time_ms;2026-03-25T00:42:15.798388482Z;0;cpu_core;21;local_machine;;cpu_state=guest_nice
kernel_cpu_time_ms;2026-03-25T00:42:15.798388482Z;0;cpu_core;22;local_machine;;cpu_state=user
kernel_cpu_time_ms;2026-03-25T00:42:15.798388482Z;0;cpu_core;22;local_machine;;cpu_state=nice
kernel_cpu_time_ms;2026-03-25T00:42:15.798388482Z;0;cpu_core;22;local_machine;;cpu_state=system
kernel_cpu_time_ms;2026-03-25T00:42:15.798388482Z;500;cpu_core;22;local_machine;;cpu_state=idle
kernel_cpu_time_ms;2026-03-25T00:42:15.798388482Z;0;cpu_core;22;local_machine;;cpu_state=irq
kernel_cpu_time_ms;2026-03-25T00:42:15.798388482Z;0;cpu_core;22;local_machine;;cpu_state=softirq
kernel_cpu_time_ms;2026-03-25T00:42:15.798388482Z;0;cpu_core;22;local_machine;;cpu_state=steal
kernel_cpu_time_ms;2026-03-25T00:42:15.798388482Z;0;cpu_core;22;local_machine;;cpu_state=guest
kernel_cpu_time_ms;2026-03-25T00:42:15.798388482Z;0;cpu_core;22;local_machine;;cpu_state=guest_nice
kernel_cpu_time_ms;2026-03-25T00:42:15.798388482Z;0;cpu_core;23;local_machine;;cpu_state=user
kernel_cpu_time_ms;2026-03-25T00:42:15.798388482Z;0;cpu_core;23;local_machine;;cpu_state=nice
kernel_cpu_time_ms;2026-03-25T00:42:15.798388482Z;0;cpu_core;23;local_machine;;cpu_state=system
kernel_cpu_time_ms;2026-03-25T00:42:15.798388482Z;500;cpu_core;23;local_machine;;cpu_state=idle
kernel_cpu_time_ms;2026-03-25T00:42:15.798388482Z;0;cpu_core;23;local_machine;;cpu_state=irq
kernel_cpu_time_ms;2026-03-25T00:42:15.798388482Z;0;cpu_core;23;local_machine;;cpu_state=softirq
kernel_cpu_time_ms;2026-03-25T00:42:15.798388482Z;0;cpu_core;23;local_machine;;cpu_state=steal
kernel_cpu_time_ms;2026-03-25T00:42:15.798388482Z;0;cpu_core;23;local_machine;;cpu_state=guest
kernel_cpu_time_ms;2026-03-25T00:42:15.798388482Z;0;cpu_core;23;local_machine;;cpu_state=guest_nice
kernel_cpu_time_ms;2026-03-25T00:42:15.798388482Z;0;cpu_core;24;local_machine;;cpu_state=user
kernel_cpu_time_ms;2026-03-25T00:42:15.798388482Z;0;cpu_core;24;local_machine;;cpu_state=nice
kernel_cpu_time_ms;2026-03-25T00:42:15.798388482Z;0;cpu_core;24;local_machine;;cpu_state=system
kernel_cpu_time_ms;2026-03-25T00:42:15.798388482Z;490;cpu_core;24;local_machine;;cpu_state=idle
kernel_cpu_time_ms;2026-03-25T00:42:15.798388482Z;0;cpu_core;24;local_machine;;cpu_state=irq
kernel_cpu_time_ms;2026-03-25T00:42:15.798388482Z;0;cpu_core;24;local_machine;;cpu_state=softirq
kernel_cpu_time_ms;2026-03-25T00:42:15.798388482Z;0;cpu_core;24;local_machine;;cpu_state=steal
kernel_cpu_time_ms;2026-03-25T00:42:15.798388482Z;0;cpu_core;24;local_machine;;cpu_state=guest
kernel_cpu_time_ms;2026-03-25T00:42:15.798388482Z;0;cpu_core;24;local_machine;;cpu_state=guest_nice
kernel_cpu_time_ms;2026-03-25T00:42:15.798388482Z;0;cpu_core;25;local_machine;;cpu_state=user
kernel_cpu_time_ms;2026-03-25T00:42:15.798388482Z;0;cpu_core;25;local_machine;;cpu_state=nice
kernel_cpu_time_ms;2026-03-25T00:42:15.798388482Z;0;cpu_core;25;local_machine;;cpu_state=system
kernel_cpu_time_ms;2026-03-25T00:42:15.798388482Z;490;cpu_core;25;local_machine;;cpu_state=idle
kernel_cpu_time_ms;2026-03-25T00:42:15.798388482Z;0;cpu_core;25;local_machine;;cpu_state=irq
kernel_cpu_time_ms;2026-03-25T00:42:15.798388482Z;0;cpu_core;25;local_machine;;cpu_state=softirq
kernel_cpu_time_ms;2026-03-25T00:42:15.798388482Z;0;cpu_core;25;local_machine;;cpu_state=steal
kernel_cpu_time_ms;2026-03-25T00:42:15.798388482Z;0;cpu_core;25;local_machine;;cpu_state=guest
kernel_cpu_time_ms;2026-03-25T00:42:15.798388482Z;0;cpu_core;25;local_machine;;cpu_state=guest_nice
kernel_cpu_time_ms;2026-03-25T00:42:15.798388482Z;0;cpu_core;26;local_machine;;cpu_state=user
kernel_cpu_time_ms;2026-03-25T00:42:15.798388482Z;0;cpu_core;26;local_machine;;cpu_state=nice
kernel_cpu_time_ms;2026-03-25T00:42:15.798388482Z;0;cpu_core;26;local_machine;;cpu_state=system
kernel_cpu_time_ms;2026-03-25T00:42:15.798388482Z;500;cpu_core;26;local_machine;;cpu_state=idle
kernel_cpu_time_ms;2026-03-25T00:42:15.798388482Z;0;cpu_core;26;local_machine;;cpu_state=irq
kernel_cpu_time_ms;2026-03-25T00:42:15.798388482Z;0;cpu_core;26;local_machine;;cpu_state=softirq
kernel_cpu_time_ms;2026-03-25T00:42:15.798388482Z;0;cpu_core;26;local_machine;;cpu_state=steal
kernel_cpu_time_ms;2026-03-25T00:42:15.798388482Z;0;cpu_core;26;local_machine;;cpu_state=guest
kernel_cpu_time_ms;2026-03-25T00:42:15.798388482Z;0;cpu_core;26;local_machine;;cpu_state=guest_nice
kernel_cpu_time_ms;2026-03-25T00:42:15.798388482Z;0;cpu_core;27;local_machine;;cpu_state=user
kernel_cpu_time_ms;2026-03-25T00:42:15.798388482Z;0;cpu_core;27;local_machine;;cpu_state=nice
kernel_cpu_time_ms;2026-03-25T00:42:15.798388482Z;0;cpu_core;27;local_machine;;cpu_state=system
kernel_cpu_time_ms;2026-03-25T00:42:15.798388482Z;500;cpu_core;27;local_machine;;cpu_state=idle
kernel_cpu_time_ms;2026-03-25T00:42:15.798388482Z;0;cpu_core;27;local_machine;;cpu_state=irq
kernel_cpu_time_ms;2026-03-25T00:42:15.798388482Z;0;cpu_core;27;local_machine;;cpu_state=softirq
kernel_cpu_time_ms;2026-03-25T00:42:15.798388482Z;0;cpu_core;27;local_machine;;cpu_state=steal
kernel_cpu_time_ms;2026-03-25T00:42:15.798388482Z;0;cpu_core;27;local_machine;;cpu_state=guest
kernel_cpu_time_ms;2026-03-25T00:42:15.798388482Z;0;cpu_core;27;local_machine;;cpu_state=guest_nice
kernel_cpu_time_ms;2026-03-25T00:42:15.798388482Z;0;cpu_core;28;local_machine;;cpu_state=user
kernel_cpu_time_ms;2026-03-25T00:42:15.798388482Z;0;cpu_core;28;local_machine;;cpu_state=nice
kernel_cpu_time_ms;2026-03-25T00:42:15.798388482Z;0;cpu_core;28;local_machine;;cpu_state=system
kernel_cpu_time_ms;2026-03-25T00:42:15.798388482Z;500;cpu_core;28;local_machine;;cpu_state=idle
kernel_cpu_time_ms;2026-03-25T00:42:15.798388482Z;0;cpu_core;28;local_machine;;cpu_state=irq
kernel_cpu_time_ms;2026-03-25T00:42:15.798388482Z;0;cpu_core;28;local_machine;;cpu_state=softirq
kernel_cpu_time_ms;2026-03-25T00:42:15.798388482Z;0;cpu_core;28;local_machine;;cpu_state=steal
kernel_cpu_time_ms;2026-03-25T00:42:15.798388482Z;0;cpu_core;28;local_machine;;cpu_state=guest
kernel_cpu_time_ms;2026-03-25T00:42:15.798388482Z;0;cpu_core;28;local_machine;;cpu_state=guest_nice
kernel_cpu_time_ms;2026-03-25T00:42:15.798388482Z;0;cpu_core;29;local_machine;;cpu_state=user
kernel_cpu_time_ms;2026-03-25T00:42:15.798388482Z;0;cpu_core;29;local_machine;;cpu_state=nice
kernel_cpu_time_ms;2026-03-25T00:42:15.798388482Z;0;cpu_core;29;local_machine;;cpu_state=system
kernel_cpu_time_ms;2026-03-25T00:42:15.798388482Z;500;cpu_core;29;local_machine;;cpu_state=idle
kernel_cpu_time_ms;2026-03-25T00:42:15.798388482Z;0;cpu_core;29;local_machine;;cpu_state=irq
kernel_cpu_time_ms;2026-03-25T00:42:15.798388482Z;0;cpu_core;29;local_machine;;cpu_state=softirq
kernel_cpu_time_ms;2026-03-25T00:42:15.798388482Z;0;cpu_core;29;local_machine;;cpu_state=steal
kernel_cpu_time_ms;2026-03-25T00:42:15.798388482Z;0;cpu_core;29;local_machine;;cpu_state=guest
kernel_cpu_time_ms;2026-03-25T00:42:15.798388482Z;0;cpu_core;29;local_machine;;cpu_state=guest_nice
kernel_cpu_time_ms;2026-03-25T00:42:15.798388482Z;0;cpu_core;30;local_machine;;cpu_state=user
kernel_cpu_time_ms;2026-03-25T00:42:15.798388482Z;0;cpu_core;30;local_machine;;cpu_state=nice
kernel_cpu_time_ms;2026-03-25T00:42:15.798388482Z;0;cpu_core;30;local_machine;;cpu_state=system
kernel_cpu_time_ms;2026-03-25T00:42:15.798388482Z;500;cpu_core;30;local_machine;;cpu_state=idle
kernel_cpu_time_ms;2026-03-25T00:42:15.798388482Z;0;cpu_core;30;local_machine;;cpu_state=irq
kernel_cpu_time_ms;2026-03-25T00:42:15.798388482Z;0;cpu_core;30;local_machine;;cpu_state=softirq
kernel_cpu_time_ms;2026-03-25T00:42:15.798388482Z;0;cpu_core;30;local_machine;;cpu_state=steal
kernel_cpu_time_ms;2026-03-25T00:42:15.798388482Z;0;cpu_core;30;local_machine;;cpu_state=guest
kernel_cpu_time_ms;2026-03-25T00:42:15.798388482Z;0;cpu_core;30;local_machine;;cpu_state=guest_nice
kernel_cpu_time_ms;2026-03-25T00:42:15.798388482Z;0;cpu_core;31;local_machine;;cpu_state=user
kernel_cpu_time_ms;2026-03-25T00:42:15.798388482Z;0;cpu_core;31;local_machine;;cpu_state=nice
kernel_cpu_time_ms;2026-03-25T00:42:15.798388482Z;0;cpu_core;31;local_machine;;cpu_state=system
kernel_cpu_time_ms;2026-03-25T00:42:15.798388482Z;500;cpu_core;31;local_machine;;cpu_state=idle
kernel_cpu_time_ms;2026-03-25T00:42:15.798388482Z;0;cpu_core;31;local_machine;;cpu_state=irq
kernel_cpu_time_ms;2026-03-25T00:42:15.798388482Z;0;cpu_core;31;local_machine;;cpu_state=softirq
kernel_cpu_time_ms;2026-03-25T00:42:15.798388482Z;0;cpu_core;31;local_machine;;cpu_state=steal
kernel_cpu_time_ms;2026-03-25T00:42:15.798388482Z;0;cpu_core;31;local_machine;;cpu_state=guest
kernel_cpu_time_ms;2026-03-25T00:42:15.798388482Z;0;cpu_core;31;local_machine;;cpu_state=guest_nice
kernel_cpu_time_ms;2026-03-25T00:42:15.798388482Z;0;cpu_core;32;local_machine;;cpu_state=user
kernel_cpu_time_ms;2026-03-25T00:42:15.798388482Z;0;cpu_core;32;local_machine;;cpu_state=nice
kernel_cpu_time_ms;2026-03-25T00:42:15.798388482Z;0;cpu_core;32;local_machine;;cpu_state=system
kernel_cpu_time_ms;2026-03-25T00:42:15.798388482Z;500;cpu_core;32;local_machine;;cpu_state=idle
kernel_cpu_time_ms;2026-03-25T00:42:15.798388482Z;0;cpu_core;32;local_machine;;cpu_state=irq
kernel_cpu_time_ms;2026-03-25T00:42:15.798388482Z;0;cpu_core;32;local_machine;;cpu_state=softirq
kernel_cpu_time_ms;2026-03-25T00:42:15.798388482Z;0;cpu_core;32;local_machine;;cpu_state=steal
kernel_cpu_time_ms;2026-03-25T00:42:15.798388482Z;0;cpu_core;32;local_machine;;cpu_state=guest
kernel_cpu_time_ms;2026-03-25T00:42:15.798388482Z;0;cpu_core;32;local_machine;;cpu_state=guest_nice
kernel_cpu_time_ms;2026-03-25T00:42:15.798388482Z;0;cpu_core;33;local_machine;;cpu_state=user
kernel_cpu_time_ms;2026-03-25T00:42:15.798388482Z;0;cpu_core;33;local_machine;;cpu_state=nice
kernel_cpu_time_ms;2026-03-25T00:42:15.798388482Z;0;cpu_core;33;local_machine;;cpu_state=system
kernel_cpu_time_ms;2026-03-25T00:42:15.798388482Z;500;cpu_core;33;local_machine;;cpu_state=idle
kernel_cpu_time_ms;2026-03-25T00:42:15.798388482Z;0;cpu_core;33;local_machine;;cpu_state=irq
kernel_cpu_time_ms;2026-03-25T00:42:15.798388482Z;0;cpu_core;33;local_machine;;cpu_state=softirq
kernel_cpu_time_ms;2026-03-25T00:42:15.798388482Z;0;cpu_core;33;local_machine;;cpu_state=steal
kernel_cpu_time_ms;2026-03-25T00:42:15.798388482Z;0;cpu_core;33;local_machine;;cpu_state=guest
kernel_cpu_time_ms;2026-03-25T00:42:15.798388482Z;0;cpu_core;33;local_machine;;cpu_state=guest_nice
kernel_cpu_time_ms;2026-03-25T00:42:15.798388482Z;0;cpu_core;34;local_machine;;cpu_state=user
kernel_cpu_time_ms;2026-03-25T00:42:15.798388482Z;0;cpu_core;34;local_machine;;cpu_state=nice
kernel_cpu_time_ms;2026-03-25T00:42:15.798388482Z;0;cpu_core;34;local_machine;;cpu_state=system
kernel_cpu_time_ms;2026-03-25T00:42:15.798388482Z;500;cpu_core;34;local_machine;;cpu_state=idle
kernel_cpu_time_ms;2026-03-25T00:42:15.798388482Z;0;cpu_core;34;local_machine;;cpu_state=irq
kernel_cpu_time_ms;2026-03-25T00:42:15.798388482Z;0;cpu_core;34;local_machine;;cpu_state=softirq
kernel_cpu_time_ms;2026-03-25T00:42:15.798388482Z;0;cpu_core;34;local_machine;;cpu_state=steal
kernel_cpu_time_ms;2026-03-25T00:42:15.798388482Z;0;cpu_core;34;local_machine;;cpu_state=guest
kernel_cpu_time_ms;2026-03-25T00:42:15.798388482Z;0;cpu_core;34;local_machine;;cpu_state=guest_nice
kernel_cpu_time_ms;2026-03-25T00:42:15.798388482Z;0;cpu_core;35;local_machine;;cpu_state=user
kernel_cpu_time_ms;2026-03-25T00:42:15.798388482Z;0;cpu_core;35;local_machine;;cpu_state=nice
kernel_cpu_time_ms;2026-03-25T00:42:15.798388482Z;0;cpu_core;35;local_machine;;cpu_state=system
kernel_cpu_time_ms;2026-03-25T00:42:15.798388482Z;500;cpu_core;35;local_machine;;cpu_state=idle
kernel_cpu_time_ms;2026-03-25T00:42:15.798388482Z;0;cpu_core;35;local_machine;;cpu_state=irq
kernel_cpu_time_ms;2026-03-25T00:42:15.798388482Z;0;cpu_core;35;local_machine;;cpu_state=softirq
kernel_cpu_time_ms;2026-03-25T00:42:15.798388482Z;0;cpu_core;35;local_machine;;cpu_state=steal
kernel_cpu_time_ms;2026-03-25T00:42:15.798388482Z;0;cpu_core;35;local_machine;;cpu_state=guest
kernel_cpu_time_ms;2026-03-25T00:42:15.798388482Z;0;cpu_core;35;local_machine;;cpu_state=guest_nice
kernel_cpu_time_ms;2026-03-25T00:42:15.798388482Z;0;cpu_core;36;local_machine;;cpu_state=user
kernel_cpu_time_ms;2026-03-25T00:42:15.798388482Z;0;cpu_core;36;local_machine;;cpu_state=nice
kernel_cpu_time_ms;2026-03-25T00:42:15.798388482Z;0;cpu_core;36;local_machine;;cpu_state=system
kernel_cpu_time_ms;2026-03-25T00:42:15.798388482Z;500;cpu_core;36;local_machine;;cpu_state=idle
kernel_cpu_time_ms;2026-03-25T00:42:15.798388482Z;0;cpu_core;36;local_machine;;cpu_state=irq
kernel_cpu_time_ms;2026-03-25T00:42:15.798388482Z;0;cpu_core;36;local_machine;;cpu_state=softirq
kernel_cpu_time_ms;2026-03-25T00:42:15.798388482Z;0;cpu_core;36;local_machine;;cpu_state=steal
kernel_cpu_time_ms;2026-03-25T00:42:15.798388482Z;0;cpu_core;36;local_machine;;cpu_state=guest
kernel_cpu_time_ms;2026-03-25T00:42:15.798388482Z;0;cpu_core;36;local_machine;;cpu_state=guest_nice
kernel_cpu_time_ms;2026-03-25T00:42:15.798388482Z;0;cpu_core;37;local_machine;;cpu_state=user
kernel_cpu_time_ms;2026-03-25T00:42:15.798388482Z;0;cpu_core;37;local_machine;;cpu_state=nice
kernel_cpu_time_ms;2026-03-25T00:42:15.798388482Z;0;cpu_core;37;local_machine;;cpu_state=system
kernel_cpu_time_ms;2026-03-25T00:42:15.798388482Z;500;cpu_core;37;local_machine;;cpu_state=idle
kernel_cpu_time_ms;2026-03-25T00:42:15.798388482Z;0;cpu_core;37;local_machine;;cpu_state=irq
kernel_cpu_time_ms;2026-03-25T00:42:15.798388482Z;0;cpu_core;37;local_machine;;cpu_state=softirq
kernel_cpu_time_ms;2026-03-25T00:42:15.798388482Z;0;cpu_core;37;local_machine;;cpu_state=steal
kernel_cpu_time_ms;2026-03-25T00:42:15.798388482Z;0;cpu_core;37;local_machine;;cpu_state=guest
kernel_cpu_time_ms;2026-03-25T00:42:15.798388482Z;0;cpu_core;37;local_machine;;cpu_state=guest_nice
kernel_cpu_time_ms;2026-03-25T00:42:15.798388482Z;0;cpu_core;38;local_machine;;cpu_state=user
kernel_cpu_time_ms;2026-03-25T00:42:15.798388482Z;0;cpu_core;38;local_machine;;cpu_state=nice
kernel_cpu_time_ms;2026-03-25T00:42:15.798388482Z;0;cpu_core;38;local_machine;;cpu_state=system
kernel_cpu_time_ms;2026-03-25T00:42:15.798388482Z;500;cpu_core;38;local_machine;;cpu_state=idle
kernel_cpu_time_ms;2026-03-25T00:42:15.798388482Z;0;cpu_core;38;local_machine;;cpu_state=irq
kernel_cpu_time_ms;2026-03-25T00:42:15.798388482Z;0;cpu_core;38;local_machine;;cpu_state=softirq
kernel_cpu_time_ms;2026-03-25T00:42:15.798388482Z;0;cpu_core;38;local_machine;;cpu_state=steal
kernel_cpu_time_ms;2026-03-25T00:42:15.798388482Z;0;cpu_core;38;local_machine;;cpu_state=guest
kernel_cpu_time_ms;2026-03-25T00:42:15.798388482Z;0;cpu_core;38;local_machine;;cpu_state=guest_nice
kernel_cpu_time_ms;2026-03-25T00:42:15.798388482Z;0;cpu_core;39;local_machine;;cpu_state=user
kernel_cpu_time_ms;2026-03-25T00:42:15.798388482Z;0;cpu_core;39;local_machine;;cpu_state=nice
kernel_cpu_time_ms;2026-03-25T00:42:15.798388482Z;0;cpu_core;39;local_machine;;cpu_state=system
kernel_cpu_time_ms;2026-03-25T00:42:15.798388482Z;500;cpu_core;39;local_machine;;cpu_state=idle
kernel_cpu_time_ms;2026-03-25T00:42:15.798388482Z;0;cpu_core;39;local_machine;;cpu_state=irq
kernel_cpu_time_ms;2026-03-25T00:42:15.798388482Z;0;cpu_core;39;local_machine;;cpu_state=softirq
kernel_cpu_time_ms;2026-03-25T00:42:15.798388482Z;0;cpu_core;39;local_machine;;cpu_state=steal
kernel_cpu_time_ms;2026-03-25T00:42:15.798388482Z;0;cpu_core;39;local_machine;;cpu_state=guest
kernel_cpu_time_ms;2026-03-25T00:42:15.798388482Z;0;cpu_core;39;local_machine;;cpu_state=guest_nice
kernel_cpu_time_ms;2026-03-25T00:42:15.798388482Z;500;cpu_core;40;local_machine;;cpu_state=user
kernel_cpu_time_ms;2026-03-25T00:42:15.798388482Z;0;cpu_core;40;local_machine;;cpu_state=nice
kernel_cpu_time_ms;2026-03-25T00:42:15.798388482Z;0;cpu_core;40;local_machine;;cpu_state=system
kernel_cpu_time_ms;2026-03-25T00:42:15.798388482Z;0;cpu_core;40;local_machine;;cpu_state=idle
kernel_cpu_time_ms;2026-03-25T00:42:15.798388482Z;0;cpu_core;40;local_machine;;cpu_state=irq
kernel_cpu_time_ms;2026-03-25T00:42:15.798388482Z;0;cpu_core;40;local_machine;;cpu_state=softirq
kernel_cpu_time_ms;2026-03-25T00:42:15.798388482Z;0;cpu_core;40;local_machine;;cpu_state=steal
kernel_cpu_time_ms;2026-03-25T00:42:15.798388482Z;0;cpu_core;40;local_machine;;cpu_state=guest
kernel_cpu_time_ms;2026-03-25T00:42:15.798388482Z;0;cpu_core;40;local_machine;;cpu_state=guest_nice
kernel_cpu_time_ms;2026-03-25T00:42:15.798388482Z;0;cpu_core;41;local_machine;;cpu_state=user
kernel_cpu_time_ms;2026-03-25T00:42:15.798388482Z;0;cpu_core;41;local_machine;;cpu_state=nice
kernel_cpu_time_ms;2026-03-25T00:42:15.798388482Z;0;cpu_core;41;local_machine;;cpu_state=system
kernel_cpu_time_ms;2026-03-25T00:42:15.798388482Z;500;cpu_core;41;local_machine;;cpu_state=idle
kernel_cpu_time_ms;2026-03-25T00:42:15.798388482Z;0;cpu_core;41;local_machine;;cpu_state=irq
kernel_cpu_time_ms;2026-03-25T00:42:15.798388482Z;0;cpu_core;41;local_machine;;cpu_state=softirq
kernel_cpu_time_ms;2026-03-25T00:42:15.798388482Z;0;cpu_core;41;local_machine;;cpu_state=steal
kernel_cpu_time_ms;2026-03-25T00:42:15.798388482Z;0;cpu_core;41;local_machine;;cpu_state=guest
kernel_cpu_time_ms;2026-03-25T00:42:15.798388482Z;0;cpu_core;41;local_machine;;cpu_state=guest_nice
kernel_cpu_time_ms;2026-03-25T00:42:15.798388482Z;0;cpu_core;42;local_machine;;cpu_state=user
kernel_cpu_time_ms;2026-03-25T00:42:15.798388482Z;0;cpu_core;42;local_machine;;cpu_state=nice
kernel_cpu_time_ms;2026-03-25T00:42:15.798388482Z;0;cpu_core;42;local_machine;;cpu_state=system
kernel_cpu_time_ms;2026-03-25T00:42:15.798388482Z;500;cpu_core;42;local_machine;;cpu_state=idle
kernel_cpu_time_ms;2026-03-25T00:42:15.798388482Z;0;cpu_core;42;local_machine;;cpu_state=irq
kernel_cpu_time_ms;2026-03-25T00:42:15.798388482Z;0;cpu_core;42;local_machine;;cpu_state=softirq
kernel_cpu_time_ms;2026-03-25T00:42:15.798388482Z;0;cpu_core;42;local_machine;;cpu_state=steal
kernel_cpu_time_ms;2026-03-25T00:42:15.798388482Z;0;cpu_core;42;local_machine;;cpu_state=guest
kernel_cpu_time_ms;2026-03-25T00:42:15.798388482Z;0;cpu_core;42;local_machine;;cpu_state=guest_nice
kernel_cpu_time_ms;2026-03-25T00:42:15.798388482Z;0;cpu_core;43;local_machine;;cpu_state=user
kernel_cpu_time_ms;2026-03-25T00:42:15.798388482Z;0;cpu_core;43;local_machine;;cpu_state=nice
kernel_cpu_time_ms;2026-03-25T00:42:15.798388482Z;0;cpu_core;43;local_machine;;cpu_state=system
kernel_cpu_time_ms;2026-03-25T00:42:15.798388482Z;500;cpu_core;43;local_machine;;cpu_state=idle
kernel_cpu_time_ms;2026-03-25T00:42:15.798388482Z;0;cpu_core;43;local_machine;;cpu_state=irq
kernel_cpu_time_ms;2026-03-25T00:42:15.798388482Z;0;cpu_core;43;local_machine;;cpu_state=softirq
kernel_cpu_time_ms;2026-03-25T00:42:15.798388482Z;0;cpu_core;43;local_machine;;cpu_state=steal
kernel_cpu_time_ms;2026-03-25T00:42:15.798388482Z;0;cpu_core;43;local_machine;;cpu_state=guest
kernel_cpu_time_ms;2026-03-25T00:42:15.798388482Z;0;cpu_core;43;local_machine;;cpu_state=guest_nice
kernel_cpu_time_ms;2026-03-25T00:42:15.798388482Z;0;cpu_core;44;local_machine;;cpu_state=user
kernel_cpu_time_ms;2026-03-25T00:42:15.798388482Z;0;cpu_core;44;local_machine;;cpu_state=nice
kernel_cpu_time_ms;2026-03-25T00:42:15.798388482Z;0;cpu_core;44;local_machine;;cpu_state=system
kernel_cpu_time_ms;2026-03-25T00:42:15.798388482Z;500;cpu_core;44;local_machine;;cpu_state=idle
kernel_cpu_time_ms;2026-03-25T00:42:15.798388482Z;0;cpu_core;44;local_machine;;cpu_state=irq
kernel_cpu_time_ms;2026-03-25T00:42:15.798388482Z;0;cpu_core;44;local_machine;;cpu_state=softirq
kernel_cpu_time_ms;2026-03-25T00:42:15.798388482Z;0;cpu_core;44;local_machine;;cpu_state=steal
kernel_cpu_time_ms;2026-03-25T00:42:15.798388482Z;0;cpu_core;44;local_machine;;cpu_state=guest
kernel_cpu_time_ms;2026-03-25T00:42:15.798388482Z;0;cpu_core;44;local_machine;;cpu_state=guest_nice
kernel_cpu_time_ms;2026-03-25T00:42:15.798388482Z;0;cpu_core;45;local_machine;;cpu_state=user
kernel_cpu_time_ms;2026-03-25T00:42:15.798388482Z;0;cpu_core;45;local_machine;;cpu_state=nice
kernel_cpu_time_ms;2026-03-25T00:42:15.798388482Z;0;cpu_core;45;local_machine;;cpu_state=system
kernel_cpu_time_ms;2026-03-25T00:42:15.798388482Z;500;cpu_core;45;local_machine;;cpu_state=idle
kernel_cpu_time_ms;2026-03-25T00:42:15.798388482Z;0;cpu_core;45;local_machine;;cpu_state=irq
kernel_cpu_time_ms;2026-03-25T00:42:15.798388482Z;0;cpu_core;45;local_machine;;cpu_state=softirq
kernel_cpu_time_ms;2026-03-25T00:42:15.798388482Z;0;cpu_core;45;local_machine;;cpu_state=steal
kernel_cpu_time_ms;2026-03-25T00:42:15.798388482Z;0;cpu_core;45;local_machine;;cpu_state=guest
kernel_cpu_time_ms;2026-03-25T00:42:15.798388482Z;0;cpu_core;45;local_machine;;cpu_state=guest_nice
kernel_cpu_time_ms;2026-03-25T00:42:15.798388482Z;0;cpu_core;46;local_machine;;cpu_state=user
kernel_cpu_time_ms;2026-03-25T00:42:15.798388482Z;0;cpu_core;46;local_machine;;cpu_state=nice
kernel_cpu_time_ms;2026-03-25T00:42:15.798388482Z;0;cpu_core;46;local_machine;;cpu_state=system
kernel_cpu_time_ms;2026-03-25T00:42:15.798388482Z;500;cpu_core;46;local_machine;;cpu_state=idle
kernel_cpu_time_ms;2026-03-25T00:42:15.798388482Z;0;cpu_core;46;local_machine;;cpu_state=irq
kernel_cpu_time_ms;2026-03-25T00:42:15.798388482Z;0;cpu_core;46;local_machine;;cpu_state=softirq
kernel_cpu_time_ms;2026-03-25T00:42:15.798388482Z;0;cpu_core;46;local_machine;;cpu_state=steal
kernel_cpu_time_ms;2026-03-25T00:42:15.798388482Z;0;cpu_core;46;local_machine;;cpu_state=guest
kernel_cpu_time_ms;2026-03-25T00:42:15.798388482Z;0;cpu_core;46;local_machine;;cpu_state=guest_nice
kernel_cpu_time_ms;2026-03-25T00:42:15.798388482Z;0;cpu_core;47;local_machine;;cpu_state=user
kernel_cpu_time_ms;2026-03-25T00:42:15.798388482Z;0;cpu_core;47;local_machine;;cpu_state=nice
kernel_cpu_time_ms;2026-03-25T00:42:15.798388482Z;0;cpu_core;47;local_machine;;cpu_state=system
kernel_cpu_time_ms;2026-03-25T00:42:15.798388482Z;500;cpu_core;47;local_machine;;cpu_state=idle
kernel_cpu_time_ms;2026-03-25T00:42:15.798388482Z;0;cpu_core;47;local_machine;;cpu_state=irq
kernel_cpu_time_ms;2026-03-25T00:42:15.798388482Z;0;cpu_core;47;local_machine;;cpu_state=softirq
kernel_cpu_time_ms;2026-03-25T00:42:15.798388482Z;0;cpu_core;47;local_machine;;cpu_state=steal
kernel_cpu_time_ms;2026-03-25T00:42:15.798388482Z;0;cpu_core;47;local_machine;;cpu_state=guest
kernel_cpu_time_ms;2026-03-25T00:42:15.798388482Z;0;cpu_core;47;local_machine;;cpu_state=guest_nice
kernel_cpu_time_ms;2026-03-25T00:42:15.798388482Z;0;cpu_core;48;local_machine;;cpu_state=user
kernel_cpu_time_ms;2026-03-25T00:42:15.798388482Z;0;cpu_core;48;local_machine;;cpu_state=nice
kernel_cpu_time_ms;2026-03-25T00:42:15.798388482Z;0;cpu_core;48;local_machine;;cpu_state=system
kernel_cpu_time_ms;2026-03-25T00:42:15.798388482Z;500;cpu_core;48;local_machine;;cpu_state=idle
kernel_cpu_time_ms;2026-03-25T00:42:15.798388482Z;0;cpu_core;48;local_machine;;cpu_state=irq
kernel_cpu_time_ms;2026-03-25T00:42:15.798388482Z;0;cpu_core;48;local_machine;;cpu_state=softirq
kernel_cpu_time_ms;2026-03-25T00:42:15.798388482Z;0;cpu_core;48;local_machine;;cpu_state=steal
kernel_cpu_time_ms;2026-03-25T00:42:15.798388482Z;0;cpu_core;48;local_machine;;cpu_state=guest
kernel_cpu_time_ms;2026-03-25T00:42:15.798388482Z;0;cpu_core;48;local_machine;;cpu_state=guest_nice
kernel_cpu_time_ms;2026-03-25T00:42:15.798388482Z;0;cpu_core;49;local_machine;;cpu_state=user
kernel_cpu_time_ms;2026-03-25T00:42:15.798388482Z;0;cpu_core;49;local_machine;;cpu_state=nice
kernel_cpu_time_ms;2026-03-25T00:42:15.798388482Z;0;cpu_core;49;local_machine;;cpu_state=system
kernel_cpu_time_ms;2026-03-25T00:42:15.798388482Z;500;cpu_core;49;local_machine;;cpu_state=idle
kernel_cpu_time_ms;2026-03-25T00:42:15.798388482Z;0;cpu_core;49;local_machine;;cpu_state=irq
kernel_cpu_time_ms;2026-03-25T00:42:15.798388482Z;0;cpu_core;49;local_machine;;cpu_state=softirq
kernel_cpu_time_ms;2026-03-25T00:42:15.798388482Z;0;cpu_core;49;local_machine;;cpu_state=steal
kernel_cpu_time_ms;2026-03-25T00:42:15.798388482Z;0;cpu_core;49;local_machine;;cpu_state=guest
kernel_cpu_time_ms;2026-03-25T00:42:15.798388482Z;0;cpu_core;49;local_machine;;cpu_state=guest_nice
kernel_cpu_time_ms;2026-03-25T00:42:15.798388482Z;0;cpu_core;50;local_machine;;cpu_state=user
kernel_cpu_time_ms;2026-03-25T00:42:15.798388482Z;0;cpu_core;50;local_machine;;cpu_state=nice
kernel_cpu_time_ms;2026-03-25T00:42:15.798388482Z;30;cpu_core;50;local_machine;;cpu_state=system
kernel_cpu_time_ms;2026-03-25T00:42:15.798388482Z;470;cpu_core;50;local_machine;;cpu_state=idle
kernel_cpu_time_ms;2026-03-25T00:42:15.798388482Z;0;cpu_core;50;local_machine;;cpu_state=irq
kernel_cpu_time_ms;2026-03-25T00:42:15.798388482Z;0;cpu_core;50;local_machine;;cpu_state=softirq
kernel_cpu_time_ms;2026-03-25T00:42:15.798388482Z;0;cpu_core;50;local_machine;;cpu_state=steal
kernel_cpu_time_ms;2026-03-25T00:42:15.798388482Z;0;cpu_core;50;local_machine;;cpu_state=guest
kernel_cpu_time_ms;2026-03-25T00:42:15.798388482Z;0;cpu_core;50;local_machine;;cpu_state=guest_nice
kernel_cpu_time_ms;2026-03-25T00:42:15.798388482Z;0;cpu_core;51;local_machine;;cpu_state=user
kernel_cpu_time_ms;2026-03-25T00:42:15.798388482Z;0;cpu_core;51;local_machine;;cpu_state=nice
kernel_cpu_time_ms;2026-03-25T00:42:15.798388482Z;0;cpu_core;51;local_machine;;cpu_state=system
kernel_cpu_time_ms;2026-03-25T00:42:15.798388482Z;500;cpu_core;51;local_machine;;cpu_state=idle
kernel_cpu_time_ms;2026-03-25T00:42:15.798388482Z;0;cpu_core;51;local_machine;;cpu_state=irq
kernel_cpu_time_ms;2026-03-25T00:42:15.798388482Z;0;cpu_core;51;local_machine;;cpu_state=softirq
kernel_cpu_time_ms;2026-03-25T00:42:15.798388482Z;0;cpu_core;51;local_machine;;cpu_state=steal
kernel_cpu_time_ms;2026-03-25T00:42:15.798388482Z;0;cpu_core;51;local_machine;;cpu_state=guest
kernel_cpu_time_ms;2026-03-25T00:42:15.798388482Z;0;cpu_core;51;local_machine;;cpu_state=guest_nice
kernel_cpu_time_ms;2026-03-25T00:42:15.798388482Z;0;cpu_core;52;local_machine;;cpu_state=user
kernel_cpu_time_ms;2026-03-25T00:42:15.798388482Z;0;cpu_core;52;local_machine;;cpu_state=nice
kernel_cpu_time_ms;2026-03-25T00:42:15.798388482Z;0;cpu_core;52;local_machine;;cpu_state=system
kernel_cpu_time_ms;2026-03-25T00:42:15.798388482Z;500;cpu_core;52;local_machine;;cpu_state=idle
kernel_cpu_time_ms;2026-03-25T00:42:15.798388482Z;0;cpu_core;52;local_machine;;cpu_state=irq
kernel_cpu_time_ms;2026-03-25T00:42:15.798388482Z;0;cpu_core;52;local_machine;;cpu_state=softirq
kernel_cpu_time_ms;2026-03-25T00:42:15.798388482Z;0;cpu_core;52;local_machine;;cpu_state=steal
kernel_cpu_time_ms;2026-03-25T00:42:15.798388482Z;0;cpu_core;52;local_machine;;cpu_state=guest
kernel_cpu_time_ms;2026-03-25T00:42:15.798388482Z;0;cpu_core;52;local_machine;;cpu_state=guest_nice
kernel_cpu_time_ms;2026-03-25T00:42:15.798388482Z;0;cpu_core;53;local_machine;;cpu_state=user
kernel_cpu_time_ms;2026-03-25T00:42:15.798388482Z;0;cpu_core;53;local_machine;;cpu_state=nice
kernel_cpu_time_ms;2026-03-25T00:42:15.798388482Z;0;cpu_core;53;local_machine;;cpu_state=system
kernel_cpu_time_ms;2026-03-25T00:42:15.798388482Z;500;cpu_core;53;local_machine;;cpu_state=idle
kernel_cpu_time_ms;2026-03-25T00:42:15.798388482Z;0;cpu_core;53;local_machine;;cpu_state=irq
kernel_cpu_time_ms;2026-03-25T00:42:15.798388482Z;0;cpu_core;53;local_machine;;cpu_state=softirq
kernel_cpu_time_ms;2026-03-25T00:42:15.798388482Z;0;cpu_core;53;local_machine;;cpu_state=steal
kernel_cpu_time_ms;2026-03-25T00:42:15.798388482Z;0;cpu_core;53;local_machine;;cpu_state=guest
kernel_cpu_time_ms;2026-03-25T00:42:15.798388482Z;0;cpu_core;53;local_machine;;cpu_state=guest_nice
kernel_cpu_time_ms;2026-03-25T00:42:15.798388482Z;0;cpu_core;54;local_machine;;cpu_state=user
kernel_cpu_time_ms;2026-03-25T00:42:15.798388482Z;0;cpu_core;54;local_machine;;cpu_state=nice
kernel_cpu_time_ms;2026-03-25T00:42:15.798388482Z;0;cpu_core;54;local_machine;;cpu_state=system
kernel_cpu_time_ms;2026-03-25T00:42:15.798388482Z;500;cpu_core;54;local_machine;;cpu_state=idle
kernel_cpu_time_ms;2026-03-25T00:42:15.798388482Z;0;cpu_core;54;local_machine;;cpu_state=irq
kernel_cpu_time_ms;2026-03-25T00:42:15.798388482Z;0;cpu_core;54;local_machine;;cpu_state=softirq
kernel_cpu_time_ms;2026-03-25T00:42:15.798388482Z;0;cpu_core;54;local_machine;;cpu_state=steal
kernel_cpu_time_ms;2026-03-25T00:42:15.798388482Z;0;cpu_core;54;local_machine;;cpu_state=guest
kernel_cpu_time_ms;2026-03-25T00:42:15.798388482Z;0;cpu_core;54;local_machine;;cpu_state=guest_nice
kernel_cpu_time_ms;2026-03-25T00:42:15.798388482Z;0;cpu_core;55;local_machine;;cpu_state=user
kernel_cpu_time_ms;2026-03-25T00:42:15.798388482Z;0;cpu_core;55;local_machine;;cpu_state=nice
kernel_cpu_time_ms;2026-03-25T00:42:15.798388482Z;0;cpu_core;55;local_machine;;cpu_state=system
kernel_cpu_time_ms;2026-03-25T00:42:15.798388482Z;500;cpu_core;55;local_machine;;cpu_state=idle
kernel_cpu_time_ms;2026-03-25T00:42:15.798388482Z;0;cpu_core;55;local_machine;;cpu_state=irq
kernel_cpu_time_ms;2026-03-25T00:42:15.798388482Z;0;cpu_core;55;local_machine;;cpu_state=softirq
kernel_cpu_time_ms;2026-03-25T00:42:15.798388482Z;0;cpu_core;55;local_machine;;cpu_state=steal
kernel_cpu_time_ms;2026-03-25T00:42:15.798388482Z;0;cpu_core;55;local_machine;;cpu_state=guest
kernel_cpu_time_ms;2026-03-25T00:42:15.798388482Z;0;cpu_core;55;local_machine;;cpu_state=guest_nice
kernel_cpu_time_ms;2026-03-25T00:42:15.798388482Z;0;cpu_core;56;local_machine;;cpu_state=user
kernel_cpu_time_ms;2026-03-25T00:42:15.798388482Z;0;cpu_core;56;local_machine;;cpu_state=nice
kernel_cpu_time_ms;2026-03-25T00:42:15.798388482Z;0;cpu_core;56;local_machine;;cpu_state=system
kernel_cpu_time_ms;2026-03-25T00:42:15.798388482Z;500;cpu_core;56;local_machine;;cpu_state=idle
kernel_cpu_time_ms;2026-03-25T00:42:15.798388482Z;0;cpu_core;56;local_machine;;cpu_state=irq
kernel_cpu_time_ms;2026-03-25T00:42:15.798388482Z;0;cpu_core;56;local_machine;;cpu_state=softirq
kernel_cpu_time_ms;2026-03-25T00:42:15.798388482Z;0;cpu_core;56;local_machine;;cpu_state=steal
kernel_cpu_time_ms;2026-03-25T00:42:15.798388482Z;0;cpu_core;56;local_machine;;cpu_state=guest
kernel_cpu_time_ms;2026-03-25T00:42:15.798388482Z;0;cpu_core;56;local_machine;;cpu_state=guest_nice
kernel_cpu_time_ms;2026-03-25T00:42:15.798388482Z;0;cpu_core;57;local_machine;;cpu_state=user
kernel_cpu_time_ms;2026-03-25T00:42:15.798388482Z;0;cpu_core;57;local_machine;;cpu_state=nice
kernel_cpu_time_ms;2026-03-25T00:42:15.798388482Z;0;cpu_core;57;local_machine;;cpu_state=system
kernel_cpu_time_ms;2026-03-25T00:42:15.798388482Z;500;cpu_core;57;local_machine;;cpu_state=idle
kernel_cpu_time_ms;2026-03-25T00:42:15.798388482Z;0;cpu_core;57;local_machine;;cpu_state=irq
kernel_cpu_time_ms;2026-03-25T00:42:15.798388482Z;0;cpu_core;57;local_machine;;cpu_state=softirq
kernel_cpu_time_ms;2026-03-25T00:42:15.798388482Z;0;cpu_core;57;local_machine;;cpu_state=steal
kernel_cpu_time_ms;2026-03-25T00:42:15.798388482Z;0;cpu_core;57;local_machine;;cpu_state=guest
kernel_cpu_time_ms;2026-03-25T00:42:15.798388482Z;0;cpu_core;57;local_machine;;cpu_state=guest_nice
kernel_cpu_time_ms;2026-03-25T00:42:15.798388482Z;0;cpu_core;58;local_machine;;cpu_state=user
kernel_cpu_time_ms;2026-03-25T00:42:15.798388482Z;0;cpu_core;58;local_machine;;cpu_state=nice
kernel_cpu_time_ms;2026-03-25T00:42:15.798388482Z;0;cpu_core;58;local_machine;;cpu_state=system
kernel_cpu_time_ms;2026-03-25T00:42:15.798388482Z;500;cpu_core;58;local_machine;;cpu_state=idle
kernel_cpu_time_ms;2026-03-25T00:42:15.798388482Z;0;cpu_core;58;local_machine;;cpu_state=irq
kernel_cpu_time_ms;2026-03-25T00:42:15.798388482Z;0;cpu_core;58;local_machine;;cpu_state=softirq
kernel_cpu_time_ms;2026-03-25T00:42:15.798388482Z;0;cpu_core;58;local_machine;;cpu_state=steal
kernel_cpu_time_ms;2026-03-25T00:42:15.798388482Z;0;cpu_core;58;local_machine;;cpu_state=guest
kernel_cpu_time_ms;2026-03-25T00:42:15.798388482Z;0;cpu_core;58;local_machine;;cpu_state=guest_nice
kernel_cpu_time_ms;2026-03-25T00:42:15.798388482Z;0;cpu_core;59;local_machine;;cpu_state=user
kernel_cpu_time_ms;2026-03-25T00:42:15.798388482Z;0;cpu_core;59;local_machine;;cpu_state=nice
kernel_cpu_time_ms;2026-03-25T00:42:15.798388482Z;0;cpu_core;59;local_machine;;cpu_state=system
kernel_cpu_time_ms;2026-03-25T00:42:15.798388482Z;500;cpu_core;59;local_machine;;cpu_state=idle
kernel_cpu_time_ms;2026-03-25T00:42:15.798388482Z;0;cpu_core;59;local_machine;;cpu_state=irq
kernel_cpu_time_ms;2026-03-25T00:42:15.798388482Z;0;cpu_core;59;local_machine;;cpu_state=softirq
kernel_cpu_time_ms;2026-03-25T00:42:15.798388482Z;0;cpu_core;59;local_machine;;cpu_state=steal
kernel_cpu_time_ms;2026-03-25T00:42:15.798388482Z;0;cpu_core;59;local_machine;;cpu_state=guest
kernel_cpu_time_ms;2026-03-25T00:42:15.798388482Z;0;cpu_core;59;local_machine;;cpu_state=guest_nice
kernel_cpu_time_ms;2026-03-25T00:42:15.798388482Z;0;cpu_core;60;local_machine;;cpu_state=user
kernel_cpu_time_ms;2026-03-25T00:42:15.798388482Z;0;cpu_core;60;local_machine;;cpu_state=nice
kernel_cpu_time_ms;2026-03-25T00:42:15.798388482Z;0;cpu_core;60;local_machine;;cpu_state=system
kernel_cpu_time_ms;2026-03-25T00:42:15.798388482Z;500;cpu_core;60;local_machine;;cpu_state=idle
kernel_cpu_time_ms;2026-03-25T00:42:15.798388482Z;0;cpu_core;60;local_machine;;cpu_state=irq
kernel_cpu_time_ms;2026-03-25T00:42:15.798388482Z;0;cpu_core;60;local_machine;;cpu_state=softirq
kernel_cpu_time_ms;2026-03-25T00:42:15.798388482Z;0;cpu_core;60;local_machine;;cpu_state=steal
kernel_cpu_time_ms;2026-03-25T00:42:15.798388482Z;0;cpu_core;60;local_machine;;cpu_state=guest
kernel_cpu_time_ms;2026-03-25T00:42:15.798388482Z;0;cpu_core;60;local_machine;;cpu_state=guest_nice
kernel_cpu_time_ms;2026-03-25T00:42:15.798388482Z;10;cpu_core;61;local_machine;;cpu_state=user
kernel_cpu_time_ms;2026-03-25T00:42:15.798388482Z;0;cpu_core;61;local_machine;;cpu_state=nice
kernel_cpu_time_ms;2026-03-25T00:42:15.798388482Z;20;cpu_core;61;local_machine;;cpu_state=system
kernel_cpu_time_ms;2026-03-25T00:42:15.798388482Z;480;cpu_core;61;local_machine;;cpu_state=idle
kernel_cpu_time_ms;2026-03-25T00:42:15.798388482Z;0;cpu_core;61;local_machine;;cpu_state=irq
kernel_cpu_time_ms;2026-03-25T00:42:15.798388482Z;0;cpu_core;61;local_machine;;cpu_state=softirq
kernel_cpu_time_ms;2026-03-25T00:42:15.798388482Z;0;cpu_core;61;local_machine;;cpu_state=steal
kernel_cpu_time_ms;2026-03-25T00:42:15.798388482Z;0;cpu_core;61;local_machine;;cpu_state=guest
kernel_cpu_time_ms;2026-03-25T00:42:15.798388482Z;0;cpu_core;61;local_machine;;cpu_state=guest_nice
kernel_cpu_time_ms;2026-03-25T00:42:15.798388482Z;0;cpu_core;62;local_machine;;cpu_state=user
kernel_cpu_time_ms;2026-03-25T00:42:15.798388482Z;0;cpu_core;62;local_machine;;cpu_state=nice
kernel_cpu_time_ms;2026-03-25T00:42:15.798388482Z;0;cpu_core;62;local_machine;;cpu_state=system
kernel_cpu_time_ms;2026-03-25T00:42:15.798388482Z;490;cpu_core;62;local_machine;;cpu_state=idle
kernel_cpu_time_ms;2026-03-25T00:42:15.798388482Z;0;cpu_core;62;local_machine;;cpu_state=irq
kernel_cpu_time_ms;2026-03-25T00:42:15.798388482Z;0;cpu_core;62;local_machine;;cpu_state=softirq
kernel_cpu_time_ms;2026-03-25T00:42:15.798388482Z;0;cpu_core;62;local_machine;;cpu_state=steal
kernel_cpu_time_ms;2026-03-25T00:42:15.798388482Z;0;cpu_core;62;local_machine;;cpu_state=guest
kernel_cpu_time_ms;2026-03-25T00:42:15.798388482Z;0;cpu_core;62;local_machine;;cpu_state=guest_nice
kernel_cpu_time_ms;2026-03-25T00:42:15.798388482Z;0;cpu_core;63;local_machine;;cpu_state=user
kernel_cpu_time_ms;2026-03-25T00:42:15.798388482Z;0;cpu_core;63;local_machine;;cpu_state=nice
kernel_cpu_time_ms;2026-03-25T00:42:15.798388482Z;0;cpu_core;63;local_machine;;cpu_state=system
kernel_cpu_time_ms;2026-03-25T00:42:15.798388482Z;500;cpu_core;63;local_machine;;cpu_state=idle
kernel_cpu_time_ms;2026-03-25T00:42:15.798388482Z;0;cpu_core;63;local_machine;;cpu_state=irq
kernel_cpu_time_ms;2026-03-25T00:42:15.798388482Z;0;cpu_core;63;local_machine;;cpu_state=softirq
kernel_cpu_time_ms;2026-03-25T00:42:15.798388482Z;0;cpu_core;63;local_machine;;cpu_state=steal
kernel_cpu_time_ms;2026-03-25T00:42:15.798388482Z;0;cpu_core;63;local_machine;;cpu_state=guest
kernel_cpu_time_ms;2026-03-25T00:42:15.798388482Z;0;cpu_core;63;local_machine;;cpu_state=guest_nice
kernel_cpu_time_ms;2026-03-25T00:42:15.798388482Z;0;cpu_core;64;local_machine;;cpu_state=user
kernel_cpu_time_ms;2026-03-25T00:42:15.798388482Z;0;cpu_core;64;local_machine;;cpu_state=nice
kernel_cpu_time_ms;2026-03-25T00:42:15.798388482Z;0;cpu_core;64;local_machine;;cpu_state=system
kernel_cpu_time_ms;2026-03-25T00:42:15.798388482Z;500;cpu_core;64;local_machine;;cpu_state=idle
kernel_cpu_time_ms;2026-03-25T00:42:15.798388482Z;0;cpu_core;64;local_machine;;cpu_state=irq
kernel_cpu_time_ms;2026-03-25T00:42:15.798388482Z;0;cpu_core;64;local_machine;;cpu_state=softirq
kernel_cpu_time_ms;2026-03-25T00:42:15.798388482Z;0;cpu_core;64;local_machine;;cpu_state=steal
kernel_cpu_time_ms;2026-03-25T00:42:15.798388482Z;0;cpu_core;64;local_machine;;cpu_state=guest
kernel_cpu_time_ms;2026-03-25T00:42:15.798388482Z;0;cpu_core;64;local_machine;;cpu_state=guest_nice
kernel_cpu_time_ms;2026-03-25T00:42:15.798388482Z;0;cpu_core;65;local_machine;;cpu_state=user
kernel_cpu_time_ms;2026-03-25T00:42:15.798388482Z;0;cpu_core;65;local_machine;;cpu_state=nice
kernel_cpu_time_ms;2026-03-25T00:42:15.798388482Z;0;cpu_core;65;local_machine;;cpu_state=system
kernel_cpu_time_ms;2026-03-25T00:42:15.798388482Z;500;cpu_core;65;local_machine;;cpu_state=idle
kernel_cpu_time_ms;2026-03-25T00:42:15.798388482Z;0;cpu_core;65;local_machine;;cpu_state=irq
kernel_cpu_time_ms;2026-03-25T00:42:15.798388482Z;0;cpu_core;65;local_machine;;cpu_state=softirq
kernel_cpu_time_ms;2026-03-25T00:42:15.798388482Z;0;cpu_core;65;local_machine;;cpu_state=steal
kernel_cpu_time_ms;2026-03-25T00:42:15.798388482Z;0;cpu_core;65;local_machine;;cpu_state=guest
kernel_cpu_time_ms;2026-03-25T00:42:15.798388482Z;0;cpu_core;65;local_machine;;cpu_state=guest_nice
kernel_cpu_time_ms;2026-03-25T00:42:15.798388482Z;0;cpu_core;66;local_machine;;cpu_state=user
kernel_cpu_time_ms;2026-03-25T00:42:15.798388482Z;0;cpu_core;66;local_machine;;cpu_state=nice
kernel_cpu_time_ms;2026-03-25T00:42:15.798388482Z;0;cpu_core;66;local_machine;;cpu_state=system
kernel_cpu_time_ms;2026-03-25T00:42:15.798388482Z;500;cpu_core;66;local_machine;;cpu_state=idle
kernel_cpu_time_ms;2026-03-25T00:42:15.798388482Z;0;cpu_core;66;local_machine;;cpu_state=irq
kernel_cpu_time_ms;2026-03-25T00:42:15.798388482Z;0;cpu_core;66;local_machine;;cpu_state=softirq
kernel_cpu_time_ms;2026-03-25T00:42:15.798388482Z;0;cpu_core;66;local_machine;;cpu_state=steal
kernel_cpu_time_ms;2026-03-25T00:42:15.798388482Z;0;cpu_core;66;local_machine;;cpu_state=guest
kernel_cpu_time_ms;2026-03-25T00:42:15.798388482Z;0;cpu_core;66;local_machine;;cpu_state=guest_nice
kernel_cpu_time_ms;2026-03-25T00:42:15.798388482Z;0;cpu_core;67;local_machine;;cpu_state=user
kernel_cpu_time_ms;2026-03-25T00:42:15.798388482Z;0;cpu_core;67;local_machine;;cpu_state=nice
kernel_cpu_time_ms;2026-03-25T00:42:15.798388482Z;0;cpu_core;67;local_machine;;cpu_state=system
kernel_cpu_time_ms;2026-03-25T00:42:15.798388482Z;500;cpu_core;67;local_machine;;cpu_state=idle
kernel_cpu_time_ms;2026-03-25T00:42:15.798388482Z;0;cpu_core;67;local_machine;;cpu_state=irq
kernel_cpu_time_ms;2026-03-25T00:42:15.798388482Z;0;cpu_core;67;local_machine;;cpu_state=softirq
kernel_cpu_time_ms;2026-03-25T00:42:15.798388482Z;0;cpu_core;67;local_machine;;cpu_state=steal
kernel_cpu_time_ms;2026-03-25T00:42:15.798388482Z;0;cpu_core;67;local_machine;;cpu_state=guest
kernel_cpu_time_ms;2026-03-25T00:42:15.798388482Z;0;cpu_core;67;local_machine;;cpu_state=guest_nice
kernel_cpu_time_ms;2026-03-25T00:42:15.798388482Z;0;cpu_core;68;local_machine;;cpu_state=user
kernel_cpu_time_ms;2026-03-25T00:42:15.798388482Z;0;cpu_core;68;local_machine;;cpu_state=nice
kernel_cpu_time_ms;2026-03-25T00:42:15.798388482Z;0;cpu_core;68;local_machine;;cpu_state=system
kernel_cpu_time_ms;2026-03-25T00:42:15.798388482Z;500;cpu_core;68;local_machine;;cpu_state=idle
kernel_cpu_time_ms;2026-03-25T00:42:15.798388482Z;0;cpu_core;68;local_machine;;cpu_state=irq
kernel_cpu_time_ms;2026-03-25T00:42:15.798388482Z;0;cpu_core;68;local_machine;;cpu_state=softirq
kernel_cpu_time_ms;2026-03-25T00:42:15.798388482Z;0;cpu_core;68;local_machine;;cpu_state=steal
kernel_cpu_time_ms;2026-03-25T00:42:15.798388482Z;0;cpu_core;68;local_machine;;cpu_state=guest
kernel_cpu_time_ms;2026-03-25T00:42:15.798388482Z;0;cpu_core;68;local_machine;;cpu_state=guest_nice
kernel_cpu_time_ms;2026-03-25T00:42:15.798388482Z;0;cpu_core;69;local_machine;;cpu_state=user
kernel_cpu_time_ms;2026-03-25T00:42:15.798388482Z;0;cpu_core;69;local_machine;;cpu_state=nice
kernel_cpu_time_ms;2026-03-25T00:42:15.798388482Z;0;cpu_core;69;local_machine;;cpu_state=system
kernel_cpu_time_ms;2026-03-25T00:42:15.798388482Z;500;cpu_core;69;local_machine;;cpu_state=idle
kernel_cpu_time_ms;2026-03-25T00:42:15.798388482Z;0;cpu_core;69;local_machine;;cpu_state=irq
kernel_cpu_time_ms;2026-03-25T00:42:15.798388482Z;0;cpu_core;69;local_machine;;cpu_state=softirq
kernel_cpu_time_ms;2026-03-25T00:42:15.798388482Z;0;cpu_core;69;local_machine;;cpu_state=steal
kernel_cpu_time_ms;2026-03-25T00:42:15.798388482Z;0;cpu_core;69;local_machine;;cpu_state=guest
kernel_cpu_time_ms;2026-03-25T00:42:15.798388482Z;0;cpu_core;69;local_machine;;cpu_state=guest_nice
kernel_cpu_time_ms;2026-03-25T00:42:15.798388482Z;0;cpu_core;70;local_machine;;cpu_state=user
kernel_cpu_time_ms;2026-03-25T00:42:15.798388482Z;0;cpu_core;70;local_machine;;cpu_state=nice
kernel_cpu_time_ms;2026-03-25T00:42:15.798388482Z;0;cpu_core;70;local_machine;;cpu_state=system
kernel_cpu_time_ms;2026-03-25T00:42:15.798388482Z;500;cpu_core;70;local_machine;;cpu_state=idle
kernel_cpu_time_ms;2026-03-25T00:42:15.798388482Z;0;cpu_core;70;local_machine;;cpu_state=irq
kernel_cpu_time_ms;2026-03-25T00:42:15.798388482Z;0;cpu_core;70;local_machine;;cpu_state=softirq
kernel_cpu_time_ms;2026-03-25T00:42:15.798388482Z;0;cpu_core;70;local_machine;;cpu_state=steal
kernel_cpu_time_ms;2026-03-25T00:42:15.798388482Z;0;cpu_core;70;local_machine;;cpu_state=guest
kernel_cpu_time_ms;2026-03-25T00:42:15.798388482Z;0;cpu_core;70;local_machine;;cpu_state=guest_nice
kernel_cpu_time_ms;2026-03-25T00:42:15.798388482Z;0;cpu_core;71;local_machine;;cpu_state=user
kernel_cpu_time_ms;2026-03-25T00:42:15.798388482Z;0;cpu_core;71;local_machine;;cpu_state=nice
kernel_cpu_time_ms;2026-03-25T00:42:15.798388482Z;10;cpu_core;71;local_machine;;cpu_state=system
kernel_cpu_time_ms;2026-03-25T00:42:15.798388482Z;490;cpu_core;71;local_machine;;cpu_state=idle
kernel_cpu_time_ms;2026-03-25T00:42:15.798388482Z;0;cpu_core;71;local_machine;;cpu_state=irq
kernel_cpu_time_ms;2026-03-25T00:42:15.798388482Z;0;cpu_core;71;local_machine;;cpu_state=softirq
kernel_cpu_time_ms;2026-03-25T00:42:15.798388482Z;0;cpu_core;71;local_machine;;cpu_state=steal
kernel_cpu_time_ms;2026-03-25T00:42:15.798388482Z;0;cpu_core;71;local_machine;;cpu_state=guest
kernel_cpu_time_ms;2026-03-25T00:42:15.798388482Z;0;cpu_core;71;local_machine;;cpu_state=guest_nice
kernel_cpu_time_ms;2026-03-25T00:42:15.798388482Z;0;cpu_core;72;local_machine;;cpu_state=user
kernel_cpu_time_ms;2026-03-25T00:42:15.798388482Z;0;cpu_core;72;local_machine;;cpu_state=nice
kernel_cpu_time_ms;2026-03-25T00:42:15.798388482Z;0;cpu_core;72;local_machine;;cpu_state=system
kernel_cpu_time_ms;2026-03-25T00:42:15.798388482Z;490;cpu_core;72;local_machine;;cpu_state=idle
kernel_cpu_time_ms;2026-03-25T00:42:15.798388482Z;0;cpu_core;72;local_machine;;cpu_state=irq
kernel_cpu_time_ms;2026-03-25T00:42:15.798388482Z;0;cpu_core;72;local_machine;;cpu_state=softirq
kernel_cpu_time_ms;2026-03-25T00:42:15.798388482Z;0;cpu_core;72;local_machine;;cpu_state=steal
kernel_cpu_time_ms;2026-03-25T00:42:15.798388482Z;0;cpu_core;72;local_machine;;cpu_state=guest
kernel_cpu_time_ms;2026-03-25T00:42:15.798388482Z;0;cpu_core;72;local_machine;;cpu_state=guest_nice
kernel_cpu_time_ms;2026-03-25T00:42:15.798388482Z;0;cpu_core;73;local_machine;;cpu_state=user
kernel_cpu_time_ms;2026-03-25T00:42:15.798388482Z;0;cpu_core;73;local_machine;;cpu_state=nice
kernel_cpu_time_ms;2026-03-25T00:42:15.798388482Z;0;cpu_core;73;local_machine;;cpu_state=system
kernel_cpu_time_ms;2026-03-25T00:42:15.798388482Z;500;cpu_core;73;local_machine;;cpu_state=idle
kernel_cpu_time_ms;2026-03-25T00:42:15.798388482Z;0;cpu_core;73;local_machine;;cpu_state=irq
kernel_cpu_time_ms;2026-03-25T00:42:15.798388482Z;0;cpu_core;73;local_machine;;cpu_state=softirq
kernel_cpu_time_ms;2026-03-25T00:42:15.798388482Z;0;cpu_core;73;local_machine;;cpu_state=steal
kernel_cpu_time_ms;2026-03-25T00:42:15.798388482Z;0;cpu_core;73;local_machine;;cpu_state=guest
kernel_cpu_time_ms;2026-03-25T00:42:15.798388482Z;0;cpu_core;73;local_machine;;cpu_state=guest_nice
kernel_cpu_time_ms;2026-03-25T00:42:15.798388482Z;0;cpu_core;74;local_machine;;cpu_state=user
kernel_cpu_time_ms;2026-03-25T00:42:15.798388482Z;0;cpu_core;74;local_machine;;cpu_state=nice
kernel_cpu_time_ms;2026-03-25T00:42:15.798388482Z;0;cpu_core;74;local_machine;;cpu_state=system
kernel_cpu_time_ms;2026-03-25T00:42:15.798388482Z;500;cpu_core;74;local_machine;;cpu_state=idle
kernel_cpu_time_ms;2026-03-25T00:42:15.798388482Z;0;cpu_core;74;local_machine;;cpu_state=irq
kernel_cpu_time_ms;2026-03-25T00:42:15.798388482Z;0;cpu_core;74;local_machine;;cpu_state=softirq
kernel_cpu_time_ms;2026-03-25T00:42:15.798388482Z;0;cpu_core;74;local_machine;;cpu_state=steal
kernel_cpu_time_ms;2026-03-25T00:42:15.798388482Z;0;cpu_core;74;local_machine;;cpu_state=guest
kernel_cpu_time_ms;2026-03-25T00:42:15.798388482Z;0;cpu_core;74;local_machine;;cpu_state=guest_nice
kernel_cpu_time_ms;2026-03-25T00:42:15.798388482Z;0;cpu_core;75;local_machine;;cpu_state=user
kernel_cpu_time_ms;2026-03-25T00:42:15.798388482Z;0;cpu_core;75;local_machine;;cpu_state=nice
kernel_cpu_time_ms;2026-03-25T00:42:15.798388482Z;10;cpu_core;75;local_machine;;cpu_state=system
kernel_cpu_time_ms;2026-03-25T00:42:15.798388482Z;490;cpu_core;75;local_machine;;cpu_state=idle
kernel_cpu_time_ms;2026-03-25T00:42:15.798388482Z;0;cpu_core;75;local_machine;;cpu_state=irq
kernel_cpu_time_ms;2026-03-25T00:42:15.798388482Z;0;cpu_core;75;local_machine;;cpu_state=softirq
kernel_cpu_time_ms;2026-03-25T00:42:15.798388482Z;0;cpu_core;75;local_machine;;cpu_state=steal
kernel_cpu_time_ms;2026-03-25T00:42:15.798388482Z;0;cpu_core;75;local_machine;;cpu_state=guest
kernel_cpu_time_ms;2026-03-25T00:42:15.798388482Z;0;cpu_core;75;local_machine;;cpu_state=guest_nice
kernel_cpu_time_ms;2026-03-25T00:42:15.798388482Z;0;cpu_core;76;local_machine;;cpu_state=user
kernel_cpu_time_ms;2026-03-25T00:42:15.798388482Z;0;cpu_core;76;local_machine;;cpu_state=nice
kernel_cpu_time_ms;2026-03-25T00:42:15.798388482Z;0;cpu_core;76;local_machine;;cpu_state=system
kernel_cpu_time_ms;2026-03-25T00:42:15.798388482Z;500;cpu_core;76;local_machine;;cpu_state=idle
kernel_cpu_time_ms;2026-03-25T00:42:15.798388482Z;0;cpu_core;76;local_machine;;cpu_state=irq
kernel_cpu_time_ms;2026-03-25T00:42:15.798388482Z;0;cpu_core;76;local_machine;;cpu_state=softirq
kernel_cpu_time_ms;2026-03-25T00:42:15.798388482Z;0;cpu_core;76;local_machine;;cpu_state=steal
kernel_cpu_time_ms;2026-03-25T00:42:15.798388482Z;0;cpu_core;76;local_machine;;cpu_state=guest
kernel_cpu_time_ms;2026-03-25T00:42:15.798388482Z;0;cpu_core;76;local_machine;;cpu_state=guest_nice
kernel_cpu_time_ms;2026-03-25T00:42:15.798388482Z;0;cpu_core;77;local_machine;;cpu_state=user
kernel_cpu_time_ms;2026-03-25T00:42:15.798388482Z;0;cpu_core;77;local_machine;;cpu_state=nice
kernel_cpu_time_ms;2026-03-25T00:42:15.798388482Z;0;cpu_core;77;local_machine;;cpu_state=system
kernel_cpu_time_ms;2026-03-25T00:42:15.798388482Z;500;cpu_core;77;local_machine;;cpu_state=idle
kernel_cpu_time_ms;2026-03-25T00:42:15.798388482Z;0;cpu_core;77;local_machine;;cpu_state=irq
kernel_cpu_time_ms;2026-03-25T00:42:15.798388482Z;0;cpu_core;77;local_machine;;cpu_state=softirq
kernel_cpu_time_ms;2026-03-25T00:42:15.798388482Z;0;cpu_core;77;local_machine;;cpu_state=steal
kernel_cpu_time_ms;2026-03-25T00:42:15.798388482Z;0;cpu_core;77;local_machine;;cpu_state=guest
kernel_cpu_time_ms;2026-03-25T00:42:15.798388482Z;0;cpu_core;77;local_machine;;cpu_state=guest_nice
kernel_cpu_time_ms;2026-03-25T00:42:15.798388482Z;0;cpu_core;78;local_machine;;cpu_state=user
kernel_cpu_time_ms;2026-03-25T00:42:15.798388482Z;0;cpu_core;78;local_machine;;cpu_state=nice
kernel_cpu_time_ms;2026-03-25T00:42:15.798388482Z;0;cpu_core;78;local_machine;;cpu_state=system
kernel_cpu_time_ms;2026-03-25T00:42:15.798388482Z;500;cpu_core;78;local_machine;;cpu_state=idle
kernel_cpu_time_ms;2026-03-25T00:42:15.798388482Z;0;cpu_core;78;local_machine;;cpu_state=irq
kernel_cpu_time_ms;2026-03-25T00:42:15.798388482Z;0;cpu_core;78;local_machine;;cpu_state=softirq
kernel_cpu_time_ms;2026-03-25T00:42:15.798388482Z;0;cpu_core;78;local_machine;;cpu_state=steal
kernel_cpu_time_ms;2026-03-25T00:42:15.798388482Z;0;cpu_core;78;local_machine;;cpu_state=guest
kernel_cpu_time_ms;2026-03-25T00:42:15.798388482Z;0;cpu_core;78;local_machine;;cpu_state=guest_nice
kernel_cpu_time_ms;2026-03-25T00:42:15.798388482Z;0;cpu_core;79;local_machine;;cpu_state=user
kernel_cpu_time_ms;2026-03-25T00:42:15.798388482Z;0;cpu_core;79;local_machine;;cpu_state=nice
kernel_cpu_time_ms;2026-03-25T00:42:15.798388482Z;0;cpu_core;79;local_machine;;cpu_state=system
kernel_cpu_time_ms;2026-03-25T00:42:15.798388482Z;500;cpu_core;79;local_machine;;cpu_state=idle
kernel_cpu_time_ms;2026-03-25T00:42:15.798388482Z;0;cpu_core;79;local_machine;;cpu_state=irq
kernel_cpu_time_ms;2026-03-25T00:42:15.798388482Z;0;cpu_core;79;local_machine;;cpu_state=softirq
kernel_cpu_time_ms;2026-03-25T00:42:15.798388482Z;0;cpu_core;79;local_machine;;cpu_state=steal
kernel_cpu_time_ms;2026-03-25T00:42:15.798388482Z;0;cpu_core;79;local_machine;;cpu_state=guest
kernel_cpu_time_ms;2026-03-25T00:42:15.798388482Z;0;cpu_core;79;local_machine;;cpu_state=guest_nice
kernel_cpu_time_ms;2026-03-25T00:42:15.798388482Z;0;cpu_core;80;local_machine;;cpu_state=user
kernel_cpu_time_ms;2026-03-25T00:42:15.798388482Z;0;cpu_core;80;local_machine;;cpu_state=nice
kernel_cpu_time_ms;2026-03-25T00:42:15.798388482Z;0;cpu_core;80;local_machine;;cpu_state=system
kernel_cpu_time_ms;2026-03-25T00:42:15.798388482Z;500;cpu_core;80;local_machine;;cpu_state=idle
kernel_cpu_time_ms;2026-03-25T00:42:15.798388482Z;0;cpu_core;80;local_machine;;cpu_state=irq
kernel_cpu_time_ms;2026-03-25T00:42:15.798388482Z;0;cpu_core;80;local_machine;;cpu_state=softirq
kernel_cpu_time_ms;2026-03-25T00:42:15.798388482Z;0;cpu_core;80;local_machine;;cpu_state=steal
kernel_cpu_time_ms;2026-03-25T00:42:15.798388482Z;0;cpu_core;80;local_machine;;cpu_state=guest
kernel_cpu_time_ms;2026-03-25T00:42:15.798388482Z;0;cpu_core;80;local_machine;;cpu_state=guest_nice
kernel_cpu_time_ms;2026-03-25T00:42:15.798388482Z;0;cpu_core;81;local_machine;;cpu_state=user
kernel_cpu_time_ms;2026-03-25T00:42:15.798388482Z;0;cpu_core;81;local_machine;;cpu_state=nice
kernel_cpu_time_ms;2026-03-25T00:42:15.798388482Z;0;cpu_core;81;local_machine;;cpu_state=system
kernel_cpu_time_ms;2026-03-25T00:42:15.798388482Z;500;cpu_core;81;local_machine;;cpu_state=idle
kernel_cpu_time_ms;2026-03-25T00:42:15.798388482Z;0;cpu_core;81;local_machine;;cpu_state=irq
kernel_cpu_time_ms;2026-03-25T00:42:15.798388482Z;0;cpu_core;81;local_machine;;cpu_state=softirq
kernel_cpu_time_ms;2026-03-25T00:42:15.798388482Z;0;cpu_core;81;local_machine;;cpu_state=steal
kernel_cpu_time_ms;2026-03-25T00:42:15.798388482Z;0;cpu_core;81;local_machine;;cpu_state=guest
kernel_cpu_time_ms;2026-03-25T00:42:15.798388482Z;0;cpu_core;81;local_machine;;cpu_state=guest_nice
kernel_cpu_time_ms;2026-03-25T00:42:15.798388482Z;30;cpu_core;82;local_machine;;cpu_state=user
kernel_cpu_time_ms;2026-03-25T00:42:15.798388482Z;0;cpu_core;82;local_machine;;cpu_state=nice
kernel_cpu_time_ms;2026-03-25T00:42:15.798388482Z;0;cpu_core;82;local_machine;;cpu_state=system
kernel_cpu_time_ms;2026-03-25T00:42:15.798388482Z;470;cpu_core;82;local_machine;;cpu_state=idle
kernel_cpu_time_ms;2026-03-25T00:42:15.798388482Z;0;cpu_core;82;local_machine;;cpu_state=irq
kernel_cpu_time_ms;2026-03-25T00:42:15.798388482Z;0;cpu_core;82;local_machine;;cpu_state=softirq
kernel_cpu_time_ms;2026-03-25T00:42:15.798388482Z;0;cpu_core;82;local_machine;;cpu_state=steal
kernel_cpu_time_ms;2026-03-25T00:42:15.798388482Z;0;cpu_core;82;local_machine;;cpu_state=guest
kernel_cpu_time_ms;2026-03-25T00:42:15.798388482Z;0;cpu_core;82;local_machine;;cpu_state=guest_nice
kernel_cpu_time_ms;2026-03-25T00:42:15.798388482Z;0;cpu_core;83;local_machine;;cpu_state=user
kernel_cpu_time_ms;2026-03-25T00:42:15.798388482Z;0;cpu_core;83;local_machine;;cpu_state=nice
kernel_cpu_time_ms;2026-03-25T00:42:15.798388482Z;0;cpu_core;83;local_machine;;cpu_state=system
kernel_cpu_time_ms;2026-03-25T00:42:15.798388482Z;500;cpu_core;83;local_machine;;cpu_state=idle
kernel_cpu_time_ms;2026-03-25T00:42:15.798388482Z;0;cpu_core;83;local_machine;;cpu_state=irq
kernel_cpu_time_ms;2026-03-25T00:42:15.798388482Z;0;cpu_core;83;local_machine;;cpu_state=softirq
kernel_cpu_time_ms;2026-03-25T00:42:15.798388482Z;0;cpu_core;83;local_machine;;cpu_state=steal
kernel_cpu_time_ms;2026-03-25T00:42:15.798388482Z;0;cpu_core;83;local_machine;;cpu_state=guest
kernel_cpu_time_ms;2026-03-25T00:42:15.798388482Z;0;cpu_core;83;local_machine;;cpu_state=guest_nice
kernel_cpu_time_ms;2026-03-25T00:42:15.798388482Z;0;cpu_core;84;local_machine;;cpu_state=user
kernel_cpu_time_ms;2026-03-25T00:42:15.798388482Z;0;cpu_core;84;local_machine;;cpu_state=nice
kernel_cpu_time_ms;2026-03-25T00:42:15.798388482Z;0;cpu_core;84;local_machine;;cpu_state=system
kernel_cpu_time_ms;2026-03-25T00:42:15.798388482Z;500;cpu_core;84;local_machine;;cpu_state=idle
kernel_cpu_time_ms;2026-03-25T00:42:15.798388482Z;0;cpu_core;84;local_machine;;cpu_state=irq
kernel_cpu_time_ms;2026-03-25T00:42:15.798388482Z;0;cpu_core;84;local_machine;;cpu_state=softirq
kernel_cpu_time_ms;2026-03-25T00:42:15.798388482Z;0;cpu_core;84;local_machine;;cpu_state=steal
kernel_cpu_time_ms;2026-03-25T00:42:15.798388482Z;0;cpu_core;84;local_machine;;cpu_state=guest
kernel_cpu_time_ms;2026-03-25T00:42:15.798388482Z;0;cpu_core;84;local_machine;;cpu_state=guest_nice
kernel_cpu_time_ms;2026-03-25T00:42:15.798388482Z;0;cpu_core;85;local_machine;;cpu_state=user
kernel_cpu_time_ms;2026-03-25T00:42:15.798388482Z;0;cpu_core;85;local_machine;;cpu_state=nice
kernel_cpu_time_ms;2026-03-25T00:42:15.798388482Z;0;cpu_core;85;local_machine;;cpu_state=system
kernel_cpu_time_ms;2026-03-25T00:42:15.798388482Z;500;cpu_core;85;local_machine;;cpu_state=idle
kernel_cpu_time_ms;2026-03-25T00:42:15.798388482Z;0;cpu_core;85;local_machine;;cpu_state=irq
kernel_cpu_time_ms;2026-03-25T00:42:15.798388482Z;0;cpu_core;85;local_machine;;cpu_state=softirq
kernel_cpu_time_ms;2026-03-25T00:42:15.798388482Z;0;cpu_core;85;local_machine;;cpu_state=steal
kernel_cpu_time_ms;2026-03-25T00:42:15.798388482Z;0;cpu_core;85;local_machine;;cpu_state=guest
kernel_cpu_time_ms;2026-03-25T00:42:15.798388482Z;0;cpu_core;85;local_machine;;cpu_state=guest_nice
kernel_cpu_time_ms;2026-03-25T00:42:15.798388482Z;0;cpu_core;86;local_machine;;cpu_state=user
kernel_cpu_time_ms;2026-03-25T00:42:15.798388482Z;0;cpu_core;86;local_machine;;cpu_state=nice
kernel_cpu_time_ms;2026-03-25T00:42:15.798388482Z;0;cpu_core;86;local_machine;;cpu_state=system
kernel_cpu_time_ms;2026-03-25T00:42:15.798388482Z;500;cpu_core;86;local_machine;;cpu_state=idle
kernel_cpu_time_ms;2026-03-25T00:42:15.798388482Z;0;cpu_core;86;local_machine;;cpu_state=irq
kernel_cpu_time_ms;2026-03-25T00:42:15.798388482Z;0;cpu_core;86;local_machine;;cpu_state=softirq
kernel_cpu_time_ms;2026-03-25T00:42:15.798388482Z;0;cpu_core;86;local_machine;;cpu_state=steal
kernel_cpu_time_ms;2026-03-25T00:42:15.798388482Z;0;cpu_core;86;local_machine;;cpu_state=guest
kernel_cpu_time_ms;2026-03-25T00:42:15.798388482Z;0;cpu_core;86;local_machine;;cpu_state=guest_nice
kernel_cpu_time_ms;2026-03-25T00:42:15.798388482Z;0;cpu_core;87;local_machine;;cpu_state=user
kernel_cpu_time_ms;2026-03-25T00:42:15.798388482Z;0;cpu_core;87;local_machine;;cpu_state=nice
kernel_cpu_time_ms;2026-03-25T00:42:15.798388482Z;0;cpu_core;87;local_machine;;cpu_state=system
kernel_cpu_time_ms;2026-03-25T00:42:15.798388482Z;500;cpu_core;87;local_machine;;cpu_state=idle
kernel_cpu_time_ms;2026-03-25T00:42:15.798388482Z;0;cpu_core;87;local_machine;;cpu_state=irq
kernel_cpu_time_ms;2026-03-25T00:42:15.798388482Z;0;cpu_core;87;local_machine;;cpu_state=softirq
kernel_cpu_time_ms;2026-03-25T00:42:15.798388482Z;0;cpu_core;87;local_machine;;cpu_state=steal
kernel_cpu_time_ms;2026-03-25T00:42:15.798388482Z;0;cpu_core;87;local_machine;;cpu_state=guest
kernel_cpu_time_ms;2026-03-25T00:42:15.798388482Z;0;cpu_core;87;local_machine;;cpu_state=guest_nice
kernel_cpu_time_ms;2026-03-25T00:42:15.798388482Z;0;cpu_core;88;local_machine;;cpu_state=user
kernel_cpu_time_ms;2026-03-25T00:42:15.798388482Z;0;cpu_core;88;local_machine;;cpu_state=nice
kernel_cpu_time_ms;2026-03-25T00:42:15.798388482Z;0;cpu_core;88;local_machine;;cpu_state=system
kernel_cpu_time_ms;2026-03-25T00:42:15.798388482Z;500;cpu_core;88;local_machine;;cpu_state=idle
kernel_cpu_time_ms;2026-03-25T00:42:15.798388482Z;0;cpu_core;88;local_machine;;cpu_state=irq
kernel_cpu_time_ms;2026-03-25T00:42:15.798388482Z;0;cpu_core;88;local_machine;;cpu_state=softirq
kernel_cpu_time_ms;2026-03-25T00:42:15.798388482Z;0;cpu_core;88;local_machine;;cpu_state=steal
kernel_cpu_time_ms;2026-03-25T00:42:15.798388482Z;0;cpu_core;88;local_machine;;cpu_state=guest
kernel_cpu_time_ms;2026-03-25T00:42:15.798388482Z;0;cpu_core;88;local_machine;;cpu_state=guest_nice
kernel_cpu_time_ms;2026-03-25T00:42:15.798388482Z;0;cpu_core;89;local_machine;;cpu_state=user
kernel_cpu_time_ms;2026-03-25T00:42:15.798388482Z;0;cpu_core;89;local_machine;;cpu_state=nice
kernel_cpu_time_ms;2026-03-25T00:42:15.798388482Z;0;cpu_core;89;local_machine;;cpu_state=system
kernel_cpu_time_ms;2026-03-25T00:42:15.798388482Z;500;cpu_core;89;local_machine;;cpu_state=idle
kernel_cpu_time_ms;2026-03-25T00:42:15.798388482Z;0;cpu_core;89;local_machine;;cpu_state=irq
kernel_cpu_time_ms;2026-03-25T00:42:15.798388482Z;0;cpu_core;89;local_machine;;cpu_state=softirq
kernel_cpu_time_ms;2026-03-25T00:42:15.798388482Z;0;cpu_core;89;local_machine;;cpu_state=steal
kernel_cpu_time_ms;2026-03-25T00:42:15.798388482Z;0;cpu_core;89;local_machine;;cpu_state=guest
kernel_cpu_time_ms;2026-03-25T00:42:15.798388482Z;0;cpu_core;89;local_machine;;cpu_state=guest_nice
kernel_cpu_time_ms;2026-03-25T00:42:15.798388482Z;0;cpu_core;90;local_machine;;cpu_state=user
kernel_cpu_time_ms;2026-03-25T00:42:15.798388482Z;0;cpu_core;90;local_machine;;cpu_state=nice
kernel_cpu_time_ms;2026-03-25T00:42:15.798388482Z;0;cpu_core;90;local_machine;;cpu_state=system
kernel_cpu_time_ms;2026-03-25T00:42:15.798388482Z;500;cpu_core;90;local_machine;;cpu_state=idle
kernel_cpu_time_ms;2026-03-25T00:42:15.798388482Z;0;cpu_core;90;local_machine;;cpu_state=irq
kernel_cpu_time_ms;2026-03-25T00:42:15.798388482Z;0;cpu_core;90;local_machine;;cpu_state=softirq
kernel_cpu_time_ms;2026-03-25T00:42:15.798388482Z;0;cpu_core;90;local_machine;;cpu_state=steal
kernel_cpu_time_ms;2026-03-25T00:42:15.798388482Z;0;cpu_core;90;local_machine;;cpu_state=guest
kernel_cpu_time_ms;2026-03-25T00:42:15.798388482Z;0;cpu_core;90;local_machine;;cpu_state=guest_nice
kernel_cpu_time_ms;2026-03-25T00:42:15.798388482Z;0;cpu_core;91;local_machine;;cpu_state=user
kernel_cpu_time_ms;2026-03-25T00:42:15.798388482Z;0;cpu_core;91;local_machine;;cpu_state=nice
kernel_cpu_time_ms;2026-03-25T00:42:15.798388482Z;0;cpu_core;91;local_machine;;cpu_state=system
kernel_cpu_time_ms;2026-03-25T00:42:15.798388482Z;500;cpu_core;91;local_machine;;cpu_state=idle
kernel_cpu_time_ms;2026-03-25T00:42:15.798388482Z;0;cpu_core;91;local_machine;;cpu_state=irq
kernel_cpu_time_ms;2026-03-25T00:42:15.798388482Z;0;cpu_core;91;local_machine;;cpu_state=softirq
kernel_cpu_time_ms;2026-03-25T00:42:15.798388482Z;0;cpu_core;91;local_machine;;cpu_state=steal
kernel_cpu_time_ms;2026-03-25T00:42:15.798388482Z;0;cpu_core;91;local_machine;;cpu_state=guest
kernel_cpu_time_ms;2026-03-25T00:42:15.798388482Z;0;cpu_core;91;local_machine;;cpu_state=guest_nice
kernel_cpu_time_ms;2026-03-25T00:42:15.798388482Z;0;cpu_core;92;local_machine;;cpu_state=user
kernel_cpu_time_ms;2026-03-25T00:42:15.798388482Z;0;cpu_core;92;local_machine;;cpu_state=nice
kernel_cpu_time_ms;2026-03-25T00:42:15.798388482Z;0;cpu_core;92;local_machine;;cpu_state=system
kernel_cpu_time_ms;2026-03-25T00:42:15.798388482Z;500;cpu_core;92;local_machine;;cpu_state=idle
kernel_cpu_time_ms;2026-03-25T00:42:15.798388482Z;0;cpu_core;92;local_machine;;cpu_state=irq
kernel_cpu_time_ms;2026-03-25T00:42:15.798388482Z;0;cpu_core;92;local_machine;;cpu_state=softirq
kernel_cpu_time_ms;2026-03-25T00:42:15.798388482Z;0;cpu_core;92;local_machine;;cpu_state=steal
kernel_cpu_time_ms;2026-03-25T00:42:15.798388482Z;0;cpu_core;92;local_machine;;cpu_state=guest
kernel_cpu_time_ms;2026-03-25T00:42:15.798388482Z;0;cpu_core;92;local_machine;;cpu_state=guest_nice
kernel_cpu_time_ms;2026-03-25T00:42:15.798388482Z;0;cpu_core;93;local_machine;;cpu_state=user
kernel_cpu_time_ms;2026-03-25T00:42:15.798388482Z;0;cpu_core;93;local_machine;;cpu_state=nice
kernel_cpu_time_ms;2026-03-25T00:42:15.798388482Z;0;cpu_core;93;local_machine;;cpu_state=system
kernel_cpu_time_ms;2026-03-25T00:42:15.798388482Z;500;cpu_core;93;local_machine;;cpu_state=idle
kernel_cpu_time_ms;2026-03-25T00:42:15.798388482Z;0;cpu_core;93;local_machine;;cpu_state=irq
kernel_cpu_time_ms;2026-03-25T00:42:15.798388482Z;0;cpu_core;93;local_machine;;cpu_state=softirq
kernel_cpu_time_ms;2026-03-25T00:42:15.798388482Z;0;cpu_core;93;local_machine;;cpu_state=steal
kernel_cpu_time_ms;2026-03-25T00:42:15.798388482Z;0;cpu_core;93;local_machine;;cpu_state=guest
kernel_cpu_time_ms;2026-03-25T00:42:15.798388482Z;0;cpu_core;93;local_machine;;cpu_state=guest_nice
kernel_cpu_time_ms;2026-03-25T00:42:15.798388482Z;0;cpu_core;94;local_machine;;cpu_state=user
kernel_cpu_time_ms;2026-03-25T00:42:15.798388482Z;0;cpu_core;94;local_machine;;cpu_state=nice
kernel_cpu_time_ms;2026-03-25T00:42:15.798388482Z;0;cpu_core;94;local_machine;;cpu_state=system
kernel_cpu_time_ms;2026-03-25T00:42:15.798388482Z;500;cpu_core;94;local_machine;;cpu_state=idle
kernel_cpu_time_ms;2026-03-25T00:42:15.798388482Z;0;cpu_core;94;local_machine;;cpu_state=irq
kernel_cpu_time_ms;2026-03-25T00:42:15.798388482Z;0;cpu_core;94;local_machine;;cpu_state=softirq
kernel_cpu_time_ms;2026-03-25T00:42:15.798388482Z;0;cpu_core;94;local_machine;;cpu_state=steal
kernel_cpu_time_ms;2026-03-25T00:42:15.798388482Z;0;cpu_core;94;local_machine;;cpu_state=guest
kernel_cpu_time_ms;2026-03-25T00:42:15.798388482Z;0;cpu_core;94;local_machine;;cpu_state=guest_nice
kernel_cpu_time_ms;2026-03-25T00:42:15.798388482Z;240;cpu_core;95;local_machine;;cpu_state=user
kernel_cpu_time_ms;2026-03-25T00:42:15.798388482Z;0;cpu_core;95;local_machine;;cpu_state=nice
kernel_cpu_time_ms;2026-03-25T00:42:15.798388482Z;210;cpu_core;95;local_machine;;cpu_state=system
kernel_cpu_time_ms;2026-03-25T00:42:15.798388482Z;50;cpu_core;95;local_machine;;cpu_state=idle
kernel_cpu_time_ms;2026-03-25T00:42:15.798388482Z;0;cpu_core;95;local_machine;;cpu_state=irq
kernel_cpu_time_ms;2026-03-25T00:42:15.798388482Z;0;cpu_core;95;local_machine;;cpu_state=softirq
kernel_cpu_time_ms;2026-03-25T00:42:15.798388482Z;0;cpu_core;95;local_machine;;cpu_state=steal
kernel_cpu_time_ms;2026-03-25T00:42:15.798388482Z;0;cpu_core;95;local_machine;;cpu_state=guest
kernel_cpu_time_ms;2026-03-25T00:42:15.798388482Z;0;cpu_core;95;local_machine;;cpu_state=guest_nice
kernel_context_switches;2026-03-25T00:42:15.798388482Z;850;local_machine;;local_machine;;
kernel_new_forks;2026-03-25T00:42:15.798388482Z;13;local_machine;;local_machine;;
kernel_n_procs_running;2026-03-25T00:42:15.798388482Z;7;local_machine;;local_machine;;
kernel_n_procs_blocked;2026-03-25T00:42:15.798388482Z;0;local_machine;;local_machine;;
cpu_time_delta_ns;2026-03-25T00:42:15.299232063Z;360000000;local_machine;;process;900625;kind=user
cpu_time_delta_ns;2026-03-25T00:42:15.299232063Z;130000000;local_machine;;process;900625;kind=system
cpu_time_delta_ns;2026-03-25T00:42:15.299232063Z;0;local_machine;;process;900625;kind=guest
cpu_percent_%;2026-03-25T00:42:15.299232063Z;71.99824223491407;local_machine;;process;900625;kind=user
cpu_percent_%;2026-03-25T00:42:15.299232063Z;71.99824223491407;local_machine;;process;900625;kind=system
cpu_percent_%;2026-03-25T00:42:15.299232063Z;97.99760748641083;local_machine;;process;900625;kind=total
memory_usage_B;2026-03-25T00:42:15.299232063Z;407490560;local_machine;;process;900625;kind=resident
memory_usage_B;2026-03-25T00:42:15.299232063Z;183455744;local_machine;;process;900625;kind=shared
memory_usage_B;2026-03-25T00:42:15.299232063Z;3676123136;local_machine;;process;900625;kind=virtual
cpu_time_delta_ns;2026-03-25T00:42:15.799224675Z;250000000;local_machine;;process;900625;kind=user
cpu_time_delta_ns;2026-03-25T00:42:15.799224675Z;230000000;local_machine;;process;900625;kind=system
cpu_time_delta_ns;2026-03-25T00:42:15.799224675Z;0;local_machine;;process;900625;kind=guest
cpu_percent_%;2026-03-25T00:42:15.799224675Z;50.000738810916665;local_machine;;process;900625;kind=user
cpu_percent_%;2026-03-25T00:42:15.799224675Z;50.000738810916665;local_machine;;process;900625;kind=system
cpu_percent_%;2026-03-25T00:42:15.799224675Z;96.00141851696;local_machine;;process;900625;kind=total
memory_usage_B;2026-03-25T00:42:15.799224675Z;465088512;local_machine;;process;900625;kind=resident
memory_usage_B;2026-03-25T00:42:15.799224675Z;192606208;local_machine;;process;900625;kind=shared
memory_usage_B;2026-03-25T00:42:15.799224675Z;20990369792;local_machine;;process;900625;kind=virtual
attributed_energy_cpu_J;2026-03-25T00:42:15.298293756Z;152.27724654145314;local_machine;;process;900625;domain=package_total,kind=total
attributed_energy_cpu_J;2026-03-25T00:42:15.798233083Z;148.751202841203;local_machine;;process;900625;domain=package_total,kind=total
nvml_energy_consumption_mJ;2026-03-25T00:42:15.298344226Z;16072;gpu;00000000:56:00.0;local_machine;;
nvml_instant_power_mW;2026-03-25T00:42:15.298344226Z;32342;gpu;00000000:56:00.0;local_machine;;
nvml_temperature_gpu_°C;2026-03-25T00:42:15.298344226Z;28;gpu;00000000:56:00.0;local_machine;;
nvml_gpu_utilization_%;2026-03-25T00:42:15.298344226Z;0;gpu;00000000:56:00.0;local_machine;;
nvml_memory_utilization_%;2026-03-25T00:42:15.298344226Z;0;gpu;00000000:56:00.0;local_machine;;
nvml_decoder_utilization_%;2026-03-25T00:42:15.298344226Z;0;gpu;00000000:56:00.0;local_machine;;
nvml_decoder_sampling_period_μs;2026-03-25T00:42:15.298344226Z;100000;gpu;00000000:56:00.0;local_machine;;
nvml_encoder_utilization_%;2026-03-25T00:42:15.298344226Z;0;gpu;00000000:56:00.0;local_machine;;
nvml_encoder_sampling_period_μs;2026-03-25T00:42:15.298344226Z;100000;gpu;00000000:56:00.0;local_machine;;
nvml_n_compute_processes;2026-03-25T00:42:15.298344226Z;0;gpu;00000000:56:00.0;local_machine;;
nvml_n_graphic_processes;2026-03-25T00:42:15.298344226Z;0;gpu;00000000:56:00.0;local_machine;;
nvml_energy_consumption_mJ;2026-03-25T00:42:15.798344878Z;16239;gpu;00000000:56:00.0;local_machine;;
nvml_instant_power_mW;2026-03-25T00:42:15.798344878Z;33074;gpu;00000000:56:00.0;local_machine;;
nvml_temperature_gpu_°C;2026-03-25T00:42:15.798344878Z;27;gpu;00000000:56:00.0;local_machine;;
nvml_gpu_utilization_%;2026-03-25T00:42:15.798344878Z;0;gpu;00000000:56:00.0;local_machine;;
nvml_memory_utilization_%;2026-03-25T00:42:15.798344878Z;0;gpu;00000000:56:00.0;local_machine;;
nvml_decoder_utilization_%;2026-03-25T00:42:15.798344878Z;0;gpu;00000000:56:00.0;local_machine;;
nvml_decoder_sampling_period_μs;2026-03-25T00:42:15.798344878Z;100000;gpu;00000000:56:00.0;local_machine;;
nvml_encoder_utilization_%;2026-03-25T00:42:15.798344878Z;0;gpu;00000000:56:00.0;local_machine;;
nvml_encoder_sampling_period_μs;2026-03-25T00:42:15.798344878Z;100000;gpu;00000000:56:00.0;local_machine;;
nvml_n_compute_processes;2026-03-25T00:42:15.798344878Z;0;gpu;00000000:56:00.0;local_machine;;
nvml_n_graphic_processes;2026-03-25T00:42:15.798344878Z;0;gpu;00000000:56:00.0;local_machine;;
nvml_energy_consumption_mJ;2026-03-25T00:42:15.298868182Z;17063;gpu;00000000:C3:00.0;local_machine;;
nvml_instant_power_mW;2026-03-25T00:42:15.298868182Z;34261;gpu;00000000:C3:00.0;local_machine;;
nvml_temperature_gpu_°C;2026-03-25T00:42:15.298868182Z;27;gpu;00000000:C3:00.0;local_machine;;
nvml_gpu_utilization_%;2026-03-25T00:42:15.298868182Z;0;gpu;00000000:C3:00.0;local_machine;;
nvml_memory_utilization_%;2026-03-25T00:42:15.298868182Z;0;gpu;00000000:C3:00.0;local_machine;;
nvml_decoder_utilization_%;2026-03-25T00:42:15.298868182Z;0;gpu;00000000:C3:00.0;local_machine;;
nvml_decoder_sampling_period_μs;2026-03-25T00:42:15.298868182Z;100000;gpu;00000000:C3:00.0;local_machine;;
nvml_encoder_utilization_%;2026-03-25T00:42:15.298868182Z;0;gpu;00000000:C3:00.0;local_machine;;
nvml_encoder_sampling_period_μs;2026-03-25T00:42:15.298868182Z;100000;gpu;00000000:C3:00.0;local_machine;;
nvml_n_compute_processes;2026-03-25T00:42:15.298868182Z;0;gpu;00000000:C3:00.0;local_machine;;
nvml_n_graphic_processes;2026-03-25T00:42:15.298868182Z;0;gpu;00000000:C3:00.0;local_machine;;
nvml_energy_consumption_mJ;2026-03-25T00:42:15.798921773Z;17314;gpu;00000000:C3:00.0;local_machine;;
nvml_instant_power_mW;2026-03-25T00:42:15.798921773Z;35202;gpu;00000000:C3:00.0;local_machine;;
nvml_temperature_gpu_°C;2026-03-25T00:42:15.798921773Z;27;gpu;00000000:C3:00.0;local_machine;;
nvml_gpu_utilization_%;2026-03-25T00:42:15.798921773Z;0;gpu;00000000:C3:00.0;local_machine;;
nvml_memory_utilization_%;2026-03-25T00:42:15.798921773Z;0;gpu;00000000:C3:00.0;local_machine;;
nvml_decoder_utilization_%;2026-03-25T00:42:15.798921773Z;0;gpu;00000000:C3:00.0;local_machine;;
nvml_decoder_sampling_period_μs;2026-03-25T00:42:15.798921773Z;100000;gpu;00000000:C3:00.0;local_machine;;
nvml_encoder_utilization_%;2026-03-25T00:42:15.798921773Z;0;gpu;00000000:C3:00.0;local_machine;;
nvml_encoder_sampling_period_μs;2026-03-25T00:42:15.798921773Z;100000;gpu;00000000:C3:00.0;local_machine;;
nvml_n_compute_processes;2026-03-25T00:42:15.798921773Z;0;gpu;00000000:C3:00.0;local_machine;;
nvml_n_graphic_processes;2026-03-25T00:42:15.798921773Z;0;gpu;00000000:C3:00.0;local_machine;;
nvml_energy_consumption_mJ;2026-03-25T00:42:15.298562051Z;16581;gpu;00000000:3F:00.0;local_machine;;
nvml_instant_power_mW;2026-03-25T00:42:15.298562051Z;33076;gpu;00000000:3F:00.0;local_machine;;
nvml_temperature_gpu_°C;2026-03-25T00:42:15.298562051Z;28;gpu;00000000:3F:00.0;local_machine;;
nvml_gpu_utilization_%;2026-03-25T00:42:15.298562051Z;0;gpu;00000000:3F:00.0;local_machine;;
nvml_memory_utilization_%;2026-03-25T00:42:15.298562051Z;0;gpu;00000000:3F:00.0;local_machine;;
nvml_decoder_utilization_%;2026-03-25T00:42:15.298562051Z;0;gpu;00000000:3F:00.0;local_machine;;
nvml_decoder_sampling_period_μs;2026-03-25T00:42:15.298562051Z;100000;gpu;00000000:3F:00.0;local_machine;;
nvml_encoder_utilization_%;2026-03-25T00:42:15.298562051Z;0;gpu;00000000:3F:00.0;local_machine;;
nvml_encoder_sampling_period_μs;2026-03-25T00:42:15.298562051Z;100000;gpu;00000000:3F:00.0;local_machine;;
nvml_n_compute_processes;2026-03-25T00:42:15.298562051Z;0;gpu;00000000:3F:00.0;local_machine;;
nvml_n_graphic_processes;2026-03-25T00:42:15.298562051Z;0;gpu;00000000:3F:00.0;local_machine;;
nvml_energy_consumption_mJ;2026-03-25T00:42:15.79856417Z;16586;gpu;00000000:3F:00.0;local_machine;;
nvml_instant_power_mW;2026-03-25T00:42:15.79856417Z;33560;gpu;00000000:3F:00.0;local_machine;;
nvml_temperature_gpu_°C;2026-03-25T00:42:15.79856417Z;28;gpu;00000000:3F:00.0;local_machine;;
nvml_gpu_utilization_%;2026-03-25T00:42:15.79856417Z;0;gpu;00000000:3F:00.0;local_machine;;
nvml_memory_utilization_%;2026-03-25T00:42:15.79856417Z;0;gpu;00000000:3F:00.0;local_machine;;
nvml_decoder_utilization_%;2026-03-25T00:42:15.79856417Z;0;gpu;00000000:3F:00.0;local_machine;;
nvml_decoder_sampling_period_μs;2026-03-25T00:42:15.79856417Z;100000;gpu;00000000:3F:00.0;local_machine;;
nvml_encoder_utilization_%;2026-03-25T00:42:15.79856417Z;0;gpu;00000000:3F:00.0;local_machine;;
nvml_encoder_sampling_period_μs;2026-03-25T00:42:15.79856417Z;100000;gpu;00000000:3F:00.0;local_machine;;
nvml_n_compute_processes;2026-03-25T00:42:15.79856417Z;0;gpu;00000000:3F:00.0;local_machine;;
nvml_n_graphic_processes;2026-03-25T00:42:15.79856417Z;0;gpu;00000000:3F:00.0;local_machine;;
nvml_energy_consumption_mJ;2026-03-25T00:42:15.298871502Z;17152;gpu;00000000:DA:00.0;local_machine;;
nvml_instant_power_mW;2026-03-25T00:42:15.298871502Z;34516;gpu;00000000:DA:00.0;local_machine;;
nvml_temperature_gpu_°C;2026-03-25T00:42:15.298871502Z;27;gpu;00000000:DA:00.0;local_machine;;
nvml_gpu_utilization_%;2026-03-25T00:42:15.298871502Z;0;gpu;00000000:DA:00.0;local_machine;;
nvml_memory_utilization_%;2026-03-25T00:42:15.298871502Z;0;gpu;00000000:DA:00.0;local_machine;;
nvml_decoder_utilization_%;2026-03-25T00:42:15.298871502Z;0;gpu;00000000:DA:00.0;local_machine;;
nvml_decoder_sampling_period_μs;2026-03-25T00:42:15.298871502Z;100000;gpu;00000000:DA:00.0;local_machine;;
nvml_encoder_utilization_%;2026-03-25T00:42:15.298871502Z;0;gpu;00000000:DA:00.0;local_machine;;
nvml_encoder_sampling_period_μs;2026-03-25T00:42:15.298871502Z;100000;gpu;00000000:DA:00.0;local_machine;;
nvml_n_compute_processes;2026-03-25T00:42:15.298871502Z;0;gpu;00000000:DA:00.0;local_machine;;
nvml_n_graphic_processes;2026-03-25T00:42:15.298871502Z;0;gpu;00000000:DA:00.0;local_machine;;
nvml_energy_consumption_mJ;2026-03-25T00:42:15.798802736Z;17325;gpu;00000000:DA:00.0;local_machine;;
nvml_instant_power_mW;2026-03-25T00:42:15.798802736Z;35310;gpu;00000000:DA:00.0;local_machine;;
nvml_temperature_gpu_°C;2026-03-25T00:42:15.798802736Z;27;gpu;00000000:DA:00.0;local_machine;;
nvml_gpu_utilization_%;2026-03-25T00:42:15.798802736Z;0;gpu;00000000:DA:00.0;local_machine;;
nvml_memory_utilization_%;2026-03-25T00:42:15.798802736Z;0;gpu;00000000:DA:00.0;local_machine;;
nvml_decoder_utilization_%;2026-03-25T00:42:15.798802736Z;0;gpu;00000000:DA:00.0;local_machine;;
nvml_decoder_sampling_period_μs;2026-03-25T00:42:15.798802736Z;100000;gpu;00000000:DA:00.0;local_machine;;
nvml_encoder_utilization_%;2026-03-25T00:42:15.798802736Z;0;gpu;00000000:DA:00.0;local_machine;;
nvml_encoder_sampling_period_μs;2026-03-25T00:42:15.798802736Z;100000;gpu;00000000:DA:00.0;local_machine;;
nvml_n_compute_processes;2026-03-25T00:42:15.798802736Z;0;gpu;00000000:DA:00.0;local_machine;;
nvml_n_graphic_processes;2026-03-25T00:42:15.798802736Z;0;gpu;00000000:DA:00.0;local_machine;;
mem_total_kB;2026-03-25T00:42:16.298207393Z;1081669578752;local_machine;;local_machine;;
mem_free_kB;2026-03-25T00:42:16.298207393Z;1026832576512;local_machine;;local_machine;;
mem_available_kB;2026-03-25T00:42:16.298207393Z;1063306481664;local_machine;;local_machine;;
cached_kB;2026-03-25T00:42:16.298207393Z;33529741312;local_machine;;local_machine;;
swap_cached_kB;2026-03-25T00:42:16.298207393Z;0;local_machine;;local_machine;;
active_kB;2026-03-25T00:42:16.298207393Z;7649452032;local_machine;;local_machine;;
inactive_kB;2026-03-25T00:42:16.298207393Z;34537644032;local_machine;;local_machine;;
mapped_kB;2026-03-25T00:42:16.298207393Z;761167872;local_machine;;local_machine;;
kernel_cpu_time_ms;2026-03-25T00:42:16.298396245Z;910;local_machine;;local_machine;;cpu_state=user
kernel_cpu_time_ms;2026-03-25T00:42:16.298396245Z;0;local_machine;;local_machine;;cpu_state=nice
kernel_cpu_time_ms;2026-03-25T00:42:16.298396245Z;180;local_machine;;local_machine;;cpu_state=system
kernel_cpu_time_ms;2026-03-25T00:42:16.298396245Z;46900;local_machine;;local_machine;;cpu_state=idle
kernel_cpu_time_ms;2026-03-25T00:42:16.298396245Z;0;local_machine;;local_machine;;cpu_state=irq
kernel_cpu_time_ms;2026-03-25T00:42:16.298396245Z;0;local_machine;;local_machine;;cpu_state=softirq
kernel_cpu_time_ms;2026-03-25T00:42:16.298396245Z;0;local_machine;;local_machine;;cpu_state=steal
kernel_cpu_time_ms;2026-03-25T00:42:16.298396245Z;0;local_machine;;local_machine;;cpu_state=guest
kernel_cpu_time_ms;2026-03-25T00:42:16.298396245Z;0;local_machine;;local_machine;;cpu_state=guest_nice
kernel_cpu_time_ms;2026-03-25T00:42:16.298396245Z;0;cpu_core;0;local_machine;;cpu_state=user
kernel_cpu_time_ms;2026-03-25T00:42:16.298396245Z;0;cpu_core;0;local_machine;;cpu_state=nice
kernel_cpu_time_ms;2026-03-25T00:42:16.298396245Z;20;cpu_core;0;local_machine;;cpu_state=system
kernel_cpu_time_ms;2026-03-25T00:42:16.298396245Z;470;cpu_core;0;local_machine;;cpu_state=idle
kernel_cpu_time_ms;2026-03-25T00:42:16.298396245Z;0;cpu_core;0;local_machine;;cpu_state=irq
kernel_cpu_time_ms;2026-03-25T00:42:16.298396245Z;0;cpu_core;0;local_machine;;cpu_state=softirq
kernel_cpu_time_ms;2026-03-25T00:42:16.298396245Z;0;cpu_core;0;local_machine;;cpu_state=steal
kernel_cpu_time_ms;2026-03-25T00:42:16.298396245Z;0;cpu_core;0;local_machine;;cpu_state=guest
kernel_cpu_time_ms;2026-03-25T00:42:16.298396245Z;0;cpu_core;0;local_machine;;cpu_state=guest_nice
kernel_cpu_time_ms;2026-03-25T00:42:16.298396245Z;0;cpu_core;1;local_machine;;cpu_state=user
kernel_cpu_time_ms;2026-03-25T00:42:16.298396245Z;0;cpu_core;1;local_machine;;cpu_state=nice
kernel_cpu_time_ms;2026-03-25T00:42:16.298396245Z;0;cpu_core;1;local_machine;;cpu_state=system
kernel_cpu_time_ms;2026-03-25T00:42:16.298396245Z;500;cpu_core;1;local_machine;;cpu_state=idle
kernel_cpu_time_ms;2026-03-25T00:42:16.298396245Z;0;cpu_core;1;local_machine;;cpu_state=irq
kernel_cpu_time_ms;2026-03-25T00:42:16.298396245Z;0;cpu_core;1;local_machine;;cpu_state=softirq
kernel_cpu_time_ms;2026-03-25T00:42:16.298396245Z;0;cpu_core;1;local_machine;;cpu_state=steal
kernel_cpu_time_ms;2026-03-25T00:42:16.298396245Z;0;cpu_core;1;local_machine;;cpu_state=guest
kernel_cpu_time_ms;2026-03-25T00:42:16.298396245Z;0;cpu_core;1;local_machine;;cpu_state=guest_nice
kernel_cpu_time_ms;2026-03-25T00:42:16.298396245Z;0;cpu_core;2;local_machine;;cpu_state=user
kernel_cpu_time_ms;2026-03-25T00:42:16.298396245Z;0;cpu_core;2;local_machine;;cpu_state=nice
kernel_cpu_time_ms;2026-03-25T00:42:16.298396245Z;0;cpu_core;2;local_machine;;cpu_state=system
kernel_cpu_time_ms;2026-03-25T00:42:16.298396245Z;500;cpu_core;2;local_machine;;cpu_state=idle
kernel_cpu_time_ms;2026-03-25T00:42:16.298396245Z;0;cpu_core;2;local_machine;;cpu_state=irq
kernel_cpu_time_ms;2026-03-25T00:42:16.298396245Z;0;cpu_core;2;local_machine;;cpu_state=softirq
kernel_cpu_time_ms;2026-03-25T00:42:16.298396245Z;0;cpu_core;2;local_machine;;cpu_state=steal
kernel_cpu_time_ms;2026-03-25T00:42:16.298396245Z;0;cpu_core;2;local_machine;;cpu_state=guest
kernel_cpu_time_ms;2026-03-25T00:42:16.298396245Z;0;cpu_core;2;local_machine;;cpu_state=guest_nice
kernel_cpu_time_ms;2026-03-25T00:42:16.298396245Z;0;cpu_core;3;local_machine;;cpu_state=user
kernel_cpu_time_ms;2026-03-25T00:42:16.298396245Z;0;cpu_core;3;local_machine;;cpu_state=nice
kernel_cpu_time_ms;2026-03-25T00:42:16.298396245Z;0;cpu_core;3;local_machine;;cpu_state=system
kernel_cpu_time_ms;2026-03-25T00:42:16.298396245Z;500;cpu_core;3;local_machine;;cpu_state=idle
kernel_cpu_time_ms;2026-03-25T00:42:16.298396245Z;0;cpu_core;3;local_machine;;cpu_state=irq
kernel_cpu_time_ms;2026-03-25T00:42:16.298396245Z;0;cpu_core;3;local_machine;;cpu_state=softirq
kernel_cpu_time_ms;2026-03-25T00:42:16.298396245Z;0;cpu_core;3;local_machine;;cpu_state=steal
kernel_cpu_time_ms;2026-03-25T00:42:16.298396245Z;0;cpu_core;3;local_machine;;cpu_state=guest
kernel_cpu_time_ms;2026-03-25T00:42:16.298396245Z;0;cpu_core;3;local_machine;;cpu_state=guest_nice
kernel_cpu_time_ms;2026-03-25T00:42:16.298396245Z;0;cpu_core;4;local_machine;;cpu_state=user
kernel_cpu_time_ms;2026-03-25T00:42:16.298396245Z;0;cpu_core;4;local_machine;;cpu_state=nice
kernel_cpu_time_ms;2026-03-25T00:42:16.298396245Z;0;cpu_core;4;local_machine;;cpu_state=system
kernel_cpu_time_ms;2026-03-25T00:42:16.298396245Z;500;cpu_core;4;local_machine;;cpu_state=idle
kernel_cpu_time_ms;2026-03-25T00:42:16.298396245Z;0;cpu_core;4;local_machine;;cpu_state=irq
kernel_cpu_time_ms;2026-03-25T00:42:16.298396245Z;0;cpu_core;4;local_machine;;cpu_state=softirq
kernel_cpu_time_ms;2026-03-25T00:42:16.298396245Z;0;cpu_core;4;local_machine;;cpu_state=steal
kernel_cpu_time_ms;2026-03-25T00:42:16.298396245Z;0;cpu_core;4;local_machine;;cpu_state=guest
kernel_cpu_time_ms;2026-03-25T00:42:16.298396245Z;0;cpu_core;4;local_machine;;cpu_state=guest_nice
kernel_cpu_time_ms;2026-03-25T00:42:16.298396245Z;0;cpu_core;5;local_machine;;cpu_state=user
kernel_cpu_time_ms;2026-03-25T00:42:16.298396245Z;0;cpu_core;5;local_machine;;cpu_state=nice
kernel_cpu_time_ms;2026-03-25T00:42:16.298396245Z;0;cpu_core;5;local_machine;;cpu_state=system
kernel_cpu_time_ms;2026-03-25T00:42:16.298396245Z;500;cpu_core;5;local_machine;;cpu_state=idle
kernel_cpu_time_ms;2026-03-25T00:42:16.298396245Z;0;cpu_core;5;local_machine;;cpu_state=irq
kernel_cpu_time_ms;2026-03-25T00:42:16.298396245Z;0;cpu_core;5;local_machine;;cpu_state=softirq
kernel_cpu_time_ms;2026-03-25T00:42:16.298396245Z;0;cpu_core;5;local_machine;;cpu_state=steal
kernel_cpu_time_ms;2026-03-25T00:42:16.298396245Z;0;cpu_core;5;local_machine;;cpu_state=guest
kernel_cpu_time_ms;2026-03-25T00:42:16.298396245Z;0;cpu_core;5;local_machine;;cpu_state=guest_nice
kernel_cpu_time_ms;2026-03-25T00:42:16.298396245Z;0;cpu_core;6;local_machine;;cpu_state=user
kernel_cpu_time_ms;2026-03-25T00:42:16.298396245Z;0;cpu_core;6;local_machine;;cpu_state=nice
kernel_cpu_time_ms;2026-03-25T00:42:16.298396245Z;0;cpu_core;6;local_machine;;cpu_state=system
kernel_cpu_time_ms;2026-03-25T00:42:16.298396245Z;500;cpu_core;6;local_machine;;cpu_state=idle
kernel_cpu_time_ms;2026-03-25T00:42:16.298396245Z;0;cpu_core;6;local_machine;;cpu_state=irq
kernel_cpu_time_ms;2026-03-25T00:42:16.298396245Z;0;cpu_core;6;local_machine;;cpu_state=softirq
kernel_cpu_time_ms;2026-03-25T00:42:16.298396245Z;0;cpu_core;6;local_machine;;cpu_state=steal
kernel_cpu_time_ms;2026-03-25T00:42:16.298396245Z;0;cpu_core;6;local_machine;;cpu_state=guest
kernel_cpu_time_ms;2026-03-25T00:42:16.298396245Z;0;cpu_core;6;local_machine;;cpu_state=guest_nice
kernel_cpu_time_ms;2026-03-25T00:42:16.298396245Z;0;cpu_core;7;local_machine;;cpu_state=user
kernel_cpu_time_ms;2026-03-25T00:42:16.298396245Z;0;cpu_core;7;local_machine;;cpu_state=nice
kernel_cpu_time_ms;2026-03-25T00:42:16.298396245Z;0;cpu_core;7;local_machine;;cpu_state=system
kernel_cpu_time_ms;2026-03-25T00:42:16.298396245Z;500;cpu_core;7;local_machine;;cpu_state=idle
kernel_cpu_time_ms;2026-03-25T00:42:16.298396245Z;0;cpu_core;7;local_machine;;cpu_state=irq
kernel_cpu_time_ms;2026-03-25T00:42:16.298396245Z;0;cpu_core;7;local_machine;;cpu_state=softirq
kernel_cpu_time_ms;2026-03-25T00:42:16.298396245Z;0;cpu_core;7;local_machine;;cpu_state=steal
kernel_cpu_time_ms;2026-03-25T00:42:16.298396245Z;0;cpu_core;7;local_machine;;cpu_state=guest
kernel_cpu_time_ms;2026-03-25T00:42:16.298396245Z;0;cpu_core;7;local_machine;;cpu_state=guest_nice
kernel_cpu_time_ms;2026-03-25T00:42:16.298396245Z;0;cpu_core;8;local_machine;;cpu_state=user
kernel_cpu_time_ms;2026-03-25T00:42:16.298396245Z;0;cpu_core;8;local_machine;;cpu_state=nice
kernel_cpu_time_ms;2026-03-25T00:42:16.298396245Z;0;cpu_core;8;local_machine;;cpu_state=system
kernel_cpu_time_ms;2026-03-25T00:42:16.298396245Z;500;cpu_core;8;local_machine;;cpu_state=idle
kernel_cpu_time_ms;2026-03-25T00:42:16.298396245Z;0;cpu_core;8;local_machine;;cpu_state=irq
kernel_cpu_time_ms;2026-03-25T00:42:16.298396245Z;0;cpu_core;8;local_machine;;cpu_state=softirq
kernel_cpu_time_ms;2026-03-25T00:42:16.298396245Z;0;cpu_core;8;local_machine;;cpu_state=steal
kernel_cpu_time_ms;2026-03-25T00:42:16.298396245Z;0;cpu_core;8;local_machine;;cpu_state=guest
kernel_cpu_time_ms;2026-03-25T00:42:16.298396245Z;0;cpu_core;8;local_machine;;cpu_state=guest_nice
kernel_cpu_time_ms;2026-03-25T00:42:16.298396245Z;0;cpu_core;9;local_machine;;cpu_state=user
kernel_cpu_time_ms;2026-03-25T00:42:16.298396245Z;0;cpu_core;9;local_machine;;cpu_state=nice
kernel_cpu_time_ms;2026-03-25T00:42:16.298396245Z;0;cpu_core;9;local_machine;;cpu_state=system
kernel_cpu_time_ms;2026-03-25T00:42:16.298396245Z;500;cpu_core;9;local_machine;;cpu_state=idle
kernel_cpu_time_ms;2026-03-25T00:42:16.298396245Z;0;cpu_core;9;local_machine;;cpu_state=irq
kernel_cpu_time_ms;2026-03-25T00:42:16.298396245Z;0;cpu_core;9;local_machine;;cpu_state=softirq
kernel_cpu_time_ms;2026-03-25T00:42:16.298396245Z;0;cpu_core;9;local_machine;;cpu_state=steal
kernel_cpu_time_ms;2026-03-25T00:42:16.298396245Z;0;cpu_core;9;local_machine;;cpu_state=guest
kernel_cpu_time_ms;2026-03-25T00:42:16.298396245Z;0;cpu_core;9;local_machine;;cpu_state=guest_nice
kernel_cpu_time_ms;2026-03-25T00:42:16.298396245Z;0;cpu_core;10;local_machine;;cpu_state=user
kernel_cpu_time_ms;2026-03-25T00:42:16.298396245Z;0;cpu_core;10;local_machine;;cpu_state=nice
kernel_cpu_time_ms;2026-03-25T00:42:16.298396245Z;0;cpu_core;10;local_machine;;cpu_state=system
kernel_cpu_time_ms;2026-03-25T00:42:16.298396245Z;500;cpu_core;10;local_machine;;cpu_state=idle
kernel_cpu_time_ms;2026-03-25T00:42:16.298396245Z;0;cpu_core;10;local_machine;;cpu_state=irq
kernel_cpu_time_ms;2026-03-25T00:42:16.298396245Z;0;cpu_core;10;local_machine;;cpu_state=softirq
kernel_cpu_time_ms;2026-03-25T00:42:16.298396245Z;0;cpu_core;10;local_machine;;cpu_state=steal
kernel_cpu_time_ms;2026-03-25T00:42:16.298396245Z;0;cpu_core;10;local_machine;;cpu_state=guest
kernel_cpu_time_ms;2026-03-25T00:42:16.298396245Z;0;cpu_core;10;local_machine;;cpu_state=guest_nice
kernel_cpu_time_ms;2026-03-25T00:42:16.298396245Z;0;cpu_core;11;local_machine;;cpu_state=user
kernel_cpu_time_ms;2026-03-25T00:42:16.298396245Z;0;cpu_core;11;local_machine;;cpu_state=nice
kernel_cpu_time_ms;2026-03-25T00:42:16.298396245Z;0;cpu_core;11;local_machine;;cpu_state=system
kernel_cpu_time_ms;2026-03-25T00:42:16.298396245Z;500;cpu_core;11;local_machine;;cpu_state=idle
kernel_cpu_time_ms;2026-03-25T00:42:16.298396245Z;0;cpu_core;11;local_machine;;cpu_state=irq
kernel_cpu_time_ms;2026-03-25T00:42:16.298396245Z;0;cpu_core;11;local_machine;;cpu_state=softirq
kernel_cpu_time_ms;2026-03-25T00:42:16.298396245Z;0;cpu_core;11;local_machine;;cpu_state=steal
kernel_cpu_time_ms;2026-03-25T00:42:16.298396245Z;0;cpu_core;11;local_machine;;cpu_state=guest
kernel_cpu_time_ms;2026-03-25T00:42:16.298396245Z;0;cpu_core;11;local_machine;;cpu_state=guest_nice
kernel_cpu_time_ms;2026-03-25T00:42:16.298396245Z;0;cpu_core;12;local_machine;;cpu_state=user
kernel_cpu_time_ms;2026-03-25T00:42:16.298396245Z;0;cpu_core;12;local_machine;;cpu_state=nice
kernel_cpu_time_ms;2026-03-25T00:42:16.298396245Z;0;cpu_core;12;local_machine;;cpu_state=system
kernel_cpu_time_ms;2026-03-25T00:42:16.298396245Z;490;cpu_core;12;local_machine;;cpu_state=idle
kernel_cpu_time_ms;2026-03-25T00:42:16.298396245Z;0;cpu_core;12;local_machine;;cpu_state=irq
kernel_cpu_time_ms;2026-03-25T00:42:16.298396245Z;0;cpu_core;12;local_machine;;cpu_state=softirq
kernel_cpu_time_ms;2026-03-25T00:42:16.298396245Z;0;cpu_core;12;local_machine;;cpu_state=steal
kernel_cpu_time_ms;2026-03-25T00:42:16.298396245Z;0;cpu_core;12;local_machine;;cpu_state=guest
kernel_cpu_time_ms;2026-03-25T00:42:16.298396245Z;0;cpu_core;12;local_machine;;cpu_state=guest_nice
kernel_cpu_time_ms;2026-03-25T00:42:16.298396245Z;0;cpu_core;13;local_machine;;cpu_state=user
kernel_cpu_time_ms;2026-03-25T00:42:16.298396245Z;0;cpu_core;13;local_machine;;cpu_state=nice
kernel_cpu_time_ms;2026-03-25T00:42:16.298396245Z;0;cpu_core;13;local_machine;;cpu_state=system
kernel_cpu_time_ms;2026-03-25T00:42:16.298396245Z;500;cpu_core;13;local_machine;;cpu_state=idle
kernel_cpu_time_ms;2026-03-25T00:42:16.298396245Z;0;cpu_core;13;local_machine;;cpu_state=irq
kernel_cpu_time_ms;2026-03-25T00:42:16.298396245Z;0;cpu_core;13;local_machine;;cpu_state=softirq
kernel_cpu_time_ms;2026-03-25T00:42:16.298396245Z;0;cpu_core;13;local_machine;;cpu_state=steal
kernel_cpu_time_ms;2026-03-25T00:42:16.298396245Z;0;cpu_core;13;local_machine;;cpu_state=guest
kernel_cpu_time_ms;2026-03-25T00:42:16.298396245Z;0;cpu_core;13;local_machine;;cpu_state=guest_nice
kernel_cpu_time_ms;2026-03-25T00:42:16.298396245Z;0;cpu_core;14;local_machine;;cpu_state=user
kernel_cpu_time_ms;2026-03-25T00:42:16.298396245Z;0;cpu_core;14;local_machine;;cpu_state=nice
kernel_cpu_time_ms;2026-03-25T00:42:16.298396245Z;0;cpu_core;14;local_machine;;cpu_state=system
kernel_cpu_time_ms;2026-03-25T00:42:16.298396245Z;500;cpu_core;14;local_machine;;cpu_state=idle
kernel_cpu_time_ms;2026-03-25T00:42:16.298396245Z;0;cpu_core;14;local_machine;;cpu_state=irq
kernel_cpu_time_ms;2026-03-25T00:42:16.298396245Z;0;cpu_core;14;local_machine;;cpu_state=softirq
kernel_cpu_time_ms;2026-03-25T00:42:16.298396245Z;0;cpu_core;14;local_machine;;cpu_state=steal
kernel_cpu_time_ms;2026-03-25T00:42:16.298396245Z;0;cpu_core;14;local_machine;;cpu_state=guest
kernel_cpu_time_ms;2026-03-25T00:42:16.298396245Z;0;cpu_core;14;local_machine;;cpu_state=guest_nice
kernel_cpu_time_ms;2026-03-25T00:42:16.298396245Z;0;cpu_core;15;local_machine;;cpu_state=user
kernel_cpu_time_ms;2026-03-25T00:42:16.298396245Z;0;cpu_core;15;local_machine;;cpu_state=nice
kernel_cpu_time_ms;2026-03-25T00:42:16.298396245Z;0;cpu_core;15;local_machine;;cpu_state=system
kernel_cpu_time_ms;2026-03-25T00:42:16.298396245Z;500;cpu_core;15;local_machine;;cpu_state=idle
kernel_cpu_time_ms;2026-03-25T00:42:16.298396245Z;0;cpu_core;15;local_machine;;cpu_state=irq
kernel_cpu_time_ms;2026-03-25T00:42:16.298396245Z;0;cpu_core;15;local_machine;;cpu_state=softirq
kernel_cpu_time_ms;2026-03-25T00:42:16.298396245Z;0;cpu_core;15;local_machine;;cpu_state=steal
kernel_cpu_time_ms;2026-03-25T00:42:16.298396245Z;0;cpu_core;15;local_machine;;cpu_state=guest
kernel_cpu_time_ms;2026-03-25T00:42:16.298396245Z;0;cpu_core;15;local_machine;;cpu_state=guest_nice
kernel_cpu_time_ms;2026-03-25T00:42:16.298396245Z;0;cpu_core;16;local_machine;;cpu_state=user
kernel_cpu_time_ms;2026-03-25T00:42:16.298396245Z;0;cpu_core;16;local_machine;;cpu_state=nice
kernel_cpu_time_ms;2026-03-25T00:42:16.298396245Z;0;cpu_core;16;local_machine;;cpu_state=system
kernel_cpu_time_ms;2026-03-25T00:42:16.298396245Z;500;cpu_core;16;local_machine;;cpu_state=idle
kernel_cpu_time_ms;2026-03-25T00:42:16.298396245Z;0;cpu_core;16;local_machine;;cpu_state=irq
kernel_cpu_time_ms;2026-03-25T00:42:16.298396245Z;0;cpu_core;16;local_machine;;cpu_state=softirq
kernel_cpu_time_ms;2026-03-25T00:42:16.298396245Z;0;cpu_core;16;local_machine;;cpu_state=steal
kernel_cpu_time_ms;2026-03-25T00:42:16.298396245Z;0;cpu_core;16;local_machine;;cpu_state=guest
kernel_cpu_time_ms;2026-03-25T00:42:16.298396245Z;0;cpu_core;16;local_machine;;cpu_state=guest_nice
kernel_cpu_time_ms;2026-03-25T00:42:16.298396245Z;0;cpu_core;17;local_machine;;cpu_state=user
kernel_cpu_time_ms;2026-03-25T00:42:16.298396245Z;0;cpu_core;17;local_machine;;cpu_state=nice
kernel_cpu_time_ms;2026-03-25T00:42:16.298396245Z;0;cpu_core;17;local_machine;;cpu_state=system
kernel_cpu_time_ms;2026-03-25T00:42:16.298396245Z;500;cpu_core;17;local_machine;;cpu_state=idle
kernel_cpu_time_ms;2026-03-25T00:42:16.298396245Z;0;cpu_core;17;local_machine;;cpu_state=irq
kernel_cpu_time_ms;2026-03-25T00:42:16.298396245Z;0;cpu_core;17;local_machine;;cpu_state=softirq
kernel_cpu_time_ms;2026-03-25T00:42:16.298396245Z;0;cpu_core;17;local_machine;;cpu_state=steal
kernel_cpu_time_ms;2026-03-25T00:42:16.298396245Z;0;cpu_core;17;local_machine;;cpu_state=guest
kernel_cpu_time_ms;2026-03-25T00:42:16.298396245Z;0;cpu_core;17;local_machine;;cpu_state=guest_nice
kernel_cpu_time_ms;2026-03-25T00:42:16.298396245Z;0;cpu_core;18;local_machine;;cpu_state=user
kernel_cpu_time_ms;2026-03-25T00:42:16.298396245Z;0;cpu_core;18;local_machine;;cpu_state=nice
kernel_cpu_time_ms;2026-03-25T00:42:16.298396245Z;0;cpu_core;18;local_machine;;cpu_state=system
kernel_cpu_time_ms;2026-03-25T00:42:16.298396245Z;500;cpu_core;18;local_machine;;cpu_state=idle
kernel_cpu_time_ms;2026-03-25T00:42:16.298396245Z;0;cpu_core;18;local_machine;;cpu_state=irq
kernel_cpu_time_ms;2026-03-25T00:42:16.298396245Z;0;cpu_core;18;local_machine;;cpu_state=softirq
kernel_cpu_time_ms;2026-03-25T00:42:16.298396245Z;0;cpu_core;18;local_machine;;cpu_state=steal
kernel_cpu_time_ms;2026-03-25T00:42:16.298396245Z;0;cpu_core;18;local_machine;;cpu_state=guest
kernel_cpu_time_ms;2026-03-25T00:42:16.298396245Z;0;cpu_core;18;local_machine;;cpu_state=guest_nice
kernel_cpu_time_ms;2026-03-25T00:42:16.298396245Z;0;cpu_core;19;local_machine;;cpu_state=user
kernel_cpu_time_ms;2026-03-25T00:42:16.298396245Z;0;cpu_core;19;local_machine;;cpu_state=nice
kernel_cpu_time_ms;2026-03-25T00:42:16.298396245Z;0;cpu_core;19;local_machine;;cpu_state=system
kernel_cpu_time_ms;2026-03-25T00:42:16.298396245Z;500;cpu_core;19;local_machine;;cpu_state=idle
kernel_cpu_time_ms;2026-03-25T00:42:16.298396245Z;0;cpu_core;19;local_machine;;cpu_state=irq
kernel_cpu_time_ms;2026-03-25T00:42:16.298396245Z;0;cpu_core;19;local_machine;;cpu_state=softirq
kernel_cpu_time_ms;2026-03-25T00:42:16.298396245Z;0;cpu_core;19;local_machine;;cpu_state=steal
kernel_cpu_time_ms;2026-03-25T00:42:16.298396245Z;0;cpu_core;19;local_machine;;cpu_state=guest
kernel_cpu_time_ms;2026-03-25T00:42:16.298396245Z;0;cpu_core;19;local_machine;;cpu_state=guest_nice
kernel_cpu_time_ms;2026-03-25T00:42:16.298396245Z;0;cpu_core;20;local_machine;;cpu_state=user
kernel_cpu_time_ms;2026-03-25T00:42:16.298396245Z;0;cpu_core;20;local_machine;;cpu_state=nice
kernel_cpu_time_ms;2026-03-25T00:42:16.298396245Z;0;cpu_core;20;local_machine;;cpu_state=system
kernel_cpu_time_ms;2026-03-25T00:42:16.298396245Z;500;cpu_core;20;local_machine;;cpu_state=idle
kernel_cpu_time_ms;2026-03-25T00:42:16.298396245Z;0;cpu_core;20;local_machine;;cpu_state=irq
kernel_cpu_time_ms;2026-03-25T00:42:16.298396245Z;0;cpu_core;20;local_machine;;cpu_state=softirq
kernel_cpu_time_ms;2026-03-25T00:42:16.298396245Z;0;cpu_core;20;local_machine;;cpu_state=steal
kernel_cpu_time_ms;2026-03-25T00:42:16.298396245Z;0;cpu_core;20;local_machine;;cpu_state=guest
kernel_cpu_time_ms;2026-03-25T00:42:16.298396245Z;0;cpu_core;20;local_machine;;cpu_state=guest_nice
kernel_cpu_time_ms;2026-03-25T00:42:16.298396245Z;0;cpu_core;21;local_machine;;cpu_state=user
kernel_cpu_time_ms;2026-03-25T00:42:16.298396245Z;0;cpu_core;21;local_machine;;cpu_state=nice
kernel_cpu_time_ms;2026-03-25T00:42:16.298396245Z;0;cpu_core;21;local_machine;;cpu_state=system
kernel_cpu_time_ms;2026-03-25T00:42:16.298396245Z;500;cpu_core;21;local_machine;;cpu_state=idle
kernel_cpu_time_ms;2026-03-25T00:42:16.298396245Z;0;cpu_core;21;local_machine;;cpu_state=irq
kernel_cpu_time_ms;2026-03-25T00:42:16.298396245Z;0;cpu_core;21;local_machine;;cpu_state=softirq
kernel_cpu_time_ms;2026-03-25T00:42:16.298396245Z;0;cpu_core;21;local_machine;;cpu_state=steal
kernel_cpu_time_ms;2026-03-25T00:42:16.298396245Z;0;cpu_core;21;local_machine;;cpu_state=guest
kernel_cpu_time_ms;2026-03-25T00:42:16.298396245Z;0;cpu_core;21;local_machine;;cpu_state=guest_nice
kernel_cpu_time_ms;2026-03-25T00:42:16.298396245Z;0;cpu_core;22;local_machine;;cpu_state=user
kernel_cpu_time_ms;2026-03-25T00:42:16.298396245Z;0;cpu_core;22;local_machine;;cpu_state=nice
kernel_cpu_time_ms;2026-03-25T00:42:16.298396245Z;0;cpu_core;22;local_machine;;cpu_state=system
kernel_cpu_time_ms;2026-03-25T00:42:16.298396245Z;500;cpu_core;22;local_machine;;cpu_state=idle
kernel_cpu_time_ms;2026-03-25T00:42:16.298396245Z;0;cpu_core;22;local_machine;;cpu_state=irq
kernel_cpu_time_ms;2026-03-25T00:42:16.298396245Z;0;cpu_core;22;local_machine;;cpu_state=softirq
kernel_cpu_time_ms;2026-03-25T00:42:16.298396245Z;0;cpu_core;22;local_machine;;cpu_state=steal
kernel_cpu_time_ms;2026-03-25T00:42:16.298396245Z;0;cpu_core;22;local_machine;;cpu_state=guest
kernel_cpu_time_ms;2026-03-25T00:42:16.298396245Z;0;cpu_core;22;local_machine;;cpu_state=guest_nice
kernel_cpu_time_ms;2026-03-25T00:42:16.298396245Z;0;cpu_core;23;local_machine;;cpu_state=user
kernel_cpu_time_ms;2026-03-25T00:42:16.298396245Z;0;cpu_core;23;local_machine;;cpu_state=nice
kernel_cpu_time_ms;2026-03-25T00:42:16.298396245Z;0;cpu_core;23;local_machine;;cpu_state=system
kernel_cpu_time_ms;2026-03-25T00:42:16.298396245Z;500;cpu_core;23;local_machine;;cpu_state=idle
kernel_cpu_time_ms;2026-03-25T00:42:16.298396245Z;0;cpu_core;23;local_machine;;cpu_state=irq
kernel_cpu_time_ms;2026-03-25T00:42:16.298396245Z;0;cpu_core;23;local_machine;;cpu_state=softirq
kernel_cpu_time_ms;2026-03-25T00:42:16.298396245Z;0;cpu_core;23;local_machine;;cpu_state=steal
kernel_cpu_time_ms;2026-03-25T00:42:16.298396245Z;0;cpu_core;23;local_machine;;cpu_state=guest
kernel_cpu_time_ms;2026-03-25T00:42:16.298396245Z;0;cpu_core;23;local_machine;;cpu_state=guest_nice
kernel_cpu_time_ms;2026-03-25T00:42:16.298396245Z;0;cpu_core;24;local_machine;;cpu_state=user
kernel_cpu_time_ms;2026-03-25T00:42:16.298396245Z;0;cpu_core;24;local_machine;;cpu_state=nice
kernel_cpu_time_ms;2026-03-25T00:42:16.298396245Z;0;cpu_core;24;local_machine;;cpu_state=system
kernel_cpu_time_ms;2026-03-25T00:42:16.298396245Z;500;cpu_core;24;local_machine;;cpu_state=idle
kernel_cpu_time_ms;2026-03-25T00:42:16.298396245Z;0;cpu_core;24;local_machine;;cpu_state=irq
kernel_cpu_time_ms;2026-03-25T00:42:16.298396245Z;0;cpu_core;24;local_machine;;cpu_state=softirq
kernel_cpu_time_ms;2026-03-25T00:42:16.298396245Z;0;cpu_core;24;local_machine;;cpu_state=steal
kernel_cpu_time_ms;2026-03-25T00:42:16.298396245Z;0;cpu_core;24;local_machine;;cpu_state=guest
kernel_cpu_time_ms;2026-03-25T00:42:16.298396245Z;0;cpu_core;24;local_machine;;cpu_state=guest_nice
kernel_cpu_time_ms;2026-03-25T00:42:16.298396245Z;0;cpu_core;25;local_machine;;cpu_state=user
kernel_cpu_time_ms;2026-03-25T00:42:16.298396245Z;0;cpu_core;25;local_machine;;cpu_state=nice
kernel_cpu_time_ms;2026-03-25T00:42:16.298396245Z;0;cpu_core;25;local_machine;;cpu_state=system
kernel_cpu_time_ms;2026-03-25T00:42:16.298396245Z;500;cpu_core;25;local_machine;;cpu_state=idle
kernel_cpu_time_ms;2026-03-25T00:42:16.298396245Z;0;cpu_core;25;local_machine;;cpu_state=irq
kernel_cpu_time_ms;2026-03-25T00:42:16.298396245Z;0;cpu_core;25;local_machine;;cpu_state=softirq
kernel_cpu_time_ms;2026-03-25T00:42:16.298396245Z;0;cpu_core;25;local_machine;;cpu_state=steal
kernel_cpu_time_ms;2026-03-25T00:42:16.298396245Z;0;cpu_core;25;local_machine;;cpu_state=guest
kernel_cpu_time_ms;2026-03-25T00:42:16.298396245Z;0;cpu_core;25;local_machine;;cpu_state=guest_nice
kernel_cpu_time_ms;2026-03-25T00:42:16.298396245Z;0;cpu_core;26;local_machine;;cpu_state=user
kernel_cpu_time_ms;2026-03-25T00:42:16.298396245Z;0;cpu_core;26;local_machine;;cpu_state=nice
kernel_cpu_time_ms;2026-03-25T00:42:16.298396245Z;0;cpu_core;26;local_machine;;cpu_state=system
kernel_cpu_time_ms;2026-03-25T00:42:16.298396245Z;500;cpu_core;26;local_machine;;cpu_state=idle
kernel_cpu_time_ms;2026-03-25T00:42:16.298396245Z;0;cpu_core;26;local_machine;;cpu_state=irq
kernel_cpu_time_ms;2026-03-25T00:42:16.298396245Z;0;cpu_core;26;local_machine;;cpu_state=softirq
kernel_cpu_time_ms;2026-03-25T00:42:16.298396245Z;0;cpu_core;26;local_machine;;cpu_state=steal
kernel_cpu_time_ms;2026-03-25T00:42:16.298396245Z;0;cpu_core;26;local_machine;;cpu_state=guest
kernel_cpu_time_ms;2026-03-25T00:42:16.298396245Z;0;cpu_core;26;local_machine;;cpu_state=guest_nice
kernel_cpu_time_ms;2026-03-25T00:42:16.298396245Z;0;cpu_core;27;local_machine;;cpu_state=user
kernel_cpu_time_ms;2026-03-25T00:42:16.298396245Z;0;cpu_core;27;local_machine;;cpu_state=nice
kernel_cpu_time_ms;2026-03-25T00:42:16.298396245Z;0;cpu_core;27;local_machine;;cpu_state=system
kernel_cpu_time_ms;2026-03-25T00:42:16.298396245Z;500;cpu_core;27;local_machine;;cpu_state=idle
kernel_cpu_time_ms;2026-03-25T00:42:16.298396245Z;0;cpu_core;27;local_machine;;cpu_state=irq
kernel_cpu_time_ms;2026-03-25T00:42:16.298396245Z;0;cpu_core;27;local_machine;;cpu_state=softirq
kernel_cpu_time_ms;2026-03-25T00:42:16.298396245Z;0;cpu_core;27;local_machine;;cpu_state=steal
kernel_cpu_time_ms;2026-03-25T00:42:16.298396245Z;0;cpu_core;27;local_machine;;cpu_state=guest
kernel_cpu_time_ms;2026-03-25T00:42:16.298396245Z;0;cpu_core;27;local_machine;;cpu_state=guest_nice
kernel_cpu_time_ms;2026-03-25T00:42:16.298396245Z;0;cpu_core;28;local_machine;;cpu_state=user
kernel_cpu_time_ms;2026-03-25T00:42:16.298396245Z;0;cpu_core;28;local_machine;;cpu_state=nice
kernel_cpu_time_ms;2026-03-25T00:42:16.298396245Z;0;cpu_core;28;local_machine;;cpu_state=system
kernel_cpu_time_ms;2026-03-25T00:42:16.298396245Z;500;cpu_core;28;local_machine;;cpu_state=idle
kernel_cpu_time_ms;2026-03-25T00:42:16.298396245Z;0;cpu_core;28;local_machine;;cpu_state=irq
kernel_cpu_time_ms;2026-03-25T00:42:16.298396245Z;0;cpu_core;28;local_machine;;cpu_state=softirq
kernel_cpu_time_ms;2026-03-25T00:42:16.298396245Z;0;cpu_core;28;local_machine;;cpu_state=steal
kernel_cpu_time_ms;2026-03-25T00:42:16.298396245Z;0;cpu_core;28;local_machine;;cpu_state=guest
kernel_cpu_time_ms;2026-03-25T00:42:16.298396245Z;0;cpu_core;28;local_machine;;cpu_state=guest_nice
kernel_cpu_time_ms;2026-03-25T00:42:16.298396245Z;0;cpu_core;29;local_machine;;cpu_state=user
kernel_cpu_time_ms;2026-03-25T00:42:16.298396245Z;0;cpu_core;29;local_machine;;cpu_state=nice
kernel_cpu_time_ms;2026-03-25T00:42:16.298396245Z;0;cpu_core;29;local_machine;;cpu_state=system
kernel_cpu_time_ms;2026-03-25T00:42:16.298396245Z;500;cpu_core;29;local_machine;;cpu_state=idle
kernel_cpu_time_ms;2026-03-25T00:42:16.298396245Z;0;cpu_core;29;local_machine;;cpu_state=irq
kernel_cpu_time_ms;2026-03-25T00:42:16.298396245Z;0;cpu_core;29;local_machine;;cpu_state=softirq
kernel_cpu_time_ms;2026-03-25T00:42:16.298396245Z;0;cpu_core;29;local_machine;;cpu_state=steal
kernel_cpu_time_ms;2026-03-25T00:42:16.298396245Z;0;cpu_core;29;local_machine;;cpu_state=guest
kernel_cpu_time_ms;2026-03-25T00:42:16.298396245Z;0;cpu_core;29;local_machine;;cpu_state=guest_nice
kernel_cpu_time_ms;2026-03-25T00:42:16.298396245Z;0;cpu_core;30;local_machine;;cpu_state=user
kernel_cpu_time_ms;2026-03-25T00:42:16.298396245Z;0;cpu_core;30;local_machine;;cpu_state=nice
kernel_cpu_time_ms;2026-03-25T00:42:16.298396245Z;0;cpu_core;30;local_machine;;cpu_state=system
kernel_cpu_time_ms;2026-03-25T00:42:16.298396245Z;500;cpu_core;30;local_machine;;cpu_state=idle
kernel_cpu_time_ms;2026-03-25T00:42:16.298396245Z;0;cpu_core;30;local_machine;;cpu_state=irq
kernel_cpu_time_ms;2026-03-25T00:42:16.298396245Z;0;cpu_core;30;local_machine;;cpu_state=softirq
kernel_cpu_time_ms;2026-03-25T00:42:16.298396245Z;0;cpu_core;30;local_machine;;cpu_state=steal
kernel_cpu_time_ms;2026-03-25T00:42:16.298396245Z;0;cpu_core;30;local_machine;;cpu_state=guest
kernel_cpu_time_ms;2026-03-25T00:42:16.298396245Z;0;cpu_core;30;local_machine;;cpu_state=guest_nice
kernel_cpu_time_ms;2026-03-25T00:42:16.298396245Z;0;cpu_core;31;local_machine;;cpu_state=user
kernel_cpu_time_ms;2026-03-25T00:42:16.298396245Z;0;cpu_core;31;local_machine;;cpu_state=nice
kernel_cpu_time_ms;2026-03-25T00:42:16.298396245Z;0;cpu_core;31;local_machine;;cpu_state=system
kernel_cpu_time_ms;2026-03-25T00:42:16.298396245Z;500;cpu_core;31;local_machine;;cpu_state=idle
kernel_cpu_time_ms;2026-03-25T00:42:16.298396245Z;0;cpu_core;31;local_machine;;cpu_state=irq
kernel_cpu_time_ms;2026-03-25T00:42:16.298396245Z;0;cpu_core;31;local_machine;;cpu_state=softirq
kernel_cpu_time_ms;2026-03-25T00:42:16.298396245Z;0;cpu_core;31;local_machine;;cpu_state=steal
kernel_cpu_time_ms;2026-03-25T00:42:16.298396245Z;0;cpu_core;31;local_machine;;cpu_state=guest
kernel_cpu_time_ms;2026-03-25T00:42:16.298396245Z;0;cpu_core;31;local_machine;;cpu_state=guest_nice
kernel_cpu_time_ms;2026-03-25T00:42:16.298396245Z;0;cpu_core;32;local_machine;;cpu_state=user
kernel_cpu_time_ms;2026-03-25T00:42:16.298396245Z;0;cpu_core;32;local_machine;;cpu_state=nice
kernel_cpu_time_ms;2026-03-25T00:42:16.298396245Z;0;cpu_core;32;local_machine;;cpu_state=system
kernel_cpu_time_ms;2026-03-25T00:42:16.298396245Z;500;cpu_core;32;local_machine;;cpu_state=idle
kernel_cpu_time_ms;2026-03-25T00:42:16.298396245Z;0;cpu_core;32;local_machine;;cpu_state=irq
kernel_cpu_time_ms;2026-03-25T00:42:16.298396245Z;0;cpu_core;32;local_machine;;cpu_state=softirq
kernel_cpu_time_ms;2026-03-25T00:42:16.298396245Z;0;cpu_core;32;local_machine;;cpu_state=steal
kernel_cpu_time_ms;2026-03-25T00:42:16.298396245Z;0;cpu_core;32;local_machine;;cpu_state=guest
kernel_cpu_time_ms;2026-03-25T00:42:16.298396245Z;0;cpu_core;32;local_machine;;cpu_state=guest_nice
kernel_cpu_time_ms;2026-03-25T00:42:16.298396245Z;0;cpu_core;33;local_machine;;cpu_state=user
kernel_cpu_time_ms;2026-03-25T00:42:16.298396245Z;0;cpu_core;33;local_machine;;cpu_state=nice
kernel_cpu_time_ms;2026-03-25T00:42:16.298396245Z;0;cpu_core;33;local_machine;;cpu_state=system
kernel_cpu_time_ms;2026-03-25T00:42:16.298396245Z;500;cpu_core;33;local_machine;;cpu_state=idle
kernel_cpu_time_ms;2026-03-25T00:42:16.298396245Z;0;cpu_core;33;local_machine;;cpu_state=irq
kernel_cpu_time_ms;2026-03-25T00:42:16.298396245Z;0;cpu_core;33;local_machine;;cpu_state=softirq
kernel_cpu_time_ms;2026-03-25T00:42:16.298396245Z;0;cpu_core;33;local_machine;;cpu_state=steal
kernel_cpu_time_ms;2026-03-25T00:42:16.298396245Z;0;cpu_core;33;local_machine;;cpu_state=guest
kernel_cpu_time_ms;2026-03-25T00:42:16.298396245Z;0;cpu_core;33;local_machine;;cpu_state=guest_nice
kernel_cpu_time_ms;2026-03-25T00:42:16.298396245Z;0;cpu_core;34;local_machine;;cpu_state=user
kernel_cpu_time_ms;2026-03-25T00:42:16.298396245Z;0;cpu_core;34;local_machine;;cpu_state=nice
kernel_cpu_time_ms;2026-03-25T00:42:16.298396245Z;0;cpu_core;34;local_machine;;cpu_state=system
kernel_cpu_time_ms;2026-03-25T00:42:16.298396245Z;500;cpu_core;34;local_machine;;cpu_state=idle
kernel_cpu_time_ms;2026-03-25T00:42:16.298396245Z;0;cpu_core;34;local_machine;;cpu_state=irq
kernel_cpu_time_ms;2026-03-25T00:42:16.298396245Z;0;cpu_core;34;local_machine;;cpu_state=softirq
kernel_cpu_time_ms;2026-03-25T00:42:16.298396245Z;0;cpu_core;34;local_machine;;cpu_state=steal
kernel_cpu_time_ms;2026-03-25T00:42:16.298396245Z;0;cpu_core;34;local_machine;;cpu_state=guest
kernel_cpu_time_ms;2026-03-25T00:42:16.298396245Z;0;cpu_core;34;local_machine;;cpu_state=guest_nice
kernel_cpu_time_ms;2026-03-25T00:42:16.298396245Z;0;cpu_core;35;local_machine;;cpu_state=user
kernel_cpu_time_ms;2026-03-25T00:42:16.298396245Z;0;cpu_core;35;local_machine;;cpu_state=nice
kernel_cpu_time_ms;2026-03-25T00:42:16.298396245Z;0;cpu_core;35;local_machine;;cpu_state=system
kernel_cpu_time_ms;2026-03-25T00:42:16.298396245Z;500;cpu_core;35;local_machine;;cpu_state=idle
kernel_cpu_time_ms;2026-03-25T00:42:16.298396245Z;0;cpu_core;35;local_machine;;cpu_state=irq
kernel_cpu_time_ms;2026-03-25T00:42:16.298396245Z;0;cpu_core;35;local_machine;;cpu_state=softirq
kernel_cpu_time_ms;2026-03-25T00:42:16.298396245Z;0;cpu_core;35;local_machine;;cpu_state=steal
kernel_cpu_time_ms;2026-03-25T00:42:16.298396245Z;0;cpu_core;35;local_machine;;cpu_state=guest
kernel_cpu_time_ms;2026-03-25T00:42:16.298396245Z;0;cpu_core;35;local_machine;;cpu_state=guest_nice
kernel_cpu_time_ms;2026-03-25T00:42:16.298396245Z;0;cpu_core;36;local_machine;;cpu_state=user
kernel_cpu_time_ms;2026-03-25T00:42:16.298396245Z;0;cpu_core;36;local_machine;;cpu_state=nice
kernel_cpu_time_ms;2026-03-25T00:42:16.298396245Z;0;cpu_core;36;local_machine;;cpu_state=system
kernel_cpu_time_ms;2026-03-25T00:42:16.298396245Z;500;cpu_core;36;local_machine;;cpu_state=idle
kernel_cpu_time_ms;2026-03-25T00:42:16.298396245Z;0;cpu_core;36;local_machine;;cpu_state=irq
kernel_cpu_time_ms;2026-03-25T00:42:16.298396245Z;0;cpu_core;36;local_machine;;cpu_state=softirq
kernel_cpu_time_ms;2026-03-25T00:42:16.298396245Z;0;cpu_core;36;local_machine;;cpu_state=steal
kernel_cpu_time_ms;2026-03-25T00:42:16.298396245Z;0;cpu_core;36;local_machine;;cpu_state=guest
kernel_cpu_time_ms;2026-03-25T00:42:16.298396245Z;0;cpu_core;36;local_machine;;cpu_state=guest_nice
kernel_cpu_time_ms;2026-03-25T00:42:16.298396245Z;0;cpu_core;37;local_machine;;cpu_state=user
kernel_cpu_time_ms;2026-03-25T00:42:16.298396245Z;0;cpu_core;37;local_machine;;cpu_state=nice
kernel_cpu_time_ms;2026-03-25T00:42:16.298396245Z;0;cpu_core;37;local_machine;;cpu_state=system
kernel_cpu_time_ms;2026-03-25T00:42:16.298396245Z;500;cpu_core;37;local_machine;;cpu_state=idle
kernel_cpu_time_ms;2026-03-25T00:42:16.298396245Z;0;cpu_core;37;local_machine;;cpu_state=irq
kernel_cpu_time_ms;2026-03-25T00:42:16.298396245Z;0;cpu_core;37;local_machine;;cpu_state=softirq
kernel_cpu_time_ms;2026-03-25T00:42:16.298396245Z;0;cpu_core;37;local_machine;;cpu_state=steal
kernel_cpu_time_ms;2026-03-25T00:42:16.298396245Z;0;cpu_core;37;local_machine;;cpu_state=guest
kernel_cpu_time_ms;2026-03-25T00:42:16.298396245Z;0;cpu_core;37;local_machine;;cpu_state=guest_nice
kernel_cpu_time_ms;2026-03-25T00:42:16.298396245Z;0;cpu_core;38;local_machine;;cpu_state=user
kernel_cpu_time_ms;2026-03-25T00:42:16.298396245Z;0;cpu_core;38;local_machine;;cpu_state=nice
kernel_cpu_time_ms;2026-03-25T00:42:16.298396245Z;0;cpu_core;38;local_machine;;cpu_state=system
kernel_cpu_time_ms;2026-03-25T00:42:16.298396245Z;500;cpu_core;38;local_machine;;cpu_state=idle
kernel_cpu_time_ms;2026-03-25T00:42:16.298396245Z;0;cpu_core;38;local_machine;;cpu_state=irq
kernel_cpu_time_ms;2026-03-25T00:42:16.298396245Z;0;cpu_core;38;local_machine;;cpu_state=softirq
kernel_cpu_time_ms;2026-03-25T00:42:16.298396245Z;0;cpu_core;38;local_machine;;cpu_state=steal
kernel_cpu_time_ms;2026-03-25T00:42:16.298396245Z;0;cpu_core;38;local_machine;;cpu_state=guest
kernel_cpu_time_ms;2026-03-25T00:42:16.298396245Z;0;cpu_core;38;local_machine;;cpu_state=guest_nice
kernel_cpu_time_ms;2026-03-25T00:42:16.298396245Z;0;cpu_core;39;local_machine;;cpu_state=user
kernel_cpu_time_ms;2026-03-25T00:42:16.298396245Z;0;cpu_core;39;local_machine;;cpu_state=nice
kernel_cpu_time_ms;2026-03-25T00:42:16.298396245Z;0;cpu_core;39;local_machine;;cpu_state=system
kernel_cpu_time_ms;2026-03-25T00:42:16.298396245Z;500;cpu_core;39;local_machine;;cpu_state=idle
kernel_cpu_time_ms;2026-03-25T00:42:16.298396245Z;0;cpu_core;39;local_machine;;cpu_state=irq
kernel_cpu_time_ms;2026-03-25T00:42:16.298396245Z;0;cpu_core;39;local_machine;;cpu_state=softirq
kernel_cpu_time_ms;2026-03-25T00:42:16.298396245Z;0;cpu_core;39;local_machine;;cpu_state=steal
kernel_cpu_time_ms;2026-03-25T00:42:16.298396245Z;0;cpu_core;39;local_machine;;cpu_state=guest
kernel_cpu_time_ms;2026-03-25T00:42:16.298396245Z;0;cpu_core;39;local_machine;;cpu_state=guest_nice
kernel_cpu_time_ms;2026-03-25T00:42:16.298396245Z;500;cpu_core;40;local_machine;;cpu_state=user
kernel_cpu_time_ms;2026-03-25T00:42:16.298396245Z;0;cpu_core;40;local_machine;;cpu_state=nice
kernel_cpu_time_ms;2026-03-25T00:42:16.298396245Z;0;cpu_core;40;local_machine;;cpu_state=system
kernel_cpu_time_ms;2026-03-25T00:42:16.298396245Z;0;cpu_core;40;local_machine;;cpu_state=idle
kernel_cpu_time_ms;2026-03-25T00:42:16.298396245Z;0;cpu_core;40;local_machine;;cpu_state=irq
kernel_cpu_time_ms;2026-03-25T00:42:16.298396245Z;0;cpu_core;40;local_machine;;cpu_state=softirq
kernel_cpu_time_ms;2026-03-25T00:42:16.298396245Z;0;cpu_core;40;local_machine;;cpu_state=steal
kernel_cpu_time_ms;2026-03-25T00:42:16.298396245Z;0;cpu_core;40;local_machine;;cpu_state=guest
kernel_cpu_time_ms;2026-03-25T00:42:16.298396245Z;0;cpu_core;40;local_machine;;cpu_state=guest_nice
kernel_cpu_time_ms;2026-03-25T00:42:16.298396245Z;0;cpu_core;41;local_machine;;cpu_state=user
kernel_cpu_time_ms;2026-03-25T00:42:16.298396245Z;0;cpu_core;41;local_machine;;cpu_state=nice
kernel_cpu_time_ms;2026-03-25T00:42:16.298396245Z;0;cpu_core;41;local_machine;;cpu_state=system
kernel_cpu_time_ms;2026-03-25T00:42:16.298396245Z;500;cpu_core;41;local_machine;;cpu_state=idle
kernel_cpu_time_ms;2026-03-25T00:42:16.298396245Z;0;cpu_core;41;local_machine;;cpu_state=irq
kernel_cpu_time_ms;2026-03-25T00:42:16.298396245Z;0;cpu_core;41;local_machine;;cpu_state=softirq
kernel_cpu_time_ms;2026-03-25T00:42:16.298396245Z;0;cpu_core;41;local_machine;;cpu_state=steal
kernel_cpu_time_ms;2026-03-25T00:42:16.298396245Z;0;cpu_core;41;local_machine;;cpu_state=guest
kernel_cpu_time_ms;2026-03-25T00:42:16.298396245Z;0;cpu_core;41;local_machine;;cpu_state=guest_nice
kernel_cpu_time_ms;2026-03-25T00:42:16.298396245Z;0;cpu_core;42;local_machine;;cpu_state=user
kernel_cpu_time_ms;2026-03-25T00:42:16.298396245Z;0;cpu_core;42;local_machine;;cpu_state=nice
kernel_cpu_time_ms;2026-03-25T00:42:16.298396245Z;0;cpu_core;42;local_machine;;cpu_state=system
kernel_cpu_time_ms;2026-03-25T00:42:16.298396245Z;490;cpu_core;42;local_machine;;cpu_state=idle
kernel_cpu_time_ms;2026-03-25T00:42:16.298396245Z;0;cpu_core;42;local_machine;;cpu_state=irq
kernel_cpu_time_ms;2026-03-25T00:42:16.298396245Z;0;cpu_core;42;local_machine;;cpu_state=softirq
kernel_cpu_time_ms;2026-03-25T00:42:16.298396245Z;0;cpu_core;42;local_machine;;cpu_state=steal
kernel_cpu_time_ms;2026-03-25T00:42:16.298396245Z;0;cpu_core;42;local_machine;;cpu_state=guest
kernel_cpu_time_ms;2026-03-25T00:42:16.298396245Z;0;cpu_core;42;local_machine;;cpu_state=guest_nice
kernel_cpu_time_ms;2026-03-25T00:42:16.298396245Z;0;cpu_core;43;local_machine;;cpu_state=user
kernel_cpu_time_ms;2026-03-25T00:42:16.298396245Z;0;cpu_core;43;local_machine;;cpu_state=nice
kernel_cpu_time_ms;2026-03-25T00:42:16.298396245Z;0;cpu_core;43;local_machine;;cpu_state=system
kernel_cpu_time_ms;2026-03-25T00:42:16.298396245Z;500;cpu_core;43;local_machine;;cpu_state=idle
kernel_cpu_time_ms;2026-03-25T00:42:16.298396245Z;0;cpu_core;43;local_machine;;cpu_state=irq
kernel_cpu_time_ms;2026-03-25T00:42:16.298396245Z;0;cpu_core;43;local_machine;;cpu_state=softirq
kernel_cpu_time_ms;2026-03-25T00:42:16.298396245Z;0;cpu_core;43;local_machine;;cpu_state=steal
kernel_cpu_time_ms;2026-03-25T00:42:16.298396245Z;0;cpu_core;43;local_machine;;cpu_state=guest
kernel_cpu_time_ms;2026-03-25T00:42:16.298396245Z;0;cpu_core;43;local_machine;;cpu_state=guest_nice
kernel_cpu_time_ms;2026-03-25T00:42:16.298396245Z;0;cpu_core;44;local_machine;;cpu_state=user
kernel_cpu_time_ms;2026-03-25T00:42:16.298396245Z;0;cpu_core;44;local_machine;;cpu_state=nice
kernel_cpu_time_ms;2026-03-25T00:42:16.298396245Z;0;cpu_core;44;local_machine;;cpu_state=system
kernel_cpu_time_ms;2026-03-25T00:42:16.298396245Z;500;cpu_core;44;local_machine;;cpu_state=idle
kernel_cpu_time_ms;2026-03-25T00:42:16.298396245Z;0;cpu_core;44;local_machine;;cpu_state=irq
kernel_cpu_time_ms;2026-03-25T00:42:16.298396245Z;0;cpu_core;44;local_machine;;cpu_state=softirq
kernel_cpu_time_ms;2026-03-25T00:42:16.298396245Z;0;cpu_core;44;local_machine;;cpu_state=steal
kernel_cpu_time_ms;2026-03-25T00:42:16.298396245Z;0;cpu_core;44;local_machine;;cpu_state=guest
kernel_cpu_time_ms;2026-03-25T00:42:16.298396245Z;0;cpu_core;44;local_machine;;cpu_state=guest_nice
kernel_cpu_time_ms;2026-03-25T00:42:16.298396245Z;0;cpu_core;45;local_machine;;cpu_state=user
kernel_cpu_time_ms;2026-03-25T00:42:16.298396245Z;0;cpu_core;45;local_machine;;cpu_state=nice
kernel_cpu_time_ms;2026-03-25T00:42:16.298396245Z;0;cpu_core;45;local_machine;;cpu_state=system
kernel_cpu_time_ms;2026-03-25T00:42:16.298396245Z;500;cpu_core;45;local_machine;;cpu_state=idle
kernel_cpu_time_ms;2026-03-25T00:42:16.298396245Z;0;cpu_core;45;local_machine;;cpu_state=irq
kernel_cpu_time_ms;2026-03-25T00:42:16.298396245Z;0;cpu_core;45;local_machine;;cpu_state=softirq
kernel_cpu_time_ms;2026-03-25T00:42:16.298396245Z;0;cpu_core;45;local_machine;;cpu_state=steal
kernel_cpu_time_ms;2026-03-25T00:42:16.298396245Z;0;cpu_core;45;local_machine;;cpu_state=guest
kernel_cpu_time_ms;2026-03-25T00:42:16.298396245Z;0;cpu_core;45;local_machine;;cpu_state=guest_nice
kernel_cpu_time_ms;2026-03-25T00:42:16.298396245Z;0;cpu_core;46;local_machine;;cpu_state=user
kernel_cpu_time_ms;2026-03-25T00:42:16.298396245Z;0;cpu_core;46;local_machine;;cpu_state=nice
kernel_cpu_time_ms;2026-03-25T00:42:16.298396245Z;0;cpu_core;46;local_machine;;cpu_state=system
kernel_cpu_time_ms;2026-03-25T00:42:16.298396245Z;500;cpu_core;46;local_machine;;cpu_state=idle
kernel_cpu_time_ms;2026-03-25T00:42:16.298396245Z;0;cpu_core;46;local_machine;;cpu_state=irq
kernel_cpu_time_ms;2026-03-25T00:42:16.298396245Z;0;cpu_core;46;local_machine;;cpu_state=softirq
kernel_cpu_time_ms;2026-03-25T00:42:16.298396245Z;0;cpu_core;46;local_machine;;cpu_state=steal
kernel_cpu_time_ms;2026-03-25T00:42:16.298396245Z;0;cpu_core;46;local_machine;;cpu_state=guest
kernel_cpu_time_ms;2026-03-25T00:42:16.298396245Z;0;cpu_core;46;local_machine;;cpu_state=guest_nice
kernel_cpu_time_ms;2026-03-25T00:42:16.298396245Z;0;cpu_core;47;local_machine;;cpu_state=user
kernel_cpu_time_ms;2026-03-25T00:42:16.298396245Z;0;cpu_core;47;local_machine;;cpu_state=nice
kernel_cpu_time_ms;2026-03-25T00:42:16.298396245Z;0;cpu_core;47;local_machine;;cpu_state=system
kernel_cpu_time_ms;2026-03-25T00:42:16.298396245Z;500;cpu_core;47;local_machine;;cpu_state=idle
kernel_cpu_time_ms;2026-03-25T00:42:16.298396245Z;0;cpu_core;47;local_machine;;cpu_state=irq
kernel_cpu_time_ms;2026-03-25T00:42:16.298396245Z;0;cpu_core;47;local_machine;;cpu_state=softirq
kernel_cpu_time_ms;2026-03-25T00:42:16.298396245Z;0;cpu_core;47;local_machine;;cpu_state=steal
kernel_cpu_time_ms;2026-03-25T00:42:16.298396245Z;0;cpu_core;47;local_machine;;cpu_state=guest
kernel_cpu_time_ms;2026-03-25T00:42:16.298396245Z;0;cpu_core;47;local_machine;;cpu_state=guest_nice
kernel_cpu_time_ms;2026-03-25T00:42:16.298396245Z;0;cpu_core;48;local_machine;;cpu_state=user
kernel_cpu_time_ms;2026-03-25T00:42:16.298396245Z;0;cpu_core;48;local_machine;;cpu_state=nice
kernel_cpu_time_ms;2026-03-25T00:42:16.298396245Z;0;cpu_core;48;local_machine;;cpu_state=system
kernel_cpu_time_ms;2026-03-25T00:42:16.298396245Z;500;cpu_core;48;local_machine;;cpu_state=idle
kernel_cpu_time_ms;2026-03-25T00:42:16.298396245Z;0;cpu_core;48;local_machine;;cpu_state=irq
kernel_cpu_time_ms;2026-03-25T00:42:16.298396245Z;0;cpu_core;48;local_machine;;cpu_state=softirq
kernel_cpu_time_ms;2026-03-25T00:42:16.298396245Z;0;cpu_core;48;local_machine;;cpu_state=steal
kernel_cpu_time_ms;2026-03-25T00:42:16.298396245Z;0;cpu_core;48;local_machine;;cpu_state=guest
kernel_cpu_time_ms;2026-03-25T00:42:16.298396245Z;0;cpu_core;48;local_machine;;cpu_state=guest_nice
kernel_cpu_time_ms;2026-03-25T00:42:16.298396245Z;0;cpu_core;49;local_machine;;cpu_state=user
kernel_cpu_time_ms;2026-03-25T00:42:16.298396245Z;0;cpu_core;49;local_machine;;cpu_state=nice
kernel_cpu_time_ms;2026-03-25T00:42:16.298396245Z;0;cpu_core;49;local_machine;;cpu_state=system
kernel_cpu_time_ms;2026-03-25T00:42:16.298396245Z;500;cpu_core;49;local_machine;;cpu_state=idle
kernel_cpu_time_ms;2026-03-25T00:42:16.298396245Z;0;cpu_core;49;local_machine;;cpu_state=irq
kernel_cpu_time_ms;2026-03-25T00:42:16.298396245Z;0;cpu_core;49;local_machine;;cpu_state=softirq
kernel_cpu_time_ms;2026-03-25T00:42:16.298396245Z;0;cpu_core;49;local_machine;;cpu_state=steal
kernel_cpu_time_ms;2026-03-25T00:42:16.298396245Z;0;cpu_core;49;local_machine;;cpu_state=guest
kernel_cpu_time_ms;2026-03-25T00:42:16.298396245Z;0;cpu_core;49;local_machine;;cpu_state=guest_nice
kernel_cpu_time_ms;2026-03-25T00:42:16.298396245Z;0;cpu_core;50;local_machine;;cpu_state=user
kernel_cpu_time_ms;2026-03-25T00:42:16.298396245Z;0;cpu_core;50;local_machine;;cpu_state=nice
kernel_cpu_time_ms;2026-03-25T00:42:16.298396245Z;10;cpu_core;50;local_machine;;cpu_state=system
kernel_cpu_time_ms;2026-03-25T00:42:16.298396245Z;490;cpu_core;50;local_machine;;cpu_state=idle
kernel_cpu_time_ms;2026-03-25T00:42:16.298396245Z;0;cpu_core;50;local_machine;;cpu_state=irq
kernel_cpu_time_ms;2026-03-25T00:42:16.298396245Z;0;cpu_core;50;local_machine;;cpu_state=softirq
kernel_cpu_time_ms;2026-03-25T00:42:16.298396245Z;0;cpu_core;50;local_machine;;cpu_state=steal
kernel_cpu_time_ms;2026-03-25T00:42:16.298396245Z;0;cpu_core;50;local_machine;;cpu_state=guest
kernel_cpu_time_ms;2026-03-25T00:42:16.298396245Z;0;cpu_core;50;local_machine;;cpu_state=guest_nice
kernel_cpu_time_ms;2026-03-25T00:42:16.298396245Z;0;cpu_core;51;local_machine;;cpu_state=user
kernel_cpu_time_ms;2026-03-25T00:42:16.298396245Z;0;cpu_core;51;local_machine;;cpu_state=nice
kernel_cpu_time_ms;2026-03-25T00:42:16.298396245Z;0;cpu_core;51;local_machine;;cpu_state=system
kernel_cpu_time_ms;2026-03-25T00:42:16.298396245Z;500;cpu_core;51;local_machine;;cpu_state=idle
kernel_cpu_time_ms;2026-03-25T00:42:16.298396245Z;0;cpu_core;51;local_machine;;cpu_state=irq
kernel_cpu_time_ms;2026-03-25T00:42:16.298396245Z;0;cpu_core;51;local_machine;;cpu_state=softirq
kernel_cpu_time_ms;2026-03-25T00:42:16.298396245Z;0;cpu_core;51;local_machine;;cpu_state=steal
kernel_cpu_time_ms;2026-03-25T00:42:16.298396245Z;0;cpu_core;51;local_machine;;cpu_state=guest
kernel_cpu_time_ms;2026-03-25T00:42:16.298396245Z;0;cpu_core;51;local_machine;;cpu_state=guest_nice
kernel_cpu_time_ms;2026-03-25T00:42:16.298396245Z;0;cpu_core;52;local_machine;;cpu_state=user
kernel_cpu_time_ms;2026-03-25T00:42:16.298396245Z;0;cpu_core;52;local_machine;;cpu_state=nice
kernel_cpu_time_ms;2026-03-25T00:42:16.298396245Z;0;cpu_core;52;local_machine;;cpu_state=system
kernel_cpu_time_ms;2026-03-25T00:42:16.298396245Z;500;cpu_core;52;local_machine;;cpu_state=idle
kernel_cpu_time_ms;2026-03-25T00:42:16.298396245Z;0;cpu_core;52;local_machine;;cpu_state=irq
kernel_cpu_time_ms;2026-03-25T00:42:16.298396245Z;0;cpu_core;52;local_machine;;cpu_state=softirq
kernel_cpu_time_ms;2026-03-25T00:42:16.298396245Z;0;cpu_core;52;local_machine;;cpu_state=steal
kernel_cpu_time_ms;2026-03-25T00:42:16.298396245Z;0;cpu_core;52;local_machine;;cpu_state=guest
kernel_cpu_time_ms;2026-03-25T00:42:16.298396245Z;0;cpu_core;52;local_machine;;cpu_state=guest_nice
kernel_cpu_time_ms;2026-03-25T00:42:16.298396245Z;0;cpu_core;53;local_machine;;cpu_state=user
kernel_cpu_time_ms;2026-03-25T00:42:16.298396245Z;0;cpu_core;53;local_machine;;cpu_state=nice
kernel_cpu_time_ms;2026-03-25T00:42:16.298396245Z;0;cpu_core;53;local_machine;;cpu_state=system
kernel_cpu_time_ms;2026-03-25T00:42:16.298396245Z;500;cpu_core;53;local_machine;;cpu_state=idle
kernel_cpu_time_ms;2026-03-25T00:42:16.298396245Z;0;cpu_core;53;local_machine;;cpu_state=irq
kernel_cpu_time_ms;2026-03-25T00:42:16.298396245Z;0;cpu_core;53;local_machine;;cpu_state=softirq
kernel_cpu_time_ms;2026-03-25T00:42:16.298396245Z;0;cpu_core;53;local_machine;;cpu_state=steal
kernel_cpu_time_ms;2026-03-25T00:42:16.298396245Z;0;cpu_core;53;local_machine;;cpu_state=guest
kernel_cpu_time_ms;2026-03-25T00:42:16.298396245Z;0;cpu_core;53;local_machine;;cpu_state=guest_nice
kernel_cpu_time_ms;2026-03-25T00:42:16.298396245Z;0;cpu_core;54;local_machine;;cpu_state=user
kernel_cpu_time_ms;2026-03-25T00:42:16.298396245Z;0;cpu_core;54;local_machine;;cpu_state=nice
kernel_cpu_time_ms;2026-03-25T00:42:16.298396245Z;0;cpu_core;54;local_machine;;cpu_state=system
kernel_cpu_time_ms;2026-03-25T00:42:16.298396245Z;500;cpu_core;54;local_machine;;cpu_state=idle
kernel_cpu_time_ms;2026-03-25T00:42:16.298396245Z;0;cpu_core;54;local_machine;;cpu_state=irq
kernel_cpu_time_ms;2026-03-25T00:42:16.298396245Z;0;cpu_core;54;local_machine;;cpu_state=softirq
kernel_cpu_time_ms;2026-03-25T00:42:16.298396245Z;0;cpu_core;54;local_machine;;cpu_state=steal
kernel_cpu_time_ms;2026-03-25T00:42:16.298396245Z;0;cpu_core;54;local_machine;;cpu_state=guest
kernel_cpu_time_ms;2026-03-25T00:42:16.298396245Z;0;cpu_core;54;local_machine;;cpu_state=guest_nice
kernel_cpu_time_ms;2026-03-25T00:42:16.298396245Z;0;cpu_core;55;local_machine;;cpu_state=user
kernel_cpu_time_ms;2026-03-25T00:42:16.298396245Z;0;cpu_core;55;local_machine;;cpu_state=nice
kernel_cpu_time_ms;2026-03-25T00:42:16.298396245Z;0;cpu_core;55;local_machine;;cpu_state=system
kernel_cpu_time_ms;2026-03-25T00:42:16.298396245Z;500;cpu_core;55;local_machine;;cpu_state=idle
kernel_cpu_time_ms;2026-03-25T00:42:16.298396245Z;0;cpu_core;55;local_machine;;cpu_state=irq
kernel_cpu_time_ms;2026-03-25T00:42:16.298396245Z;0;cpu_core;55;local_machine;;cpu_state=softirq
kernel_cpu_time_ms;2026-03-25T00:42:16.298396245Z;0;cpu_core;55;local_machine;;cpu_state=steal
kernel_cpu_time_ms;2026-03-25T00:42:16.298396245Z;0;cpu_core;55;local_machine;;cpu_state=guest
kernel_cpu_time_ms;2026-03-25T00:42:16.298396245Z;0;cpu_core;55;local_machine;;cpu_state=guest_nice
kernel_cpu_time_ms;2026-03-25T00:42:16.298396245Z;0;cpu_core;56;local_machine;;cpu_state=user
kernel_cpu_time_ms;2026-03-25T00:42:16.298396245Z;0;cpu_core;56;local_machine;;cpu_state=nice
kernel_cpu_time_ms;2026-03-25T00:42:16.298396245Z;0;cpu_core;56;local_machine;;cpu_state=system
kernel_cpu_time_ms;2026-03-25T00:42:16.298396245Z;500;cpu_core;56;local_machine;;cpu_state=idle
kernel_cpu_time_ms;2026-03-25T00:42:16.298396245Z;0;cpu_core;56;local_machine;;cpu_state=irq
kernel_cpu_time_ms;2026-03-25T00:42:16.298396245Z;0;cpu_core;56;local_machine;;cpu_state=softirq
kernel_cpu_time_ms;2026-03-25T00:42:16.298396245Z;0;cpu_core;56;local_machine;;cpu_state=steal
kernel_cpu_time_ms;2026-03-25T00:42:16.298396245Z;0;cpu_core;56;local_machine;;cpu_state=guest
kernel_cpu_time_ms;2026-03-25T00:42:16.298396245Z;0;cpu_core;56;local_machine;;cpu_state=guest_nice
kernel_cpu_time_ms;2026-03-25T00:42:16.298396245Z;0;cpu_core;57;local_machine;;cpu_state=user
kernel_cpu_time_ms;2026-03-25T00:42:16.298396245Z;0;cpu_core;57;local_machine;;cpu_state=nice
kernel_cpu_time_ms;2026-03-25T00:42:16.298396245Z;0;cpu_core;57;local_machine;;cpu_state=system
kernel_cpu_time_ms;2026-03-25T00:42:16.298396245Z;500;cpu_core;57;local_machine;;cpu_state=idle
kernel_cpu_time_ms;2026-03-25T00:42:16.298396245Z;0;cpu_core;57;local_machine;;cpu_state=irq
kernel_cpu_time_ms;2026-03-25T00:42:16.298396245Z;0;cpu_core;57;local_machine;;cpu_state=softirq
kernel_cpu_time_ms;2026-03-25T00:42:16.298396245Z;0;cpu_core;57;local_machine;;cpu_state=steal
kernel_cpu_time_ms;2026-03-25T00:42:16.298396245Z;0;cpu_core;57;local_machine;;cpu_state=guest
kernel_cpu_time_ms;2026-03-25T00:42:16.298396245Z;0;cpu_core;57;local_machine;;cpu_state=guest_nice
kernel_cpu_time_ms;2026-03-25T00:42:16.298396245Z;0;cpu_core;58;local_machine;;cpu_state=user
kernel_cpu_time_ms;2026-03-25T00:42:16.298396245Z;0;cpu_core;58;local_machine;;cpu_state=nice
kernel_cpu_time_ms;2026-03-25T00:42:16.298396245Z;0;cpu_core;58;local_machine;;cpu_state=system
kernel_cpu_time_ms;2026-03-25T00:42:16.298396245Z;500;cpu_core;58;local_machine;;cpu_state=idle
kernel_cpu_time_ms;2026-03-25T00:42:16.298396245Z;0;cpu_core;58;local_machine;;cpu_state=irq
kernel_cpu_time_ms;2026-03-25T00:42:16.298396245Z;0;cpu_core;58;local_machine;;cpu_state=softirq
kernel_cpu_time_ms;2026-03-25T00:42:16.298396245Z;0;cpu_core;58;local_machine;;cpu_state=steal
kernel_cpu_time_ms;2026-03-25T00:42:16.298396245Z;0;cpu_core;58;local_machine;;cpu_state=guest
kernel_cpu_time_ms;2026-03-25T00:42:16.298396245Z;0;cpu_core;58;local_machine;;cpu_state=guest_nice
kernel_cpu_time_ms;2026-03-25T00:42:16.298396245Z;0;cpu_core;59;local_machine;;cpu_state=user
kernel_cpu_time_ms;2026-03-25T00:42:16.298396245Z;0;cpu_core;59;local_machine;;cpu_state=nice
kernel_cpu_time_ms;2026-03-25T00:42:16.298396245Z;0;cpu_core;59;local_machine;;cpu_state=system
kernel_cpu_time_ms;2026-03-25T00:42:16.298396245Z;500;cpu_core;59;local_machine;;cpu_state=idle
kernel_cpu_time_ms;2026-03-25T00:42:16.298396245Z;0;cpu_core;59;local_machine;;cpu_state=irq
kernel_cpu_time_ms;2026-03-25T00:42:16.298396245Z;0;cpu_core;59;local_machine;;cpu_state=softirq
kernel_cpu_time_ms;2026-03-25T00:42:16.298396245Z;0;cpu_core;59;local_machine;;cpu_state=steal
kernel_cpu_time_ms;2026-03-25T00:42:16.298396245Z;0;cpu_core;59;local_machine;;cpu_state=guest
kernel_cpu_time_ms;2026-03-25T00:42:16.298396245Z;0;cpu_core;59;local_machine;;cpu_state=guest_nice
kernel_cpu_time_ms;2026-03-25T00:42:16.298396245Z;0;cpu_core;60;local_machine;;cpu_state=user
kernel_cpu_time_ms;2026-03-25T00:42:16.298396245Z;0;cpu_core;60;local_machine;;cpu_state=nice
kernel_cpu_time_ms;2026-03-25T00:42:16.298396245Z;0;cpu_core;60;local_machine;;cpu_state=system
kernel_cpu_time_ms;2026-03-25T00:42:16.298396245Z;500;cpu_core;60;local_machine;;cpu_state=idle
kernel_cpu_time_ms;2026-03-25T00:42:16.298396245Z;0;cpu_core;60;local_machine;;cpu_state=irq
kernel_cpu_time_ms;2026-03-25T00:42:16.298396245Z;0;cpu_core;60;local_machine;;cpu_state=softirq
kernel_cpu_time_ms;2026-03-25T00:42:16.298396245Z;0;cpu_core;60;local_machine;;cpu_state=steal
kernel_cpu_time_ms;2026-03-25T00:42:16.298396245Z;0;cpu_core;60;local_machine;;cpu_state=guest
kernel_cpu_time_ms;2026-03-25T00:42:16.298396245Z;0;cpu_core;60;local_machine;;cpu_state=guest_nice
kernel_cpu_time_ms;2026-03-25T00:42:16.298396245Z;360;cpu_core;61;local_machine;;cpu_state=user
kernel_cpu_time_ms;2026-03-25T00:42:16.298396245Z;0;cpu_core;61;local_machine;;cpu_state=nice
kernel_cpu_time_ms;2026-03-25T00:42:16.298396245Z;120;cpu_core;61;local_machine;;cpu_state=system
kernel_cpu_time_ms;2026-03-25T00:42:16.298396245Z;10;cpu_core;61;local_machine;;cpu_state=idle
kernel_cpu_time_ms;2026-03-25T00:42:16.298396245Z;0;cpu_core;61;local_machine;;cpu_state=irq
kernel_cpu_time_ms;2026-03-25T00:42:16.298396245Z;0;cpu_core;61;local_machine;;cpu_state=softirq
kernel_cpu_time_ms;2026-03-25T00:42:16.298396245Z;0;cpu_core;61;local_machine;;cpu_state=steal
kernel_cpu_time_ms;2026-03-25T00:42:16.298396245Z;0;cpu_core;61;local_machine;;cpu_state=guest
kernel_cpu_time_ms;2026-03-25T00:42:16.298396245Z;0;cpu_core;61;local_machine;;cpu_state=guest_nice
kernel_cpu_time_ms;2026-03-25T00:42:16.298396245Z;0;cpu_core;62;local_machine;;cpu_state=user
kernel_cpu_time_ms;2026-03-25T00:42:16.298396245Z;0;cpu_core;62;local_machine;;cpu_state=nice
kernel_cpu_time_ms;2026-03-25T00:42:16.298396245Z;0;cpu_core;62;local_machine;;cpu_state=system
kernel_cpu_time_ms;2026-03-25T00:42:16.298396245Z;500;cpu_core;62;local_machine;;cpu_state=idle
kernel_cpu_time_ms;2026-03-25T00:42:16.298396245Z;0;cpu_core;62;local_machine;;cpu_state=irq
kernel_cpu_time_ms;2026-03-25T00:42:16.298396245Z;0;cpu_core;62;local_machine;;cpu_state=softirq
kernel_cpu_time_ms;2026-03-25T00:42:16.298396245Z;0;cpu_core;62;local_machine;;cpu_state=steal
kernel_cpu_time_ms;2026-03-25T00:42:16.298396245Z;0;cpu_core;62;local_machine;;cpu_state=guest
kernel_cpu_time_ms;2026-03-25T00:42:16.298396245Z;0;cpu_core;62;local_machine;;cpu_state=guest_nice
kernel_cpu_time_ms;2026-03-25T00:42:16.298396245Z;0;cpu_core;63;local_machine;;cpu_state=user
kernel_cpu_time_ms;2026-03-25T00:42:16.298396245Z;0;cpu_core;63;local_machine;;cpu_state=nice
kernel_cpu_time_ms;2026-03-25T00:42:16.298396245Z;0;cpu_core;63;local_machine;;cpu_state=system
kernel_cpu_time_ms;2026-03-25T00:42:16.298396245Z;500;cpu_core;63;local_machine;;cpu_state=idle
kernel_cpu_time_ms;2026-03-25T00:42:16.298396245Z;0;cpu_core;63;local_machine;;cpu_state=irq
kernel_cpu_time_ms;2026-03-25T00:42:16.298396245Z;0;cpu_core;63;local_machine;;cpu_state=softirq
kernel_cpu_time_ms;2026-03-25T00:42:16.298396245Z;0;cpu_core;63;local_machine;;cpu_state=steal
kernel_cpu_time_ms;2026-03-25T00:42:16.298396245Z;0;cpu_core;63;local_machine;;cpu_state=guest
kernel_cpu_time_ms;2026-03-25T00:42:16.298396245Z;0;cpu_core;63;local_machine;;cpu_state=guest_nice
kernel_cpu_time_ms;2026-03-25T00:42:16.298396245Z;0;cpu_core;64;local_machine;;cpu_state=user
kernel_cpu_time_ms;2026-03-25T00:42:16.298396245Z;0;cpu_core;64;local_machine;;cpu_state=nice
kernel_cpu_time_ms;2026-03-25T00:42:16.298396245Z;0;cpu_core;64;local_machine;;cpu_state=system
kernel_cpu_time_ms;2026-03-25T00:42:16.298396245Z;500;cpu_core;64;local_machine;;cpu_state=idle
kernel_cpu_time_ms;2026-03-25T00:42:16.298396245Z;0;cpu_core;64;local_machine;;cpu_state=irq
kernel_cpu_time_ms;2026-03-25T00:42:16.298396245Z;0;cpu_core;64;local_machine;;cpu_state=softirq
kernel_cpu_time_ms;2026-03-25T00:42:16.298396245Z;0;cpu_core;64;local_machine;;cpu_state=steal
kernel_cpu_time_ms;2026-03-25T00:42:16.298396245Z;0;cpu_core;64;local_machine;;cpu_state=guest
kernel_cpu_time_ms;2026-03-25T00:42:16.298396245Z;0;cpu_core;64;local_machine;;cpu_state=guest_nice
kernel_cpu_time_ms;2026-03-25T00:42:16.298396245Z;0;cpu_core;65;local_machine;;cpu_state=user
kernel_cpu_time_ms;2026-03-25T00:42:16.298396245Z;0;cpu_core;65;local_machine;;cpu_state=nice
kernel_cpu_time_ms;2026-03-25T00:42:16.298396245Z;0;cpu_core;65;local_machine;;cpu_state=system
kernel_cpu_time_ms;2026-03-25T00:42:16.298396245Z;500;cpu_core;65;local_machine;;cpu_state=idle
kernel_cpu_time_ms;2026-03-25T00:42:16.298396245Z;0;cpu_core;65;local_machine;;cpu_state=irq
kernel_cpu_time_ms;2026-03-25T00:42:16.298396245Z;0;cpu_core;65;local_machine;;cpu_state=softirq
kernel_cpu_time_ms;2026-03-25T00:42:16.298396245Z;0;cpu_core;65;local_machine;;cpu_state=steal
kernel_cpu_time_ms;2026-03-25T00:42:16.298396245Z;0;cpu_core;65;local_machine;;cpu_state=guest
kernel_cpu_time_ms;2026-03-25T00:42:16.298396245Z;0;cpu_core;65;local_machine;;cpu_state=guest_nice
kernel_cpu_time_ms;2026-03-25T00:42:16.298396245Z;0;cpu_core;66;local_machine;;cpu_state=user
kernel_cpu_time_ms;2026-03-25T00:42:16.298396245Z;0;cpu_core;66;local_machine;;cpu_state=nice
kernel_cpu_time_ms;2026-03-25T00:42:16.298396245Z;0;cpu_core;66;local_machine;;cpu_state=system
kernel_cpu_time_ms;2026-03-25T00:42:16.298396245Z;500;cpu_core;66;local_machine;;cpu_state=idle
kernel_cpu_time_ms;2026-03-25T00:42:16.298396245Z;0;cpu_core;66;local_machine;;cpu_state=irq
kernel_cpu_time_ms;2026-03-25T00:42:16.298396245Z;0;cpu_core;66;local_machine;;cpu_state=softirq
kernel_cpu_time_ms;2026-03-25T00:42:16.298396245Z;0;cpu_core;66;local_machine;;cpu_state=steal
kernel_cpu_time_ms;2026-03-25T00:42:16.298396245Z;0;cpu_core;66;local_machine;;cpu_state=guest
kernel_cpu_time_ms;2026-03-25T00:42:16.298396245Z;0;cpu_core;66;local_machine;;cpu_state=guest_nice
kernel_cpu_time_ms;2026-03-25T00:42:16.298396245Z;0;cpu_core;67;local_machine;;cpu_state=user
kernel_cpu_time_ms;2026-03-25T00:42:16.298396245Z;0;cpu_core;67;local_machine;;cpu_state=nice
kernel_cpu_time_ms;2026-03-25T00:42:16.298396245Z;0;cpu_core;67;local_machine;;cpu_state=system
kernel_cpu_time_ms;2026-03-25T00:42:16.298396245Z;490;cpu_core;67;local_machine;;cpu_state=idle
kernel_cpu_time_ms;2026-03-25T00:42:16.298396245Z;0;cpu_core;67;local_machine;;cpu_state=irq
kernel_cpu_time_ms;2026-03-25T00:42:16.298396245Z;0;cpu_core;67;local_machine;;cpu_state=softirq
kernel_cpu_time_ms;2026-03-25T00:42:16.298396245Z;0;cpu_core;67;local_machine;;cpu_state=steal
kernel_cpu_time_ms;2026-03-25T00:42:16.298396245Z;0;cpu_core;67;local_machine;;cpu_state=guest
kernel_cpu_time_ms;2026-03-25T00:42:16.298396245Z;0;cpu_core;67;local_machine;;cpu_state=guest_nice
kernel_cpu_time_ms;2026-03-25T00:42:16.298396245Z;0;cpu_core;68;local_machine;;cpu_state=user
kernel_cpu_time_ms;2026-03-25T00:42:16.298396245Z;0;cpu_core;68;local_machine;;cpu_state=nice
kernel_cpu_time_ms;2026-03-25T00:42:16.298396245Z;0;cpu_core;68;local_machine;;cpu_state=system
kernel_cpu_time_ms;2026-03-25T00:42:16.298396245Z;500;cpu_core;68;local_machine;;cpu_state=idle
kernel_cpu_time_ms;2026-03-25T00:42:16.298396245Z;0;cpu_core;68;local_machine;;cpu_state=irq
kernel_cpu_time_ms;2026-03-25T00:42:16.298396245Z;0;cpu_core;68;local_machine;;cpu_state=softirq
kernel_cpu_time_ms;2026-03-25T00:42:16.298396245Z;0;cpu_core;68;local_machine;;cpu_state=steal
kernel_cpu_time_ms;2026-03-25T00:42:16.298396245Z;0;cpu_core;68;local_machine;;cpu_state=guest
kernel_cpu_time_ms;2026-03-25T00:42:16.298396245Z;0;cpu_core;68;local_machine;;cpu_state=guest_nice
kernel_cpu_time_ms;2026-03-25T00:42:16.298396245Z;0;cpu_core;69;local_machine;;cpu_state=user
kernel_cpu_time_ms;2026-03-25T00:42:16.298396245Z;0;cpu_core;69;local_machine;;cpu_state=nice
kernel_cpu_time_ms;2026-03-25T00:42:16.298396245Z;0;cpu_core;69;local_machine;;cpu_state=system
kernel_cpu_time_ms;2026-03-25T00:42:16.298396245Z;500;cpu_core;69;local_machine;;cpu_state=idle
kernel_cpu_time_ms;2026-03-25T00:42:16.298396245Z;0;cpu_core;69;local_machine;;cpu_state=irq
kernel_cpu_time_ms;2026-03-25T00:42:16.298396245Z;0;cpu_core;69;local_machine;;cpu_state=softirq
kernel_cpu_time_ms;2026-03-25T00:42:16.298396245Z;0;cpu_core;69;local_machine;;cpu_state=steal
kernel_cpu_time_ms;2026-03-25T00:42:16.298396245Z;0;cpu_core;69;local_machine;;cpu_state=guest
kernel_cpu_time_ms;2026-03-25T00:42:16.298396245Z;0;cpu_core;69;local_machine;;cpu_state=guest_nice
kernel_cpu_time_ms;2026-03-25T00:42:16.298396245Z;0;cpu_core;70;local_machine;;cpu_state=user
kernel_cpu_time_ms;2026-03-25T00:42:16.298396245Z;0;cpu_core;70;local_machine;;cpu_state=nice
kernel_cpu_time_ms;2026-03-25T00:42:16.298396245Z;0;cpu_core;70;local_machine;;cpu_state=system
kernel_cpu_time_ms;2026-03-25T00:42:16.298396245Z;500;cpu_core;70;local_machine;;cpu_state=idle
kernel_cpu_time_ms;2026-03-25T00:42:16.298396245Z;0;cpu_core;70;local_machine;;cpu_state=irq
kernel_cpu_time_ms;2026-03-25T00:42:16.298396245Z;0;cpu_core;70;local_machine;;cpu_state=softirq
kernel_cpu_time_ms;2026-03-25T00:42:16.298396245Z;0;cpu_core;70;local_machine;;cpu_state=steal
kernel_cpu_time_ms;2026-03-25T00:42:16.298396245Z;0;cpu_core;70;local_machine;;cpu_state=guest
kernel_cpu_time_ms;2026-03-25T00:42:16.298396245Z;0;cpu_core;70;local_machine;;cpu_state=guest_nice
kernel_cpu_time_ms;2026-03-25T00:42:16.298396245Z;0;cpu_core;71;local_machine;;cpu_state=user
kernel_cpu_time_ms;2026-03-25T00:42:16.298396245Z;0;cpu_core;71;local_machine;;cpu_state=nice
kernel_cpu_time_ms;2026-03-25T00:42:16.298396245Z;10;cpu_core;71;local_machine;;cpu_state=system
kernel_cpu_time_ms;2026-03-25T00:42:16.298396245Z;490;cpu_core;71;local_machine;;cpu_state=idle
kernel_cpu_time_ms;2026-03-25T00:42:16.298396245Z;0;cpu_core;71;local_machine;;cpu_state=irq
kernel_cpu_time_ms;2026-03-25T00:42:16.298396245Z;0;cpu_core;71;local_machine;;cpu_state=softirq
kernel_cpu_time_ms;2026-03-25T00:42:16.298396245Z;0;cpu_core;71;local_machine;;cpu_state=steal
kernel_cpu_time_ms;2026-03-25T00:42:16.298396245Z;0;cpu_core;71;local_machine;;cpu_state=guest
kernel_cpu_time_ms;2026-03-25T00:42:16.298396245Z;0;cpu_core;71;local_machine;;cpu_state=guest_nice
kernel_cpu_time_ms;2026-03-25T00:42:16.298396245Z;10;cpu_core;72;local_machine;;cpu_state=user
kernel_cpu_time_ms;2026-03-25T00:42:16.298396245Z;0;cpu_core;72;local_machine;;cpu_state=nice
kernel_cpu_time_ms;2026-03-25T00:42:16.298396245Z;0;cpu_core;72;local_machine;;cpu_state=system
kernel_cpu_time_ms;2026-03-25T00:42:16.298396245Z;500;cpu_core;72;local_machine;;cpu_state=idle
kernel_cpu_time_ms;2026-03-25T00:42:16.298396245Z;0;cpu_core;72;local_machine;;cpu_state=irq
kernel_cpu_time_ms;2026-03-25T00:42:16.298396245Z;0;cpu_core;72;local_machine;;cpu_state=softirq
kernel_cpu_time_ms;2026-03-25T00:42:16.298396245Z;0;cpu_core;72;local_machine;;cpu_state=steal
kernel_cpu_time_ms;2026-03-25T00:42:16.298396245Z;0;cpu_core;72;local_machine;;cpu_state=guest
kernel_cpu_time_ms;2026-03-25T00:42:16.298396245Z;0;cpu_core;72;local_machine;;cpu_state=guest_nice
kernel_cpu_time_ms;2026-03-25T00:42:16.298396245Z;0;cpu_core;73;local_machine;;cpu_state=user
kernel_cpu_time_ms;2026-03-25T00:42:16.298396245Z;0;cpu_core;73;local_machine;;cpu_state=nice
kernel_cpu_time_ms;2026-03-25T00:42:16.298396245Z;10;cpu_core;73;local_machine;;cpu_state=system
kernel_cpu_time_ms;2026-03-25T00:42:16.298396245Z;490;cpu_core;73;local_machine;;cpu_state=idle
kernel_cpu_time_ms;2026-03-25T00:42:16.298396245Z;0;cpu_core;73;local_machine;;cpu_state=irq
kernel_cpu_time_ms;2026-03-25T00:42:16.298396245Z;0;cpu_core;73;local_machine;;cpu_state=softirq
kernel_cpu_time_ms;2026-03-25T00:42:16.298396245Z;0;cpu_core;73;local_machine;;cpu_state=steal
kernel_cpu_time_ms;2026-03-25T00:42:16.298396245Z;0;cpu_core;73;local_machine;;cpu_state=guest
kernel_cpu_time_ms;2026-03-25T00:42:16.298396245Z;0;cpu_core;73;local_machine;;cpu_state=guest_nice
kernel_cpu_time_ms;2026-03-25T00:42:16.298396245Z;0;cpu_core;74;local_machine;;cpu_state=user
kernel_cpu_time_ms;2026-03-25T00:42:16.298396245Z;0;cpu_core;74;local_machine;;cpu_state=nice
kernel_cpu_time_ms;2026-03-25T00:42:16.298396245Z;0;cpu_core;74;local_machine;;cpu_state=system
kernel_cpu_time_ms;2026-03-25T00:42:16.298396245Z;500;cpu_core;74;local_machine;;cpu_state=idle
kernel_cpu_time_ms;2026-03-25T00:42:16.298396245Z;0;cpu_core;74;local_machine;;cpu_state=irq
kernel_cpu_time_ms;2026-03-25T00:42:16.298396245Z;0;cpu_core;74;local_machine;;cpu_state=softirq
kernel_cpu_time_ms;2026-03-25T00:42:16.298396245Z;0;cpu_core;74;local_machine;;cpu_state=steal
kernel_cpu_time_ms;2026-03-25T00:42:16.298396245Z;0;cpu_core;74;local_machine;;cpu_state=guest
kernel_cpu_time_ms;2026-03-25T00:42:16.298396245Z;0;cpu_core;74;local_machine;;cpu_state=guest_nice
kernel_cpu_time_ms;2026-03-25T00:42:16.298396245Z;0;cpu_core;75;local_machine;;cpu_state=user
kernel_cpu_time_ms;2026-03-25T00:42:16.298396245Z;0;cpu_core;75;local_machine;;cpu_state=nice
kernel_cpu_time_ms;2026-03-25T00:42:16.298396245Z;0;cpu_core;75;local_machine;;cpu_state=system
kernel_cpu_time_ms;2026-03-25T00:42:16.298396245Z;490;cpu_core;75;local_machine;;cpu_state=idle
kernel_cpu_time_ms;2026-03-25T00:42:16.298396245Z;0;cpu_core;75;local_machine;;cpu_state=irq
kernel_cpu_time_ms;2026-03-25T00:42:16.298396245Z;0;cpu_core;75;local_machine;;cpu_state=softirq
kernel_cpu_time_ms;2026-03-25T00:42:16.298396245Z;0;cpu_core;75;local_machine;;cpu_state=steal
kernel_cpu_time_ms;2026-03-25T00:42:16.298396245Z;0;cpu_core;75;local_machine;;cpu_state=guest
kernel_cpu_time_ms;2026-03-25T00:42:16.298396245Z;0;cpu_core;75;local_machine;;cpu_state=guest_nice
kernel_cpu_time_ms;2026-03-25T00:42:16.298396245Z;0;cpu_core;76;local_machine;;cpu_state=user
kernel_cpu_time_ms;2026-03-25T00:42:16.298396245Z;0;cpu_core;76;local_machine;;cpu_state=nice
kernel_cpu_time_ms;2026-03-25T00:42:16.298396245Z;0;cpu_core;76;local_machine;;cpu_state=system
kernel_cpu_time_ms;2026-03-25T00:42:16.298396245Z;500;cpu_core;76;local_machine;;cpu_state=idle
kernel_cpu_time_ms;2026-03-25T00:42:16.298396245Z;0;cpu_core;76;local_machine;;cpu_state=irq
kernel_cpu_time_ms;2026-03-25T00:42:16.298396245Z;0;cpu_core;76;local_machine;;cpu_state=softirq
kernel_cpu_time_ms;2026-03-25T00:42:16.298396245Z;0;cpu_core;76;local_machine;;cpu_state=steal
kernel_cpu_time_ms;2026-03-25T00:42:16.298396245Z;0;cpu_core;76;local_machine;;cpu_state=guest
kernel_cpu_time_ms;2026-03-25T00:42:16.298396245Z;0;cpu_core;76;local_machine;;cpu_state=guest_nice
kernel_cpu_time_ms;2026-03-25T00:42:16.298396245Z;0;cpu_core;77;local_machine;;cpu_state=user
kernel_cpu_time_ms;2026-03-25T00:42:16.298396245Z;0;cpu_core;77;local_machine;;cpu_state=nice
kernel_cpu_time_ms;2026-03-25T00:42:16.298396245Z;0;cpu_core;77;local_machine;;cpu_state=system
kernel_cpu_time_ms;2026-03-25T00:42:16.298396245Z;500;cpu_core;77;local_machine;;cpu_state=idle
kernel_cpu_time_ms;2026-03-25T00:42:16.298396245Z;0;cpu_core;77;local_machine;;cpu_state=irq
kernel_cpu_time_ms;2026-03-25T00:42:16.298396245Z;0;cpu_core;77;local_machine;;cpu_state=softirq
kernel_cpu_time_ms;2026-03-25T00:42:16.298396245Z;0;cpu_core;77;local_machine;;cpu_state=steal
kernel_cpu_time_ms;2026-03-25T00:42:16.298396245Z;0;cpu_core;77;local_machine;;cpu_state=guest
kernel_cpu_time_ms;2026-03-25T00:42:16.298396245Z;0;cpu_core;77;local_machine;;cpu_state=guest_nice
kernel_cpu_time_ms;2026-03-25T00:42:16.298396245Z;0;cpu_core;78;local_machine;;cpu_state=user
kernel_cpu_time_ms;2026-03-25T00:42:16.298396245Z;0;cpu_core;78;local_machine;;cpu_state=nice
kernel_cpu_time_ms;2026-03-25T00:42:16.298396245Z;0;cpu_core;78;local_machine;;cpu_state=system
kernel_cpu_time_ms;2026-03-25T00:42:16.298396245Z;500;cpu_core;78;local_machine;;cpu_state=idle
kernel_cpu_time_ms;2026-03-25T00:42:16.298396245Z;0;cpu_core;78;local_machine;;cpu_state=irq
kernel_cpu_time_ms;2026-03-25T00:42:16.298396245Z;0;cpu_core;78;local_machine;;cpu_state=softirq
kernel_cpu_time_ms;2026-03-25T00:42:16.298396245Z;0;cpu_core;78;local_machine;;cpu_state=steal
kernel_cpu_time_ms;2026-03-25T00:42:16.298396245Z;0;cpu_core;78;local_machine;;cpu_state=guest
kernel_cpu_time_ms;2026-03-25T00:42:16.298396245Z;0;cpu_core;78;local_machine;;cpu_state=guest_nice
kernel_cpu_time_ms;2026-03-25T00:42:16.298396245Z;0;cpu_core;79;local_machine;;cpu_state=user
kernel_cpu_time_ms;2026-03-25T00:42:16.298396245Z;0;cpu_core;79;local_machine;;cpu_state=nice
kernel_cpu_time_ms;2026-03-25T00:42:16.298396245Z;0;cpu_core;79;local_machine;;cpu_state=system
kernel_cpu_time_ms;2026-03-25T00:42:16.298396245Z;500;cpu_core;79;local_machine;;cpu_state=idle
kernel_cpu_time_ms;2026-03-25T00:42:16.298396245Z;0;cpu_core;79;local_machine;;cpu_state=irq
kernel_cpu_time_ms;2026-03-25T00:42:16.298396245Z;0;cpu_core;79;local_machine;;cpu_state=softirq
kernel_cpu_time_ms;2026-03-25T00:42:16.298396245Z;0;cpu_core;79;local_machine;;cpu_state=steal
kernel_cpu_time_ms;2026-03-25T00:42:16.298396245Z;0;cpu_core;79;local_machine;;cpu_state=guest
kernel_cpu_time_ms;2026-03-25T00:42:16.298396245Z;0;cpu_core;79;local_machine;;cpu_state=guest_nice
kernel_cpu_time_ms;2026-03-25T00:42:16.298396245Z;0;cpu_core;80;local_machine;;cpu_state=user
kernel_cpu_time_ms;2026-03-25T00:42:16.298396245Z;0;cpu_core;80;local_machine;;cpu_state=nice
kernel_cpu_time_ms;2026-03-25T00:42:16.298396245Z;0;cpu_core;80;local_machine;;cpu_state=system
kernel_cpu_time_ms;2026-03-25T00:42:16.298396245Z;500;cpu_core;80;local_machine;;cpu_state=idle
kernel_cpu_time_ms;2026-03-25T00:42:16.298396245Z;0;cpu_core;80;local_machine;;cpu_state=irq
kernel_cpu_time_ms;2026-03-25T00:42:16.298396245Z;0;cpu_core;80;local_machine;;cpu_state=softirq
kernel_cpu_time_ms;2026-03-25T00:42:16.298396245Z;0;cpu_core;80;local_machine;;cpu_state=steal
kernel_cpu_time_ms;2026-03-25T00:42:16.298396245Z;0;cpu_core;80;local_machine;;cpu_state=guest
kernel_cpu_time_ms;2026-03-25T00:42:16.298396245Z;0;cpu_core;80;local_machine;;cpu_state=guest_nice
kernel_cpu_time_ms;2026-03-25T00:42:16.298396245Z;0;cpu_core;81;local_machine;;cpu_state=user
kernel_cpu_time_ms;2026-03-25T00:42:16.298396245Z;0;cpu_core;81;local_machine;;cpu_state=nice
kernel_cpu_time_ms;2026-03-25T00:42:16.298396245Z;0;cpu_core;81;local_machine;;cpu_state=system
kernel_cpu_time_ms;2026-03-25T00:42:16.298396245Z;500;cpu_core;81;local_machine;;cpu_state=idle
kernel_cpu_time_ms;2026-03-25T00:42:16.298396245Z;0;cpu_core;81;local_machine;;cpu_state=irq
kernel_cpu_time_ms;2026-03-25T00:42:16.298396245Z;0;cpu_core;81;local_machine;;cpu_state=softirq
kernel_cpu_time_ms;2026-03-25T00:42:16.298396245Z;0;cpu_core;81;local_machine;;cpu_state=steal
kernel_cpu_time_ms;2026-03-25T00:42:16.298396245Z;0;cpu_core;81;local_machine;;cpu_state=guest
kernel_cpu_time_ms;2026-03-25T00:42:16.298396245Z;0;cpu_core;81;local_machine;;cpu_state=guest_nice
kernel_cpu_time_ms;2026-03-25T00:42:16.298396245Z;30;cpu_core;82;local_machine;;cpu_state=user
kernel_cpu_time_ms;2026-03-25T00:42:16.298396245Z;0;cpu_core;82;local_machine;;cpu_state=nice
kernel_cpu_time_ms;2026-03-25T00:42:16.298396245Z;0;cpu_core;82;local_machine;;cpu_state=system
kernel_cpu_time_ms;2026-03-25T00:42:16.298396245Z;480;cpu_core;82;local_machine;;cpu_state=idle
kernel_cpu_time_ms;2026-03-25T00:42:16.298396245Z;0;cpu_core;82;local_machine;;cpu_state=irq
kernel_cpu_time_ms;2026-03-25T00:42:16.298396245Z;0;cpu_core;82;local_machine;;cpu_state=softirq
kernel_cpu_time_ms;2026-03-25T00:42:16.298396245Z;0;cpu_core;82;local_machine;;cpu_state=steal
kernel_cpu_time_ms;2026-03-25T00:42:16.298396245Z;0;cpu_core;82;local_machine;;cpu_state=guest
kernel_cpu_time_ms;2026-03-25T00:42:16.298396245Z;0;cpu_core;82;local_machine;;cpu_state=guest_nice
kernel_cpu_time_ms;2026-03-25T00:42:16.298396245Z;0;cpu_core;83;local_machine;;cpu_state=user
kernel_cpu_time_ms;2026-03-25T00:42:16.298396245Z;0;cpu_core;83;local_machine;;cpu_state=nice
kernel_cpu_time_ms;2026-03-25T00:42:16.298396245Z;0;cpu_core;83;local_machine;;cpu_state=system
kernel_cpu_time_ms;2026-03-25T00:42:16.298396245Z;500;cpu_core;83;local_machine;;cpu_state=idle
kernel_cpu_time_ms;2026-03-25T00:42:16.298396245Z;0;cpu_core;83;local_machine;;cpu_state=irq
kernel_cpu_time_ms;2026-03-25T00:42:16.298396245Z;0;cpu_core;83;local_machine;;cpu_state=softirq
kernel_cpu_time_ms;2026-03-25T00:42:16.298396245Z;0;cpu_core;83;local_machine;;cpu_state=steal
kernel_cpu_time_ms;2026-03-25T00:42:16.298396245Z;0;cpu_core;83;local_machine;;cpu_state=guest
kernel_cpu_time_ms;2026-03-25T00:42:16.298396245Z;0;cpu_core;83;local_machine;;cpu_state=guest_nice
kernel_cpu_time_ms;2026-03-25T00:42:16.298396245Z;0;cpu_core;84;local_machine;;cpu_state=user
kernel_cpu_time_ms;2026-03-25T00:42:16.298396245Z;0;cpu_core;84;local_machine;;cpu_state=nice
kernel_cpu_time_ms;2026-03-25T00:42:16.298396245Z;0;cpu_core;84;local_machine;;cpu_state=system
kernel_cpu_time_ms;2026-03-25T00:42:16.298396245Z;500;cpu_core;84;local_machine;;cpu_state=idle
kernel_cpu_time_ms;2026-03-25T00:42:16.298396245Z;0;cpu_core;84;local_machine;;cpu_state=irq
kernel_cpu_time_ms;2026-03-25T00:42:16.298396245Z;0;cpu_core;84;local_machine;;cpu_state=softirq
kernel_cpu_time_ms;2026-03-25T00:42:16.298396245Z;0;cpu_core;84;local_machine;;cpu_state=steal
kernel_cpu_time_ms;2026-03-25T00:42:16.298396245Z;0;cpu_core;84;local_machine;;cpu_state=guest
kernel_cpu_time_ms;2026-03-25T00:42:16.298396245Z;0;cpu_core;84;local_machine;;cpu_state=guest_nice
kernel_cpu_time_ms;2026-03-25T00:42:16.298396245Z;0;cpu_core;85;local_machine;;cpu_state=user
kernel_cpu_time_ms;2026-03-25T00:42:16.298396245Z;0;cpu_core;85;local_machine;;cpu_state=nice
kernel_cpu_time_ms;2026-03-25T00:42:16.298396245Z;0;cpu_core;85;local_machine;;cpu_state=system
kernel_cpu_time_ms;2026-03-25T00:42:16.298396245Z;500;cpu_core;85;local_machine;;cpu_state=idle
kernel_cpu_time_ms;2026-03-25T00:42:16.298396245Z;0;cpu_core;85;local_machine;;cpu_state=irq
kernel_cpu_time_ms;2026-03-25T00:42:16.298396245Z;0;cpu_core;85;local_machine;;cpu_state=softirq
kernel_cpu_time_ms;2026-03-25T00:42:16.298396245Z;0;cpu_core;85;local_machine;;cpu_state=steal
kernel_cpu_time_ms;2026-03-25T00:42:16.298396245Z;0;cpu_core;85;local_machine;;cpu_state=guest
kernel_cpu_time_ms;2026-03-25T00:42:16.298396245Z;0;cpu_core;85;local_machine;;cpu_state=guest_nice
kernel_cpu_time_ms;2026-03-25T00:42:16.298396245Z;0;cpu_core;86;local_machine;;cpu_state=user
kernel_cpu_time_ms;2026-03-25T00:42:16.298396245Z;0;cpu_core;86;local_machine;;cpu_state=nice
kernel_cpu_time_ms;2026-03-25T00:42:16.298396245Z;0;cpu_core;86;local_machine;;cpu_state=system
kernel_cpu_time_ms;2026-03-25T00:42:16.298396245Z;500;cpu_core;86;local_machine;;cpu_state=idle
kernel_cpu_time_ms;2026-03-25T00:42:16.298396245Z;0;cpu_core;86;local_machine;;cpu_state=irq
kernel_cpu_time_ms;2026-03-25T00:42:16.298396245Z;0;cpu_core;86;local_machine;;cpu_state=softirq
kernel_cpu_time_ms;2026-03-25T00:42:16.298396245Z;0;cpu_core;86;local_machine;;cpu_state=steal
kernel_cpu_time_ms;2026-03-25T00:42:16.298396245Z;0;cpu_core;86;local_machine;;cpu_state=guest
kernel_cpu_time_ms;2026-03-25T00:42:16.298396245Z;0;cpu_core;86;local_machine;;cpu_state=guest_nice
kernel_cpu_time_ms;2026-03-25T00:42:16.298396245Z;0;cpu_core;87;local_machine;;cpu_state=user
kernel_cpu_time_ms;2026-03-25T00:42:16.298396245Z;0;cpu_core;87;local_machine;;cpu_state=nice
kernel_cpu_time_ms;2026-03-25T00:42:16.298396245Z;0;cpu_core;87;local_machine;;cpu_state=system
kernel_cpu_time_ms;2026-03-25T00:42:16.298396245Z;500;cpu_core;87;local_machine;;cpu_state=idle
kernel_cpu_time_ms;2026-03-25T00:42:16.298396245Z;0;cpu_core;87;local_machine;;cpu_state=irq
kernel_cpu_time_ms;2026-03-25T00:42:16.298396245Z;0;cpu_core;87;local_machine;;cpu_state=softirq
kernel_cpu_time_ms;2026-03-25T00:42:16.298396245Z;0;cpu_core;87;local_machine;;cpu_state=steal
kernel_cpu_time_ms;2026-03-25T00:42:16.298396245Z;0;cpu_core;87;local_machine;;cpu_state=guest
kernel_cpu_time_ms;2026-03-25T00:42:16.298396245Z;0;cpu_core;87;local_machine;;cpu_state=guest_nice
kernel_cpu_time_ms;2026-03-25T00:42:16.298396245Z;0;cpu_core;88;local_machine;;cpu_state=user
kernel_cpu_time_ms;2026-03-25T00:42:16.298396245Z;0;cpu_core;88;local_machine;;cpu_state=nice
kernel_cpu_time_ms;2026-03-25T00:42:16.298396245Z;0;cpu_core;88;local_machine;;cpu_state=system
kernel_cpu_time_ms;2026-03-25T00:42:16.298396245Z;500;cpu_core;88;local_machine;;cpu_state=idle
kernel_cpu_time_ms;2026-03-25T00:42:16.298396245Z;0;cpu_core;88;local_machine;;cpu_state=irq
kernel_cpu_time_ms;2026-03-25T00:42:16.298396245Z;0;cpu_core;88;local_machine;;cpu_state=softirq
kernel_cpu_time_ms;2026-03-25T00:42:16.298396245Z;0;cpu_core;88;local_machine;;cpu_state=steal
kernel_cpu_time_ms;2026-03-25T00:42:16.298396245Z;0;cpu_core;88;local_machine;;cpu_state=guest
kernel_cpu_time_ms;2026-03-25T00:42:16.298396245Z;0;cpu_core;88;local_machine;;cpu_state=guest_nice
kernel_cpu_time_ms;2026-03-25T00:42:16.298396245Z;0;cpu_core;89;local_machine;;cpu_state=user
kernel_cpu_time_ms;2026-03-25T00:42:16.298396245Z;0;cpu_core;89;local_machine;;cpu_state=nice
kernel_cpu_time_ms;2026-03-25T00:42:16.298396245Z;0;cpu_core;89;local_machine;;cpu_state=system
kernel_cpu_time_ms;2026-03-25T00:42:16.298396245Z;500;cpu_core;89;local_machine;;cpu_state=idle
kernel_cpu_time_ms;2026-03-25T00:42:16.298396245Z;0;cpu_core;89;local_machine;;cpu_state=irq
kernel_cpu_time_ms;2026-03-25T00:42:16.298396245Z;0;cpu_core;89;local_machine;;cpu_state=softirq
kernel_cpu_time_ms;2026-03-25T00:42:16.298396245Z;0;cpu_core;89;local_machine;;cpu_state=steal
kernel_cpu_time_ms;2026-03-25T00:42:16.298396245Z;0;cpu_core;89;local_machine;;cpu_state=guest
kernel_cpu_time_ms;2026-03-25T00:42:16.298396245Z;0;cpu_core;89;local_machine;;cpu_state=guest_nice
kernel_cpu_time_ms;2026-03-25T00:42:16.298396245Z;0;cpu_core;90;local_machine;;cpu_state=user
kernel_cpu_time_ms;2026-03-25T00:42:16.298396245Z;0;cpu_core;90;local_machine;;cpu_state=nice
kernel_cpu_time_ms;2026-03-25T00:42:16.298396245Z;0;cpu_core;90;local_machine;;cpu_state=system
kernel_cpu_time_ms;2026-03-25T00:42:16.298396245Z;500;cpu_core;90;local_machine;;cpu_state=idle
kernel_cpu_time_ms;2026-03-25T00:42:16.298396245Z;0;cpu_core;90;local_machine;;cpu_state=irq
kernel_cpu_time_ms;2026-03-25T00:42:16.298396245Z;0;cpu_core;90;local_machine;;cpu_state=softirq
kernel_cpu_time_ms;2026-03-25T00:42:16.298396245Z;0;cpu_core;90;local_machine;;cpu_state=steal
kernel_cpu_time_ms;2026-03-25T00:42:16.298396245Z;0;cpu_core;90;local_machine;;cpu_state=guest
kernel_cpu_time_ms;2026-03-25T00:42:16.298396245Z;0;cpu_core;90;local_machine;;cpu_state=guest_nice
kernel_cpu_time_ms;2026-03-25T00:42:16.298396245Z;0;cpu_core;91;local_machine;;cpu_state=user
kernel_cpu_time_ms;2026-03-25T00:42:16.298396245Z;0;cpu_core;91;local_machine;;cpu_state=nice
kernel_cpu_time_ms;2026-03-25T00:42:16.298396245Z;0;cpu_core;91;local_machine;;cpu_state=system
kernel_cpu_time_ms;2026-03-25T00:42:16.298396245Z;500;cpu_core;91;local_machine;;cpu_state=idle
kernel_cpu_time_ms;2026-03-25T00:42:16.298396245Z;0;cpu_core;91;local_machine;;cpu_state=irq
kernel_cpu_time_ms;2026-03-25T00:42:16.298396245Z;0;cpu_core;91;local_machine;;cpu_state=softirq
kernel_cpu_time_ms;2026-03-25T00:42:16.298396245Z;0;cpu_core;91;local_machine;;cpu_state=steal
kernel_cpu_time_ms;2026-03-25T00:42:16.298396245Z;0;cpu_core;91;local_machine;;cpu_state=guest
kernel_cpu_time_ms;2026-03-25T00:42:16.298396245Z;0;cpu_core;91;local_machine;;cpu_state=guest_nice
kernel_cpu_time_ms;2026-03-25T00:42:16.298396245Z;0;cpu_core;92;local_machine;;cpu_state=user
kernel_cpu_time_ms;2026-03-25T00:42:16.298396245Z;0;cpu_core;92;local_machine;;cpu_state=nice
kernel_cpu_time_ms;2026-03-25T00:42:16.298396245Z;0;cpu_core;92;local_machine;;cpu_state=system
kernel_cpu_time_ms;2026-03-25T00:42:16.298396245Z;500;cpu_core;92;local_machine;;cpu_state=idle
kernel_cpu_time_ms;2026-03-25T00:42:16.298396245Z;0;cpu_core;92;local_machine;;cpu_state=irq
kernel_cpu_time_ms;2026-03-25T00:42:16.298396245Z;0;cpu_core;92;local_machine;;cpu_state=softirq
kernel_cpu_time_ms;2026-03-25T00:42:16.298396245Z;0;cpu_core;92;local_machine;;cpu_state=steal
kernel_cpu_time_ms;2026-03-25T00:42:16.298396245Z;0;cpu_core;92;local_machine;;cpu_state=guest
kernel_cpu_time_ms;2026-03-25T00:42:16.298396245Z;0;cpu_core;92;local_machine;;cpu_state=guest_nice
kernel_cpu_time_ms;2026-03-25T00:42:16.298396245Z;0;cpu_core;93;local_machine;;cpu_state=user
kernel_cpu_time_ms;2026-03-25T00:42:16.298396245Z;0;cpu_core;93;local_machine;;cpu_state=nice
kernel_cpu_time_ms;2026-03-25T00:42:16.298396245Z;0;cpu_core;93;local_machine;;cpu_state=system
kernel_cpu_time_ms;2026-03-25T00:42:16.298396245Z;500;cpu_core;93;local_machine;;cpu_state=idle
kernel_cpu_time_ms;2026-03-25T00:42:16.298396245Z;0;cpu_core;93;local_machine;;cpu_state=irq
kernel_cpu_time_ms;2026-03-25T00:42:16.298396245Z;0;cpu_core;93;local_machine;;cpu_state=softirq
kernel_cpu_time_ms;2026-03-25T00:42:16.298396245Z;0;cpu_core;93;local_machine;;cpu_state=steal
kernel_cpu_time_ms;2026-03-25T00:42:16.298396245Z;0;cpu_core;93;local_machine;;cpu_state=guest
kernel_cpu_time_ms;2026-03-25T00:42:16.298396245Z;0;cpu_core;93;local_machine;;cpu_state=guest_nice
kernel_cpu_time_ms;2026-03-25T00:42:16.298396245Z;0;cpu_core;94;local_machine;;cpu_state=user
kernel_cpu_time_ms;2026-03-25T00:42:16.298396245Z;0;cpu_core;94;local_machine;;cpu_state=nice
kernel_cpu_time_ms;2026-03-25T00:42:16.298396245Z;0;cpu_core;94;local_machine;;cpu_state=system
kernel_cpu_time_ms;2026-03-25T00:42:16.298396245Z;490;cpu_core;94;local_machine;;cpu_state=idle
kernel_cpu_time_ms;2026-03-25T00:42:16.298396245Z;0;cpu_core;94;local_machine;;cpu_state=irq
kernel_cpu_time_ms;2026-03-25T00:42:16.298396245Z;0;cpu_core;94;local_machine;;cpu_state=softirq
kernel_cpu_time_ms;2026-03-25T00:42:16.298396245Z;0;cpu_core;94;local_machine;;cpu_state=steal
kernel_cpu_time_ms;2026-03-25T00:42:16.298396245Z;0;cpu_core;94;local_machine;;cpu_state=guest
kernel_cpu_time_ms;2026-03-25T00:42:16.298396245Z;0;cpu_core;94;local_machine;;cpu_state=guest_nice
kernel_cpu_time_ms;2026-03-25T00:42:16.298396245Z;0;cpu_core;95;local_machine;;cpu_state=user
kernel_cpu_time_ms;2026-03-25T00:42:16.298396245Z;0;cpu_core;95;local_machine;;cpu_state=nice
kernel_cpu_time_ms;2026-03-25T00:42:16.298396245Z;0;cpu_core;95;local_machine;;cpu_state=system
kernel_cpu_time_ms;2026-03-25T00:42:16.298396245Z;500;cpu_core;95;local_machine;;cpu_state=idle
kernel_cpu_time_ms;2026-03-25T00:42:16.298396245Z;0;cpu_core;95;local_machine;;cpu_state=irq
kernel_cpu_time_ms;2026-03-25T00:42:16.298396245Z;0;cpu_core;95;local_machine;;cpu_state=softirq
kernel_cpu_time_ms;2026-03-25T00:42:16.298396245Z;0;cpu_core;95;local_machine;;cpu_state=steal
kernel_cpu_time_ms;2026-03-25T00:42:16.298396245Z;0;cpu_core;95;local_machine;;cpu_state=guest
kernel_cpu_time_ms;2026-03-25T00:42:16.298396245Z;0;cpu_core;95;local_machine;;cpu_state=guest_nice
kernel_context_switches;2026-03-25T00:42:16.298396245Z;780;local_machine;;local_machine;;
kernel_new_forks;2026-03-25T00:42:16.298396245Z;1;local_machine;;local_machine;;
kernel_n_procs_running;2026-03-25T00:42:16.298396245Z;9;local_machine;;local_machine;;
kernel_n_procs_blocked;2026-03-25T00:42:16.298396245Z;0;local_machine;;local_machine;;
perf_hardware_CPU_CYCLES;2026-03-25T00:42:15.823789928Z;3223526088;local_machine;;process;900625;
perf_hardware_INSTRUCTIONS;2026-03-25T00:42:15.823789928Z;6456817809;local_machine;;process;900625;
perf_hardware_CACHE_REFERENCES;2026-03-25T00:42:15.823789928Z;18897594;local_machine;;process;900625;
perf_hardware_CACHE_MISSES;2026-03-25T00:42:15.823789928Z;2219040;local_machine;;process;900625;
perf_hardware_BRANCH_INSTRUCTIONS;2026-03-25T00:42:15.823789928Z;1357134142;local_machine;;process;900625;
perf_hardware_BRANCH_MISSES;2026-03-25T00:42:15.823789928Z;26357933;local_machine;;process;900625;
perf_hardware_BUS_CYCLES;2026-03-25T00:42:15.823789928Z;3254362460;local_machine;;process;900625;
perf_hardware_REF_CPU_CYCLES;2026-03-25T00:42:15.823789928Z;3254357216;local_machine;;process;900625;
perf_software_PAGE_FAULTS;2026-03-25T00:42:15.823789928Z;65247;local_machine;;process;900625;
perf_software_CONTEXT_SWITCHES;2026-03-25T00:42:15.823789928Z;0;local_machine;;process;900625;
perf_software_CPU_MIGRATIONS;2026-03-25T00:42:15.823789928Z;0;local_machine;;process;900625;
perf_software_PAGE_FAULTS_MIN;2026-03-25T00:42:15.823789928Z;65247;local_machine;;process;900625;
perf_software_PAGE_FAULTS_MAJ;2026-03-25T00:42:15.823789928Z;0;local_machine;;process;900625;
perf_software_ALIGNMENT_FAULTS;2026-03-25T00:42:15.823789928Z;0;local_machine;;process;900625;
perf_software_EMULATION_FAULTS;2026-03-25T00:42:15.823789928Z;0;local_machine;;process;900625;
perf_software_CGROUP_SWITCHES;2026-03-25T00:42:15.823789928Z;0;local_machine;;process;900625;
perf_hardware_CPU_CYCLES;2026-03-25T00:42:16.323872241Z;4091419533;local_machine;;process;900625;
perf_hardware_INSTRUCTIONS;2026-03-25T00:42:16.323872241Z;8196017679;local_machine;;process;900625;
perf_hardware_CACHE_REFERENCES;2026-03-25T00:42:16.323872241Z;25707253;local_machine;;process;900625;
perf_hardware_CACHE_MISSES;2026-03-25T00:42:16.323872241Z;2520810;local_machine;;process;900625;
perf_hardware_BRANCH_INSTRUCTIONS;2026-03-25T00:42:16.323872241Z;1696461938;local_machine;;process;900625;
perf_hardware_BRANCH_MISSES;2026-03-25T00:42:16.323872241Z;34252355;local_machine;;process;900625;
perf_hardware_BUS_CYCLES;2026-03-25T00:42:16.323872241Z;4124817056;local_machine;;process;900625;
perf_hardware_REF_CPU_CYCLES;2026-03-25T00:42:16.323872241Z;4124811260;local_machine;;process;900625;
perf_software_PAGE_FAULTS;2026-03-25T00:42:16.323872241Z;75951;local_machine;;process;900625;
perf_software_CONTEXT_SWITCHES;2026-03-25T00:42:16.323872241Z;0;local_machine;;process;900625;
perf_software_CPU_MIGRATIONS;2026-03-25T00:42:16.323872241Z;0;local_machine;;process;900625;
perf_software_PAGE_FAULTS_MIN;2026-03-25T00:42:16.323872241Z;75951;local_machine;;process;900625;
perf_software_PAGE_FAULTS_MAJ;2026-03-25T00:42:16.323872241Z;0;local_machine;;process;900625;
perf_software_ALIGNMENT_FAULTS;2026-03-25T00:42:16.323872241Z;0;local_machine;;process;900625;
perf_software_EMULATION_FAULTS;2026-03-25T00:42:16.323872241Z;0;local_machine;;process;900625;
perf_software_CGROUP_SWITCHES;2026-03-25T00:42:16.323872241Z;0;local_machine;;process;900625;
mem_total_kB;2026-03-25T00:42:16.798263512Z;1081669578752;local_machine;;local_machine;;
mem_free_kB;2026-03-25T00:42:16.798263512Z;1026453176320;local_machine;;local_machine;;
mem_available_kB;2026-03-25T00:42:16.798263512Z;1062927187968;local_machine;;local_machine;;
cached_kB;2026-03-25T00:42:16.798263512Z;33541148672;local_machine;;local_machine;;
swap_cached_kB;2026-03-25T00:42:16.798263512Z;0;local_machine;;local_machine;;
active_kB;2026-03-25T00:42:16.798263512Z;8020402176;local_machine;;local_machine;;
inactive_kB;2026-03-25T00:42:16.798263512Z;34537750528;local_machine;;local_machine;;
mapped_kB;2026-03-25T00:42:16.798263512Z;823013376;local_machine;;local_machine;;
rapl_consumed_energy_J;2026-03-25T00:42:16.29829945Z;9.8953857421875;dram;0;local_machine;;domain=dram
rapl_consumed_energy_J;2026-03-25T00:42:16.29829945Z;10.1507568359375;dram;1;local_machine;;domain=dram
rapl_consumed_energy_J;2026-03-25T00:42:16.29829945Z;316;local_machine;;local_machine;;domain=platform
rapl_consumed_energy_J;2026-03-25T00:42:16.29829945Z;0;local_machine;;local_machine;;domain=platform
rapl_consumed_energy_J;2026-03-25T00:42:16.29829945Z;80.13104248046875;cpu_package;0;local_machine;;domain=package
rapl_consumed_energy_J;2026-03-25T00:42:16.29829945Z;75.71533203125;cpu_package;1;local_machine;;domain=package
rapl_consumed_energy_J;2026-03-25T00:42:16.29829945Z;155.84637451171875;local_machine;;local_machine;;domain=package_total
rapl_consumed_energy_J;2026-03-25T00:42:16.29829945Z;20.046142578125;local_machine;;local_machine;;domain=dram_total
rapl_consumed_energy_J;2026-03-25T00:42:16.29829945Z;316;local_machine;;local_machine;;domain=platform_total
rapl_consumed_energy_J;2026-03-25T00:42:16.798358196Z;9.8662109375;dram;0;local_machine;;domain=dram
rapl_consumed_energy_J;2026-03-25T00:42:16.798358196Z;10.50238037109375;dram;1;local_machine;;domain=dram
rapl_consumed_energy_J;2026-03-25T00:42:16.798358196Z;317;local_machine;;local_machine;;domain=platform
rapl_consumed_energy_J;2026-03-25T00:42:16.798358196Z;0;local_machine;;local_machine;;domain=platform
rapl_consumed_energy_J;2026-03-25T00:42:16.798358196Z;80.05963134765625;cpu_package;0;local_machine;;domain=package
rapl_consumed_energy_J;2026-03-25T00:42:16.798358196Z;75.66888427734375;cpu_package;1;local_machine;;domain=package
rapl_consumed_energy_J;2026-03-25T00:42:16.798358196Z;155.728515625;local_machine;;local_machine;;domain=package_total
rapl_consumed_energy_J;2026-03-25T00:42:16.798358196Z;20.36859130859375;local_machine;;local_machine;;domain=dram_total
rapl_consumed_energy_J;2026-03-25T00:42:16.798358196Z;317;local_machine;;local_machine;;domain=platform_total
kernel_cpu_time_ms;2026-03-25T00:42:16.798412249Z;850;local_machine;;local_machine;;cpu_state=user
kernel_cpu_time_ms;2026-03-25T00:42:16.798412249Z;0;local_machine;;local_machine;;cpu_state=nice
kernel_cpu_time_ms;2026-03-25T00:42:16.798412249Z;250;local_machine;;local_machine;;cpu_state=system
kernel_cpu_time_ms;2026-03-25T00:42:16.798412249Z;46890;local_machine;;local_machine;;cpu_state=idle
kernel_cpu_time_ms;2026-03-25T00:42:16.798412249Z;0;local_machine;;local_machine;;cpu_state=irq
kernel_cpu_time_ms;2026-03-25T00:42:16.798412249Z;0;local_machine;;local_machine;;cpu_state=softirq
kernel_cpu_time_ms;2026-03-25T00:42:16.798412249Z;0;local_machine;;local_machine;;cpu_state=steal
kernel_cpu_time_ms;2026-03-25T00:42:16.798412249Z;0;local_machine;;local_machine;;cpu_state=guest
kernel_cpu_time_ms;2026-03-25T00:42:16.798412249Z;0;local_machine;;local_machine;;cpu_state=guest_nice
kernel_cpu_time_ms;2026-03-25T00:42:16.798412249Z;10;cpu_core;0;local_machine;;cpu_state=user
kernel_cpu_time_ms;2026-03-25T00:42:16.798412249Z;0;cpu_core;0;local_machine;;cpu_state=nice
kernel_cpu_time_ms;2026-03-25T00:42:16.798412249Z;20;cpu_core;0;local_machine;;cpu_state=system
kernel_cpu_time_ms;2026-03-25T00:42:16.798412249Z;470;cpu_core;0;local_machine;;cpu_state=idle
kernel_cpu_time_ms;2026-03-25T00:42:16.798412249Z;0;cpu_core;0;local_machine;;cpu_state=irq
kernel_cpu_time_ms;2026-03-25T00:42:16.798412249Z;0;cpu_core;0;local_machine;;cpu_state=softirq
kernel_cpu_time_ms;2026-03-25T00:42:16.798412249Z;0;cpu_core;0;local_machine;;cpu_state=steal
kernel_cpu_time_ms;2026-03-25T00:42:16.798412249Z;0;cpu_core;0;local_machine;;cpu_state=guest
kernel_cpu_time_ms;2026-03-25T00:42:16.798412249Z;0;cpu_core;0;local_machine;;cpu_state=guest_nice
kernel_cpu_time_ms;2026-03-25T00:42:16.798412249Z;0;cpu_core;1;local_machine;;cpu_state=user
kernel_cpu_time_ms;2026-03-25T00:42:16.798412249Z;0;cpu_core;1;local_machine;;cpu_state=nice
kernel_cpu_time_ms;2026-03-25T00:42:16.798412249Z;0;cpu_core;1;local_machine;;cpu_state=system
kernel_cpu_time_ms;2026-03-25T00:42:16.798412249Z;500;cpu_core;1;local_machine;;cpu_state=idle
kernel_cpu_time_ms;2026-03-25T00:42:16.798412249Z;0;cpu_core;1;local_machine;;cpu_state=irq
kernel_cpu_time_ms;2026-03-25T00:42:16.798412249Z;0;cpu_core;1;local_machine;;cpu_state=softirq
kernel_cpu_time_ms;2026-03-25T00:42:16.798412249Z;0;cpu_core;1;local_machine;;cpu_state=steal
kernel_cpu_time_ms;2026-03-25T00:42:16.798412249Z;0;cpu_core;1;local_machine;;cpu_state=guest
kernel_cpu_time_ms;2026-03-25T00:42:16.798412249Z;0;cpu_core;1;local_machine;;cpu_state=guest_nice
kernel_cpu_time_ms;2026-03-25T00:42:16.798412249Z;0;cpu_core;2;local_machine;;cpu_state=user
kernel_cpu_time_ms;2026-03-25T00:42:16.798412249Z;0;cpu_core;2;local_machine;;cpu_state=nice
kernel_cpu_time_ms;2026-03-25T00:42:16.798412249Z;0;cpu_core;2;local_machine;;cpu_state=system
kernel_cpu_time_ms;2026-03-25T00:42:16.798412249Z;500;cpu_core;2;local_machine;;cpu_state=idle
kernel_cpu_time_ms;2026-03-25T00:42:16.798412249Z;0;cpu_core;2;local_machine;;cpu_state=irq
kernel_cpu_time_ms;2026-03-25T00:42:16.798412249Z;0;cpu_core;2;local_machine;;cpu_state=softirq
kernel_cpu_time_ms;2026-03-25T00:42:16.798412249Z;0;cpu_core;2;local_machine;;cpu_state=steal
kernel_cpu_time_ms;2026-03-25T00:42:16.798412249Z;0;cpu_core;2;local_machine;;cpu_state=guest
kernel_cpu_time_ms;2026-03-25T00:42:16.798412249Z;0;cpu_core;2;local_machine;;cpu_state=guest_nice
kernel_cpu_time_ms;2026-03-25T00:42:16.798412249Z;0;cpu_core;3;local_machine;;cpu_state=user
kernel_cpu_time_ms;2026-03-25T00:42:16.798412249Z;0;cpu_core;3;local_machine;;cpu_state=nice
kernel_cpu_time_ms;2026-03-25T00:42:16.798412249Z;0;cpu_core;3;local_machine;;cpu_state=system
kernel_cpu_time_ms;2026-03-25T00:42:16.798412249Z;500;cpu_core;3;local_machine;;cpu_state=idle
kernel_cpu_time_ms;2026-03-25T00:42:16.798412249Z;0;cpu_core;3;local_machine;;cpu_state=irq
kernel_cpu_time_ms;2026-03-25T00:42:16.798412249Z;0;cpu_core;3;local_machine;;cpu_state=softirq
kernel_cpu_time_ms;2026-03-25T00:42:16.798412249Z;0;cpu_core;3;local_machine;;cpu_state=steal
kernel_cpu_time_ms;2026-03-25T00:42:16.798412249Z;0;cpu_core;3;local_machine;;cpu_state=guest
kernel_cpu_time_ms;2026-03-25T00:42:16.798412249Z;0;cpu_core;3;local_machine;;cpu_state=guest_nice
kernel_cpu_time_ms;2026-03-25T00:42:16.798412249Z;0;cpu_core;4;local_machine;;cpu_state=user
kernel_cpu_time_ms;2026-03-25T00:42:16.798412249Z;0;cpu_core;4;local_machine;;cpu_state=nice
kernel_cpu_time_ms;2026-03-25T00:42:16.798412249Z;0;cpu_core;4;local_machine;;cpu_state=system
kernel_cpu_time_ms;2026-03-25T00:42:16.798412249Z;500;cpu_core;4;local_machine;;cpu_state=idle
kernel_cpu_time_ms;2026-03-25T00:42:16.798412249Z;0;cpu_core;4;local_machine;;cpu_state=irq
kernel_cpu_time_ms;2026-03-25T00:42:16.798412249Z;0;cpu_core;4;local_machine;;cpu_state=softirq
kernel_cpu_time_ms;2026-03-25T00:42:16.798412249Z;0;cpu_core;4;local_machine;;cpu_state=steal
kernel_cpu_time_ms;2026-03-25T00:42:16.798412249Z;0;cpu_core;4;local_machine;;cpu_state=guest
kernel_cpu_time_ms;2026-03-25T00:42:16.798412249Z;0;cpu_core;4;local_machine;;cpu_state=guest_nice
kernel_cpu_time_ms;2026-03-25T00:42:16.798412249Z;0;cpu_core;5;local_machine;;cpu_state=user
kernel_cpu_time_ms;2026-03-25T00:42:16.798412249Z;0;cpu_core;5;local_machine;;cpu_state=nice
kernel_cpu_time_ms;2026-03-25T00:42:16.798412249Z;0;cpu_core;5;local_machine;;cpu_state=system
kernel_cpu_time_ms;2026-03-25T00:42:16.798412249Z;500;cpu_core;5;local_machine;;cpu_state=idle
kernel_cpu_time_ms;2026-03-25T00:42:16.798412249Z;0;cpu_core;5;local_machine;;cpu_state=irq
kernel_cpu_time_ms;2026-03-25T00:42:16.798412249Z;0;cpu_core;5;local_machine;;cpu_state=softirq
kernel_cpu_time_ms;2026-03-25T00:42:16.798412249Z;0;cpu_core;5;local_machine;;cpu_state=steal
kernel_cpu_time_ms;2026-03-25T00:42:16.798412249Z;0;cpu_core;5;local_machine;;cpu_state=guest
kernel_cpu_time_ms;2026-03-25T00:42:16.798412249Z;0;cpu_core;5;local_machine;;cpu_state=guest_nice
kernel_cpu_time_ms;2026-03-25T00:42:16.798412249Z;0;cpu_core;6;local_machine;;cpu_state=user
kernel_cpu_time_ms;2026-03-25T00:42:16.798412249Z;0;cpu_core;6;local_machine;;cpu_state=nice
kernel_cpu_time_ms;2026-03-25T00:42:16.798412249Z;0;cpu_core;6;local_machine;;cpu_state=system
kernel_cpu_time_ms;2026-03-25T00:42:16.798412249Z;500;cpu_core;6;local_machine;;cpu_state=idle
kernel_cpu_time_ms;2026-03-25T00:42:16.798412249Z;0;cpu_core;6;local_machine;;cpu_state=irq
kernel_cpu_time_ms;2026-03-25T00:42:16.798412249Z;0;cpu_core;6;local_machine;;cpu_state=softirq
kernel_cpu_time_ms;2026-03-25T00:42:16.798412249Z;0;cpu_core;6;local_machine;;cpu_state=steal
kernel_cpu_time_ms;2026-03-25T00:42:16.798412249Z;0;cpu_core;6;local_machine;;cpu_state=guest
kernel_cpu_time_ms;2026-03-25T00:42:16.798412249Z;0;cpu_core;6;local_machine;;cpu_state=guest_nice
kernel_cpu_time_ms;2026-03-25T00:42:16.798412249Z;0;cpu_core;7;local_machine;;cpu_state=user
kernel_cpu_time_ms;2026-03-25T00:42:16.798412249Z;0;cpu_core;7;local_machine;;cpu_state=nice
kernel_cpu_time_ms;2026-03-25T00:42:16.798412249Z;0;cpu_core;7;local_machine;;cpu_state=system
kernel_cpu_time_ms;2026-03-25T00:42:16.798412249Z;500;cpu_core;7;local_machine;;cpu_state=idle
kernel_cpu_time_ms;2026-03-25T00:42:16.798412249Z;0;cpu_core;7;local_machine;;cpu_state=irq
kernel_cpu_time_ms;2026-03-25T00:42:16.798412249Z;0;cpu_core;7;local_machine;;cpu_state=softirq
kernel_cpu_time_ms;2026-03-25T00:42:16.798412249Z;0;cpu_core;7;local_machine;;cpu_state=steal
kernel_cpu_time_ms;2026-03-25T00:42:16.798412249Z;0;cpu_core;7;local_machine;;cpu_state=guest
kernel_cpu_time_ms;2026-03-25T00:42:16.798412249Z;0;cpu_core;7;local_machine;;cpu_state=guest_nice
kernel_cpu_time_ms;2026-03-25T00:42:16.798412249Z;0;cpu_core;8;local_machine;;cpu_state=user
kernel_cpu_time_ms;2026-03-25T00:42:16.798412249Z;0;cpu_core;8;local_machine;;cpu_state=nice
kernel_cpu_time_ms;2026-03-25T00:42:16.798412249Z;0;cpu_core;8;local_machine;;cpu_state=system
kernel_cpu_time_ms;2026-03-25T00:42:16.798412249Z;500;cpu_core;8;local_machine;;cpu_state=idle
kernel_cpu_time_ms;2026-03-25T00:42:16.798412249Z;0;cpu_core;8;local_machine;;cpu_state=irq
kernel_cpu_time_ms;2026-03-25T00:42:16.798412249Z;0;cpu_core;8;local_machine;;cpu_state=softirq
kernel_cpu_time_ms;2026-03-25T00:42:16.798412249Z;0;cpu_core;8;local_machine;;cpu_state=steal
kernel_cpu_time_ms;2026-03-25T00:42:16.798412249Z;0;cpu_core;8;local_machine;;cpu_state=guest
kernel_cpu_time_ms;2026-03-25T00:42:16.798412249Z;0;cpu_core;8;local_machine;;cpu_state=guest_nice
kernel_cpu_time_ms;2026-03-25T00:42:16.798412249Z;0;cpu_core;9;local_machine;;cpu_state=user
kernel_cpu_time_ms;2026-03-25T00:42:16.798412249Z;0;cpu_core;9;local_machine;;cpu_state=nice
kernel_cpu_time_ms;2026-03-25T00:42:16.798412249Z;0;cpu_core;9;local_machine;;cpu_state=system
kernel_cpu_time_ms;2026-03-25T00:42:16.798412249Z;500;cpu_core;9;local_machine;;cpu_state=idle
kernel_cpu_time_ms;2026-03-25T00:42:16.798412249Z;0;cpu_core;9;local_machine;;cpu_state=irq
kernel_cpu_time_ms;2026-03-25T00:42:16.798412249Z;0;cpu_core;9;local_machine;;cpu_state=softirq
kernel_cpu_time_ms;2026-03-25T00:42:16.798412249Z;0;cpu_core;9;local_machine;;cpu_state=steal
kernel_cpu_time_ms;2026-03-25T00:42:16.798412249Z;0;cpu_core;9;local_machine;;cpu_state=guest
kernel_cpu_time_ms;2026-03-25T00:42:16.798412249Z;0;cpu_core;9;local_machine;;cpu_state=guest_nice
kernel_cpu_time_ms;2026-03-25T00:42:16.798412249Z;0;cpu_core;10;local_machine;;cpu_state=user
kernel_cpu_time_ms;2026-03-25T00:42:16.798412249Z;0;cpu_core;10;local_machine;;cpu_state=nice
kernel_cpu_time_ms;2026-03-25T00:42:16.798412249Z;0;cpu_core;10;local_machine;;cpu_state=system
kernel_cpu_time_ms;2026-03-25T00:42:16.798412249Z;500;cpu_core;10;local_machine;;cpu_state=idle
kernel_cpu_time_ms;2026-03-25T00:42:16.798412249Z;0;cpu_core;10;local_machine;;cpu_state=irq
kernel_cpu_time_ms;2026-03-25T00:42:16.798412249Z;0;cpu_core;10;local_machine;;cpu_state=softirq
kernel_cpu_time_ms;2026-03-25T00:42:16.798412249Z;0;cpu_core;10;local_machine;;cpu_state=steal
kernel_cpu_time_ms;2026-03-25T00:42:16.798412249Z;0;cpu_core;10;local_machine;;cpu_state=guest
kernel_cpu_time_ms;2026-03-25T00:42:16.798412249Z;0;cpu_core;10;local_machine;;cpu_state=guest_nice
kernel_cpu_time_ms;2026-03-25T00:42:16.798412249Z;0;cpu_core;11;local_machine;;cpu_state=user
kernel_cpu_time_ms;2026-03-25T00:42:16.798412249Z;0;cpu_core;11;local_machine;;cpu_state=nice
kernel_cpu_time_ms;2026-03-25T00:42:16.798412249Z;0;cpu_core;11;local_machine;;cpu_state=system
kernel_cpu_time_ms;2026-03-25T00:42:16.798412249Z;500;cpu_core;11;local_machine;;cpu_state=idle
kernel_cpu_time_ms;2026-03-25T00:42:16.798412249Z;0;cpu_core;11;local_machine;;cpu_state=irq
kernel_cpu_time_ms;2026-03-25T00:42:16.798412249Z;0;cpu_core;11;local_machine;;cpu_state=softirq
kernel_cpu_time_ms;2026-03-25T00:42:16.798412249Z;0;cpu_core;11;local_machine;;cpu_state=steal
kernel_cpu_time_ms;2026-03-25T00:42:16.798412249Z;0;cpu_core;11;local_machine;;cpu_state=guest
kernel_cpu_time_ms;2026-03-25T00:42:16.798412249Z;0;cpu_core;11;local_machine;;cpu_state=guest_nice
kernel_cpu_time_ms;2026-03-25T00:42:16.798412249Z;0;cpu_core;12;local_machine;;cpu_state=user
kernel_cpu_time_ms;2026-03-25T00:42:16.798412249Z;0;cpu_core;12;local_machine;;cpu_state=nice
kernel_cpu_time_ms;2026-03-25T00:42:16.798412249Z;0;cpu_core;12;local_machine;;cpu_state=system
kernel_cpu_time_ms;2026-03-25T00:42:16.798412249Z;500;cpu_core;12;local_machine;;cpu_state=idle
kernel_cpu_time_ms;2026-03-25T00:42:16.798412249Z;0;cpu_core;12;local_machine;;cpu_state=irq
kernel_cpu_time_ms;2026-03-25T00:42:16.798412249Z;0;cpu_core;12;local_machine;;cpu_state=softirq
kernel_cpu_time_ms;2026-03-25T00:42:16.798412249Z;0;cpu_core;12;local_machine;;cpu_state=steal
kernel_cpu_time_ms;2026-03-25T00:42:16.798412249Z;0;cpu_core;12;local_machine;;cpu_state=guest
kernel_cpu_time_ms;2026-03-25T00:42:16.798412249Z;0;cpu_core;12;local_machine;;cpu_state=guest_nice
kernel_cpu_time_ms;2026-03-25T00:42:16.798412249Z;0;cpu_core;13;local_machine;;cpu_state=user
kernel_cpu_time_ms;2026-03-25T00:42:16.798412249Z;0;cpu_core;13;local_machine;;cpu_state=nice
kernel_cpu_time_ms;2026-03-25T00:42:16.798412249Z;0;cpu_core;13;local_machine;;cpu_state=system
kernel_cpu_time_ms;2026-03-25T00:42:16.798412249Z;500;cpu_core;13;local_machine;;cpu_state=idle
kernel_cpu_time_ms;2026-03-25T00:42:16.798412249Z;0;cpu_core;13;local_machine;;cpu_state=irq
kernel_cpu_time_ms;2026-03-25T00:42:16.798412249Z;0;cpu_core;13;local_machine;;cpu_state=softirq
kernel_cpu_time_ms;2026-03-25T00:42:16.798412249Z;0;cpu_core;13;local_machine;;cpu_state=steal
kernel_cpu_time_ms;2026-03-25T00:42:16.798412249Z;0;cpu_core;13;local_machine;;cpu_state=guest
kernel_cpu_time_ms;2026-03-25T00:42:16.798412249Z;0;cpu_core;13;local_machine;;cpu_state=guest_nice
kernel_cpu_time_ms;2026-03-25T00:42:16.798412249Z;0;cpu_core;14;local_machine;;cpu_state=user
kernel_cpu_time_ms;2026-03-25T00:42:16.798412249Z;0;cpu_core;14;local_machine;;cpu_state=nice
kernel_cpu_time_ms;2026-03-25T00:42:16.798412249Z;0;cpu_core;14;local_machine;;cpu_state=system
kernel_cpu_time_ms;2026-03-25T00:42:16.798412249Z;500;cpu_core;14;local_machine;;cpu_state=idle
kernel_cpu_time_ms;2026-03-25T00:42:16.798412249Z;0;cpu_core;14;local_machine;;cpu_state=irq
kernel_cpu_time_ms;2026-03-25T00:42:16.798412249Z;0;cpu_core;14;local_machine;;cpu_state=softirq
kernel_cpu_time_ms;2026-03-25T00:42:16.798412249Z;0;cpu_core;14;local_machine;;cpu_state=steal
kernel_cpu_time_ms;2026-03-25T00:42:16.798412249Z;0;cpu_core;14;local_machine;;cpu_state=guest
kernel_cpu_time_ms;2026-03-25T00:42:16.798412249Z;0;cpu_core;14;local_machine;;cpu_state=guest_nice
kernel_cpu_time_ms;2026-03-25T00:42:16.798412249Z;0;cpu_core;15;local_machine;;cpu_state=user
kernel_cpu_time_ms;2026-03-25T00:42:16.798412249Z;0;cpu_core;15;local_machine;;cpu_state=nice
kernel_cpu_time_ms;2026-03-25T00:42:16.798412249Z;0;cpu_core;15;local_machine;;cpu_state=system
kernel_cpu_time_ms;2026-03-25T00:42:16.798412249Z;500;cpu_core;15;local_machine;;cpu_state=idle
kernel_cpu_time_ms;2026-03-25T00:42:16.798412249Z;0;cpu_core;15;local_machine;;cpu_state=irq
kernel_cpu_time_ms;2026-03-25T00:42:16.798412249Z;0;cpu_core;15;local_machine;;cpu_state=softirq
kernel_cpu_time_ms;2026-03-25T00:42:16.798412249Z;0;cpu_core;15;local_machine;;cpu_state=steal
kernel_cpu_time_ms;2026-03-25T00:42:16.798412249Z;0;cpu_core;15;local_machine;;cpu_state=guest
kernel_cpu_time_ms;2026-03-25T00:42:16.798412249Z;0;cpu_core;15;local_machine;;cpu_state=guest_nice
kernel_cpu_time_ms;2026-03-25T00:42:16.798412249Z;0;cpu_core;16;local_machine;;cpu_state=user
kernel_cpu_time_ms;2026-03-25T00:42:16.798412249Z;0;cpu_core;16;local_machine;;cpu_state=nice
kernel_cpu_time_ms;2026-03-25T00:42:16.798412249Z;0;cpu_core;16;local_machine;;cpu_state=system
kernel_cpu_time_ms;2026-03-25T00:42:16.798412249Z;500;cpu_core;16;local_machine;;cpu_state=idle
kernel_cpu_time_ms;2026-03-25T00:42:16.798412249Z;0;cpu_core;16;local_machine;;cpu_state=irq
kernel_cpu_time_ms;2026-03-25T00:42:16.798412249Z;0;cpu_core;16;local_machine;;cpu_state=softirq
kernel_cpu_time_ms;2026-03-25T00:42:16.798412249Z;0;cpu_core;16;local_machine;;cpu_state=steal
kernel_cpu_time_ms;2026-03-25T00:42:16.798412249Z;0;cpu_core;16;local_machine;;cpu_state=guest
kernel_cpu_time_ms;2026-03-25T00:42:16.798412249Z;0;cpu_core;16;local_machine;;cpu_state=guest_nice
kernel_cpu_time_ms;2026-03-25T00:42:16.798412249Z;0;cpu_core;17;local_machine;;cpu_state=user
kernel_cpu_time_ms;2026-03-25T00:42:16.798412249Z;0;cpu_core;17;local_machine;;cpu_state=nice
kernel_cpu_time_ms;2026-03-25T00:42:16.798412249Z;0;cpu_core;17;local_machine;;cpu_state=system
kernel_cpu_time_ms;2026-03-25T00:42:16.798412249Z;500;cpu_core;17;local_machine;;cpu_state=idle
kernel_cpu_time_ms;2026-03-25T00:42:16.798412249Z;0;cpu_core;17;local_machine;;cpu_state=irq
kernel_cpu_time_ms;2026-03-25T00:42:16.798412249Z;0;cpu_core;17;local_machine;;cpu_state=softirq
kernel_cpu_time_ms;2026-03-25T00:42:16.798412249Z;0;cpu_core;17;local_machine;;cpu_state=steal
kernel_cpu_time_ms;2026-03-25T00:42:16.798412249Z;0;cpu_core;17;local_machine;;cpu_state=guest
kernel_cpu_time_ms;2026-03-25T00:42:16.798412249Z;0;cpu_core;17;local_machine;;cpu_state=guest_nice
kernel_cpu_time_ms;2026-03-25T00:42:16.798412249Z;0;cpu_core;18;local_machine;;cpu_state=user
kernel_cpu_time_ms;2026-03-25T00:42:16.798412249Z;0;cpu_core;18;local_machine;;cpu_state=nice
kernel_cpu_time_ms;2026-03-25T00:42:16.798412249Z;0;cpu_core;18;local_machine;;cpu_state=system
kernel_cpu_time_ms;2026-03-25T00:42:16.798412249Z;500;cpu_core;18;local_machine;;cpu_state=idle
kernel_cpu_time_ms;2026-03-25T00:42:16.798412249Z;0;cpu_core;18;local_machine;;cpu_state=irq
kernel_cpu_time_ms;2026-03-25T00:42:16.798412249Z;0;cpu_core;18;local_machine;;cpu_state=softirq
kernel_cpu_time_ms;2026-03-25T00:42:16.798412249Z;0;cpu_core;18;local_machine;;cpu_state=steal
kernel_cpu_time_ms;2026-03-25T00:42:16.798412249Z;0;cpu_core;18;local_machine;;cpu_state=guest
kernel_cpu_time_ms;2026-03-25T00:42:16.798412249Z;0;cpu_core;18;local_machine;;cpu_state=guest_nice
kernel_cpu_time_ms;2026-03-25T00:42:16.798412249Z;0;cpu_core;19;local_machine;;cpu_state=user
kernel_cpu_time_ms;2026-03-25T00:42:16.798412249Z;0;cpu_core;19;local_machine;;cpu_state=nice
kernel_cpu_time_ms;2026-03-25T00:42:16.798412249Z;0;cpu_core;19;local_machine;;cpu_state=system
kernel_cpu_time_ms;2026-03-25T00:42:16.798412249Z;500;cpu_core;19;local_machine;;cpu_state=idle
kernel_cpu_time_ms;2026-03-25T00:42:16.798412249Z;0;cpu_core;19;local_machine;;cpu_state=irq
kernel_cpu_time_ms;2026-03-25T00:42:16.798412249Z;0;cpu_core;19;local_machine;;cpu_state=softirq
kernel_cpu_time_ms;2026-03-25T00:42:16.798412249Z;0;cpu_core;19;local_machine;;cpu_state=steal
kernel_cpu_time_ms;2026-03-25T00:42:16.798412249Z;0;cpu_core;19;local_machine;;cpu_state=guest
kernel_cpu_time_ms;2026-03-25T00:42:16.798412249Z;0;cpu_core;19;local_machine;;cpu_state=guest_nice
kernel_cpu_time_ms;2026-03-25T00:42:16.798412249Z;0;cpu_core;20;local_machine;;cpu_state=user
kernel_cpu_time_ms;2026-03-25T00:42:16.798412249Z;0;cpu_core;20;local_machine;;cpu_state=nice
kernel_cpu_time_ms;2026-03-25T00:42:16.798412249Z;0;cpu_core;20;local_machine;;cpu_state=system
kernel_cpu_time_ms;2026-03-25T00:42:16.798412249Z;500;cpu_core;20;local_machine;;cpu_state=idle
kernel_cpu_time_ms;2026-03-25T00:42:16.798412249Z;0;cpu_core;20;local_machine;;cpu_state=irq
kernel_cpu_time_ms;2026-03-25T00:42:16.798412249Z;0;cpu_core;20;local_machine;;cpu_state=softirq
kernel_cpu_time_ms;2026-03-25T00:42:16.798412249Z;0;cpu_core;20;local_machine;;cpu_state=steal
kernel_cpu_time_ms;2026-03-25T00:42:16.798412249Z;0;cpu_core;20;local_machine;;cpu_state=guest
kernel_cpu_time_ms;2026-03-25T00:42:16.798412249Z;0;cpu_core;20;local_machine;;cpu_state=guest_nice
kernel_cpu_time_ms;2026-03-25T00:42:16.798412249Z;0;cpu_core;21;local_machine;;cpu_state=user
kernel_cpu_time_ms;2026-03-25T00:42:16.798412249Z;0;cpu_core;21;local_machine;;cpu_state=nice
kernel_cpu_time_ms;2026-03-25T00:42:16.798412249Z;0;cpu_core;21;local_machine;;cpu_state=system
kernel_cpu_time_ms;2026-03-25T00:42:16.798412249Z;500;cpu_core;21;local_machine;;cpu_state=idle
kernel_cpu_time_ms;2026-03-25T00:42:16.798412249Z;0;cpu_core;21;local_machine;;cpu_state=irq
kernel_cpu_time_ms;2026-03-25T00:42:16.798412249Z;0;cpu_core;21;local_machine;;cpu_state=softirq
kernel_cpu_time_ms;2026-03-25T00:42:16.798412249Z;0;cpu_core;21;local_machine;;cpu_state=steal
kernel_cpu_time_ms;2026-03-25T00:42:16.798412249Z;0;cpu_core;21;local_machine;;cpu_state=guest
kernel_cpu_time_ms;2026-03-25T00:42:16.798412249Z;0;cpu_core;21;local_machine;;cpu_state=guest_nice
kernel_cpu_time_ms;2026-03-25T00:42:16.798412249Z;0;cpu_core;22;local_machine;;cpu_state=user
kernel_cpu_time_ms;2026-03-25T00:42:16.798412249Z;0;cpu_core;22;local_machine;;cpu_state=nice
kernel_cpu_time_ms;2026-03-25T00:42:16.798412249Z;0;cpu_core;22;local_machine;;cpu_state=system
kernel_cpu_time_ms;2026-03-25T00:42:16.798412249Z;500;cpu_core;22;local_machine;;cpu_state=idle
kernel_cpu_time_ms;2026-03-25T00:42:16.798412249Z;0;cpu_core;22;local_machine;;cpu_state=irq
kernel_cpu_time_ms;2026-03-25T00:42:16.798412249Z;0;cpu_core;22;local_machine;;cpu_state=softirq
kernel_cpu_time_ms;2026-03-25T00:42:16.798412249Z;0;cpu_core;22;local_machine;;cpu_state=steal
kernel_cpu_time_ms;2026-03-25T00:42:16.798412249Z;0;cpu_core;22;local_machine;;cpu_state=guest
kernel_cpu_time_ms;2026-03-25T00:42:16.798412249Z;0;cpu_core;22;local_machine;;cpu_state=guest_nice
kernel_cpu_time_ms;2026-03-25T00:42:16.798412249Z;0;cpu_core;23;local_machine;;cpu_state=user
kernel_cpu_time_ms;2026-03-25T00:42:16.798412249Z;0;cpu_core;23;local_machine;;cpu_state=nice
kernel_cpu_time_ms;2026-03-25T00:42:16.798412249Z;0;cpu_core;23;local_machine;;cpu_state=system
kernel_cpu_time_ms;2026-03-25T00:42:16.798412249Z;500;cpu_core;23;local_machine;;cpu_state=idle
kernel_cpu_time_ms;2026-03-25T00:42:16.798412249Z;0;cpu_core;23;local_machine;;cpu_state=irq
kernel_cpu_time_ms;2026-03-25T00:42:16.798412249Z;0;cpu_core;23;local_machine;;cpu_state=softirq
kernel_cpu_time_ms;2026-03-25T00:42:16.798412249Z;0;cpu_core;23;local_machine;;cpu_state=steal
kernel_cpu_time_ms;2026-03-25T00:42:16.798412249Z;0;cpu_core;23;local_machine;;cpu_state=guest
kernel_cpu_time_ms;2026-03-25T00:42:16.798412249Z;0;cpu_core;23;local_machine;;cpu_state=guest_nice
kernel_cpu_time_ms;2026-03-25T00:42:16.798412249Z;0;cpu_core;24;local_machine;;cpu_state=user
kernel_cpu_time_ms;2026-03-25T00:42:16.798412249Z;0;cpu_core;24;local_machine;;cpu_state=nice
kernel_cpu_time_ms;2026-03-25T00:42:16.798412249Z;0;cpu_core;24;local_machine;;cpu_state=system
kernel_cpu_time_ms;2026-03-25T00:42:16.798412249Z;500;cpu_core;24;local_machine;;cpu_state=idle
kernel_cpu_time_ms;2026-03-25T00:42:16.798412249Z;0;cpu_core;24;local_machine;;cpu_state=irq
kernel_cpu_time_ms;2026-03-25T00:42:16.798412249Z;0;cpu_core;24;local_machine;;cpu_state=softirq
kernel_cpu_time_ms;2026-03-25T00:42:16.798412249Z;0;cpu_core;24;local_machine;;cpu_state=steal
kernel_cpu_time_ms;2026-03-25T00:42:16.798412249Z;0;cpu_core;24;local_machine;;cpu_state=guest
kernel_cpu_time_ms;2026-03-25T00:42:16.798412249Z;0;cpu_core;24;local_machine;;cpu_state=guest_nice
kernel_cpu_time_ms;2026-03-25T00:42:16.798412249Z;0;cpu_core;25;local_machine;;cpu_state=user
kernel_cpu_time_ms;2026-03-25T00:42:16.798412249Z;0;cpu_core;25;local_machine;;cpu_state=nice
kernel_cpu_time_ms;2026-03-25T00:42:16.798412249Z;0;cpu_core;25;local_machine;;cpu_state=system
kernel_cpu_time_ms;2026-03-25T00:42:16.798412249Z;500;cpu_core;25;local_machine;;cpu_state=idle
kernel_cpu_time_ms;2026-03-25T00:42:16.798412249Z;0;cpu_core;25;local_machine;;cpu_state=irq
kernel_cpu_time_ms;2026-03-25T00:42:16.798412249Z;0;cpu_core;25;local_machine;;cpu_state=softirq
kernel_cpu_time_ms;2026-03-25T00:42:16.798412249Z;0;cpu_core;25;local_machine;;cpu_state=steal
kernel_cpu_time_ms;2026-03-25T00:42:16.798412249Z;0;cpu_core;25;local_machine;;cpu_state=guest
kernel_cpu_time_ms;2026-03-25T00:42:16.798412249Z;0;cpu_core;25;local_machine;;cpu_state=guest_nice
kernel_cpu_time_ms;2026-03-25T00:42:16.798412249Z;0;cpu_core;26;local_machine;;cpu_state=user
kernel_cpu_time_ms;2026-03-25T00:42:16.798412249Z;0;cpu_core;26;local_machine;;cpu_state=nice
kernel_cpu_time_ms;2026-03-25T00:42:16.798412249Z;0;cpu_core;26;local_machine;;cpu_state=system
kernel_cpu_time_ms;2026-03-25T00:42:16.798412249Z;500;cpu_core;26;local_machine;;cpu_state=idle
kernel_cpu_time_ms;2026-03-25T00:42:16.798412249Z;0;cpu_core;26;local_machine;;cpu_state=irq
kernel_cpu_time_ms;2026-03-25T00:42:16.798412249Z;0;cpu_core;26;local_machine;;cpu_state=softirq
kernel_cpu_time_ms;2026-03-25T00:42:16.798412249Z;0;cpu_core;26;local_machine;;cpu_state=steal
kernel_cpu_time_ms;2026-03-25T00:42:16.798412249Z;0;cpu_core;26;local_machine;;cpu_state=guest
kernel_cpu_time_ms;2026-03-25T00:42:16.798412249Z;0;cpu_core;26;local_machine;;cpu_state=guest_nice
kernel_cpu_time_ms;2026-03-25T00:42:16.798412249Z;10;cpu_core;27;local_machine;;cpu_state=user
kernel_cpu_time_ms;2026-03-25T00:42:16.798412249Z;0;cpu_core;27;local_machine;;cpu_state=nice
kernel_cpu_time_ms;2026-03-25T00:42:16.798412249Z;0;cpu_core;27;local_machine;;cpu_state=system
kernel_cpu_time_ms;2026-03-25T00:42:16.798412249Z;500;cpu_core;27;local_machine;;cpu_state=idle
kernel_cpu_time_ms;2026-03-25T00:42:16.798412249Z;0;cpu_core;27;local_machine;;cpu_state=irq
kernel_cpu_time_ms;2026-03-25T00:42:16.798412249Z;0;cpu_core;27;local_machine;;cpu_state=softirq
kernel_cpu_time_ms;2026-03-25T00:42:16.798412249Z;0;cpu_core;27;local_machine;;cpu_state=steal
kernel_cpu_time_ms;2026-03-25T00:42:16.798412249Z;0;cpu_core;27;local_machine;;cpu_state=guest
kernel_cpu_time_ms;2026-03-25T00:42:16.798412249Z;0;cpu_core;27;local_machine;;cpu_state=guest_nice
kernel_cpu_time_ms;2026-03-25T00:42:16.798412249Z;0;cpu_core;28;local_machine;;cpu_state=user
kernel_cpu_time_ms;2026-03-25T00:42:16.798412249Z;0;cpu_core;28;local_machine;;cpu_state=nice
kernel_cpu_time_ms;2026-03-25T00:42:16.798412249Z;0;cpu_core;28;local_machine;;cpu_state=system
kernel_cpu_time_ms;2026-03-25T00:42:16.798412249Z;500;cpu_core;28;local_machine;;cpu_state=idle
kernel_cpu_time_ms;2026-03-25T00:42:16.798412249Z;0;cpu_core;28;local_machine;;cpu_state=irq
kernel_cpu_time_ms;2026-03-25T00:42:16.798412249Z;0;cpu_core;28;local_machine;;cpu_state=softirq
kernel_cpu_time_ms;2026-03-25T00:42:16.798412249Z;0;cpu_core;28;local_machine;;cpu_state=steal
kernel_cpu_time_ms;2026-03-25T00:42:16.798412249Z;0;cpu_core;28;local_machine;;cpu_state=guest
kernel_cpu_time_ms;2026-03-25T00:42:16.798412249Z;0;cpu_core;28;local_machine;;cpu_state=guest_nice
kernel_cpu_time_ms;2026-03-25T00:42:16.798412249Z;0;cpu_core;29;local_machine;;cpu_state=user
kernel_cpu_time_ms;2026-03-25T00:42:16.798412249Z;0;cpu_core;29;local_machine;;cpu_state=nice
kernel_cpu_time_ms;2026-03-25T00:42:16.798412249Z;0;cpu_core;29;local_machine;;cpu_state=system
kernel_cpu_time_ms;2026-03-25T00:42:16.798412249Z;500;cpu_core;29;local_machine;;cpu_state=idle
kernel_cpu_time_ms;2026-03-25T00:42:16.798412249Z;0;cpu_core;29;local_machine;;cpu_state=irq
kernel_cpu_time_ms;2026-03-25T00:42:16.798412249Z;0;cpu_core;29;local_machine;;cpu_state=softirq
kernel_cpu_time_ms;2026-03-25T00:42:16.798412249Z;0;cpu_core;29;local_machine;;cpu_state=steal
kernel_cpu_time_ms;2026-03-25T00:42:16.798412249Z;0;cpu_core;29;local_machine;;cpu_state=guest
kernel_cpu_time_ms;2026-03-25T00:42:16.798412249Z;0;cpu_core;29;local_machine;;cpu_state=guest_nice
kernel_cpu_time_ms;2026-03-25T00:42:16.798412249Z;0;cpu_core;30;local_machine;;cpu_state=user
kernel_cpu_time_ms;2026-03-25T00:42:16.798412249Z;0;cpu_core;30;local_machine;;cpu_state=nice
kernel_cpu_time_ms;2026-03-25T00:42:16.798412249Z;0;cpu_core;30;local_machine;;cpu_state=system
kernel_cpu_time_ms;2026-03-25T00:42:16.798412249Z;500;cpu_core;30;local_machine;;cpu_state=idle
kernel_cpu_time_ms;2026-03-25T00:42:16.798412249Z;0;cpu_core;30;local_machine;;cpu_state=irq
kernel_cpu_time_ms;2026-03-25T00:42:16.798412249Z;0;cpu_core;30;local_machine;;cpu_state=softirq
kernel_cpu_time_ms;2026-03-25T00:42:16.798412249Z;0;cpu_core;30;local_machine;;cpu_state=steal
kernel_cpu_time_ms;2026-03-25T00:42:16.798412249Z;0;cpu_core;30;local_machine;;cpu_state=guest
kernel_cpu_time_ms;2026-03-25T00:42:16.798412249Z;0;cpu_core;30;local_machine;;cpu_state=guest_nice
kernel_cpu_time_ms;2026-03-25T00:42:16.798412249Z;0;cpu_core;31;local_machine;;cpu_state=user
kernel_cpu_time_ms;2026-03-25T00:42:16.798412249Z;0;cpu_core;31;local_machine;;cpu_state=nice
kernel_cpu_time_ms;2026-03-25T00:42:16.798412249Z;0;cpu_core;31;local_machine;;cpu_state=system
kernel_cpu_time_ms;2026-03-25T00:42:16.798412249Z;500;cpu_core;31;local_machine;;cpu_state=idle
kernel_cpu_time_ms;2026-03-25T00:42:16.798412249Z;0;cpu_core;31;local_machine;;cpu_state=irq
kernel_cpu_time_ms;2026-03-25T00:42:16.798412249Z;0;cpu_core;31;local_machine;;cpu_state=softirq
kernel_cpu_time_ms;2026-03-25T00:42:16.798412249Z;0;cpu_core;31;local_machine;;cpu_state=steal
kernel_cpu_time_ms;2026-03-25T00:42:16.798412249Z;0;cpu_core;31;local_machine;;cpu_state=guest
kernel_cpu_time_ms;2026-03-25T00:42:16.798412249Z;0;cpu_core;31;local_machine;;cpu_state=guest_nice
kernel_cpu_time_ms;2026-03-25T00:42:16.798412249Z;0;cpu_core;32;local_machine;;cpu_state=user
kernel_cpu_time_ms;2026-03-25T00:42:16.798412249Z;0;cpu_core;32;local_machine;;cpu_state=nice
kernel_cpu_time_ms;2026-03-25T00:42:16.798412249Z;0;cpu_core;32;local_machine;;cpu_state=system
kernel_cpu_time_ms;2026-03-25T00:42:16.798412249Z;500;cpu_core;32;local_machine;;cpu_state=idle
kernel_cpu_time_ms;2026-03-25T00:42:16.798412249Z;0;cpu_core;32;local_machine;;cpu_state=irq
kernel_cpu_time_ms;2026-03-25T00:42:16.798412249Z;0;cpu_core;32;local_machine;;cpu_state=softirq
kernel_cpu_time_ms;2026-03-25T00:42:16.798412249Z;0;cpu_core;32;local_machine;;cpu_state=steal
kernel_cpu_time_ms;2026-03-25T00:42:16.798412249Z;0;cpu_core;32;local_machine;;cpu_state=guest
kernel_cpu_time_ms;2026-03-25T00:42:16.798412249Z;0;cpu_core;32;local_machine;;cpu_state=guest_nice
kernel_cpu_time_ms;2026-03-25T00:42:16.798412249Z;0;cpu_core;33;local_machine;;cpu_state=user
kernel_cpu_time_ms;2026-03-25T00:42:16.798412249Z;0;cpu_core;33;local_machine;;cpu_state=nice
kernel_cpu_time_ms;2026-03-25T00:42:16.798412249Z;0;cpu_core;33;local_machine;;cpu_state=system
kernel_cpu_time_ms;2026-03-25T00:42:16.798412249Z;500;cpu_core;33;local_machine;;cpu_state=idle
kernel_cpu_time_ms;2026-03-25T00:42:16.798412249Z;0;cpu_core;33;local_machine;;cpu_state=irq
kernel_cpu_time_ms;2026-03-25T00:42:16.798412249Z;0;cpu_core;33;local_machine;;cpu_state=softirq
kernel_cpu_time_ms;2026-03-25T00:42:16.798412249Z;0;cpu_core;33;local_machine;;cpu_state=steal
kernel_cpu_time_ms;2026-03-25T00:42:16.798412249Z;0;cpu_core;33;local_machine;;cpu_state=guest
kernel_cpu_time_ms;2026-03-25T00:42:16.798412249Z;0;cpu_core;33;local_machine;;cpu_state=guest_nice
kernel_cpu_time_ms;2026-03-25T00:42:16.798412249Z;0;cpu_core;34;local_machine;;cpu_state=user
kernel_cpu_time_ms;2026-03-25T00:42:16.798412249Z;0;cpu_core;34;local_machine;;cpu_state=nice
kernel_cpu_time_ms;2026-03-25T00:42:16.798412249Z;0;cpu_core;34;local_machine;;cpu_state=system
kernel_cpu_time_ms;2026-03-25T00:42:16.798412249Z;500;cpu_core;34;local_machine;;cpu_state=idle
kernel_cpu_time_ms;2026-03-25T00:42:16.798412249Z;0;cpu_core;34;local_machine;;cpu_state=irq
kernel_cpu_time_ms;2026-03-25T00:42:16.798412249Z;0;cpu_core;34;local_machine;;cpu_state=softirq
kernel_cpu_time_ms;2026-03-25T00:42:16.798412249Z;0;cpu_core;34;local_machine;;cpu_state=steal
kernel_cpu_time_ms;2026-03-25T00:42:16.798412249Z;0;cpu_core;34;local_machine;;cpu_state=guest
kernel_cpu_time_ms;2026-03-25T00:42:16.798412249Z;0;cpu_core;34;local_machine;;cpu_state=guest_nice
kernel_cpu_time_ms;2026-03-25T00:42:16.798412249Z;0;cpu_core;35;local_machine;;cpu_state=user
kernel_cpu_time_ms;2026-03-25T00:42:16.798412249Z;0;cpu_core;35;local_machine;;cpu_state=nice
kernel_cpu_time_ms;2026-03-25T00:42:16.798412249Z;0;cpu_core;35;local_machine;;cpu_state=system
kernel_cpu_time_ms;2026-03-25T00:42:16.798412249Z;500;cpu_core;35;local_machine;;cpu_state=idle
kernel_cpu_time_ms;2026-03-25T00:42:16.798412249Z;0;cpu_core;35;local_machine;;cpu_state=irq
kernel_cpu_time_ms;2026-03-25T00:42:16.798412249Z;0;cpu_core;35;local_machine;;cpu_state=softirq
kernel_cpu_time_ms;2026-03-25T00:42:16.798412249Z;0;cpu_core;35;local_machine;;cpu_state=steal
kernel_cpu_time_ms;2026-03-25T00:42:16.798412249Z;0;cpu_core;35;local_machine;;cpu_state=guest
kernel_cpu_time_ms;2026-03-25T00:42:16.798412249Z;0;cpu_core;35;local_machine;;cpu_state=guest_nice
kernel_cpu_time_ms;2026-03-25T00:42:16.798412249Z;0;cpu_core;36;local_machine;;cpu_state=user
kernel_cpu_time_ms;2026-03-25T00:42:16.798412249Z;0;cpu_core;36;local_machine;;cpu_state=nice
kernel_cpu_time_ms;2026-03-25T00:42:16.798412249Z;0;cpu_core;36;local_machine;;cpu_state=system
kernel_cpu_time_ms;2026-03-25T00:42:16.798412249Z;500;cpu_core;36;local_machine;;cpu_state=idle
kernel_cpu_time_ms;2026-03-25T00:42:16.798412249Z;0;cpu_core;36;local_machine;;cpu_state=irq
kernel_cpu_time_ms;2026-03-25T00:42:16.798412249Z;0;cpu_core;36;local_machine;;cpu_state=softirq
kernel_cpu_time_ms;2026-03-25T00:42:16.798412249Z;0;cpu_core;36;local_machine;;cpu_state=steal
kernel_cpu_time_ms;2026-03-25T00:42:16.798412249Z;0;cpu_core;36;local_machine;;cpu_state=guest
kernel_cpu_time_ms;2026-03-25T00:42:16.798412249Z;0;cpu_core;36;local_machine;;cpu_state=guest_nice
kernel_cpu_time_ms;2026-03-25T00:42:16.798412249Z;0;cpu_core;37;local_machine;;cpu_state=user
kernel_cpu_time_ms;2026-03-25T00:42:16.798412249Z;0;cpu_core;37;local_machine;;cpu_state=nice
kernel_cpu_time_ms;2026-03-25T00:42:16.798412249Z;0;cpu_core;37;local_machine;;cpu_state=system
kernel_cpu_time_ms;2026-03-25T00:42:16.798412249Z;500;cpu_core;37;local_machine;;cpu_state=idle
kernel_cpu_time_ms;2026-03-25T00:42:16.798412249Z;0;cpu_core;37;local_machine;;cpu_state=irq
kernel_cpu_time_ms;2026-03-25T00:42:16.798412249Z;0;cpu_core;37;local_machine;;cpu_state=softirq
kernel_cpu_time_ms;2026-03-25T00:42:16.798412249Z;0;cpu_core;37;local_machine;;cpu_state=steal
kernel_cpu_time_ms;2026-03-25T00:42:16.798412249Z;0;cpu_core;37;local_machine;;cpu_state=guest
kernel_cpu_time_ms;2026-03-25T00:42:16.798412249Z;0;cpu_core;37;local_machine;;cpu_state=guest_nice
kernel_cpu_time_ms;2026-03-25T00:42:16.798412249Z;0;cpu_core;38;local_machine;;cpu_state=user
kernel_cpu_time_ms;2026-03-25T00:42:16.798412249Z;0;cpu_core;38;local_machine;;cpu_state=nice
kernel_cpu_time_ms;2026-03-25T00:42:16.798412249Z;0;cpu_core;38;local_machine;;cpu_state=system
kernel_cpu_time_ms;2026-03-25T00:42:16.798412249Z;500;cpu_core;38;local_machine;;cpu_state=idle
kernel_cpu_time_ms;2026-03-25T00:42:16.798412249Z;0;cpu_core;38;local_machine;;cpu_state=irq
kernel_cpu_time_ms;2026-03-25T00:42:16.798412249Z;0;cpu_core;38;local_machine;;cpu_state=softirq
kernel_cpu_time_ms;2026-03-25T00:42:16.798412249Z;0;cpu_core;38;local_machine;;cpu_state=steal
kernel_cpu_time_ms;2026-03-25T00:42:16.798412249Z;0;cpu_core;38;local_machine;;cpu_state=guest
kernel_cpu_time_ms;2026-03-25T00:42:16.798412249Z;0;cpu_core;38;local_machine;;cpu_state=guest_nice
kernel_cpu_time_ms;2026-03-25T00:42:16.798412249Z;0;cpu_core;39;local_machine;;cpu_state=user
kernel_cpu_time_ms;2026-03-25T00:42:16.798412249Z;0;cpu_core;39;local_machine;;cpu_state=nice
kernel_cpu_time_ms;2026-03-25T00:42:16.798412249Z;0;cpu_core;39;local_machine;;cpu_state=system
kernel_cpu_time_ms;2026-03-25T00:42:16.798412249Z;500;cpu_core;39;local_machine;;cpu_state=idle
kernel_cpu_time_ms;2026-03-25T00:42:16.798412249Z;0;cpu_core;39;local_machine;;cpu_state=irq
kernel_cpu_time_ms;2026-03-25T00:42:16.798412249Z;0;cpu_core;39;local_machine;;cpu_state=softirq
kernel_cpu_time_ms;2026-03-25T00:42:16.798412249Z;0;cpu_core;39;local_machine;;cpu_state=steal
kernel_cpu_time_ms;2026-03-25T00:42:16.798412249Z;0;cpu_core;39;local_machine;;cpu_state=guest
kernel_cpu_time_ms;2026-03-25T00:42:16.798412249Z;0;cpu_core;39;local_machine;;cpu_state=guest_nice
kernel_cpu_time_ms;2026-03-25T00:42:16.798412249Z;500;cpu_core;40;local_machine;;cpu_state=user
kernel_cpu_time_ms;2026-03-25T00:42:16.798412249Z;0;cpu_core;40;local_machine;;cpu_state=nice
kernel_cpu_time_ms;2026-03-25T00:42:16.798412249Z;0;cpu_core;40;local_machine;;cpu_state=system
kernel_cpu_time_ms;2026-03-25T00:42:16.798412249Z;0;cpu_core;40;local_machine;;cpu_state=idle
kernel_cpu_time_ms;2026-03-25T00:42:16.798412249Z;0;cpu_core;40;local_machine;;cpu_state=irq
kernel_cpu_time_ms;2026-03-25T00:42:16.798412249Z;0;cpu_core;40;local_machine;;cpu_state=softirq
kernel_cpu_time_ms;2026-03-25T00:42:16.798412249Z;0;cpu_core;40;local_machine;;cpu_state=steal
kernel_cpu_time_ms;2026-03-25T00:42:16.798412249Z;0;cpu_core;40;local_machine;;cpu_state=guest
kernel_cpu_time_ms;2026-03-25T00:42:16.798412249Z;0;cpu_core;40;local_machine;;cpu_state=guest_nice
kernel_cpu_time_ms;2026-03-25T00:42:16.798412249Z;0;cpu_core;41;local_machine;;cpu_state=user
kernel_cpu_time_ms;2026-03-25T00:42:16.798412249Z;0;cpu_core;41;local_machine;;cpu_state=nice
kernel_cpu_time_ms;2026-03-25T00:42:16.798412249Z;0;cpu_core;41;local_machine;;cpu_state=system
kernel_cpu_time_ms;2026-03-25T00:42:16.798412249Z;500;cpu_core;41;local_machine;;cpu_state=idle
kernel_cpu_time_ms;2026-03-25T00:42:16.798412249Z;0;cpu_core;41;local_machine;;cpu_state=irq
kernel_cpu_time_ms;2026-03-25T00:42:16.798412249Z;0;cpu_core;41;local_machine;;cpu_state=softirq
kernel_cpu_time_ms;2026-03-25T00:42:16.798412249Z;0;cpu_core;41;local_machine;;cpu_state=steal
kernel_cpu_time_ms;2026-03-25T00:42:16.798412249Z;0;cpu_core;41;local_machine;;cpu_state=guest
kernel_cpu_time_ms;2026-03-25T00:42:16.798412249Z;0;cpu_core;41;local_machine;;cpu_state=guest_nice
kernel_cpu_time_ms;2026-03-25T00:42:16.798412249Z;0;cpu_core;42;local_machine;;cpu_state=user
kernel_cpu_time_ms;2026-03-25T00:42:16.798412249Z;0;cpu_core;42;local_machine;;cpu_state=nice
kernel_cpu_time_ms;2026-03-25T00:42:16.798412249Z;0;cpu_core;42;local_machine;;cpu_state=system
kernel_cpu_time_ms;2026-03-25T00:42:16.798412249Z;500;cpu_core;42;local_machine;;cpu_state=idle
kernel_cpu_time_ms;2026-03-25T00:42:16.798412249Z;0;cpu_core;42;local_machine;;cpu_state=irq
kernel_cpu_time_ms;2026-03-25T00:42:16.798412249Z;0;cpu_core;42;local_machine;;cpu_state=softirq
kernel_cpu_time_ms;2026-03-25T00:42:16.798412249Z;0;cpu_core;42;local_machine;;cpu_state=steal
kernel_cpu_time_ms;2026-03-25T00:42:16.798412249Z;0;cpu_core;42;local_machine;;cpu_state=guest
kernel_cpu_time_ms;2026-03-25T00:42:16.798412249Z;0;cpu_core;42;local_machine;;cpu_state=guest_nice
kernel_cpu_time_ms;2026-03-25T00:42:16.798412249Z;0;cpu_core;43;local_machine;;cpu_state=user
kernel_cpu_time_ms;2026-03-25T00:42:16.798412249Z;0;cpu_core;43;local_machine;;cpu_state=nice
kernel_cpu_time_ms;2026-03-25T00:42:16.798412249Z;0;cpu_core;43;local_machine;;cpu_state=system
kernel_cpu_time_ms;2026-03-25T00:42:16.798412249Z;500;cpu_core;43;local_machine;;cpu_state=idle
kernel_cpu_time_ms;2026-03-25T00:42:16.798412249Z;0;cpu_core;43;local_machine;;cpu_state=irq
kernel_cpu_time_ms;2026-03-25T00:42:16.798412249Z;0;cpu_core;43;local_machine;;cpu_state=softirq
kernel_cpu_time_ms;2026-03-25T00:42:16.798412249Z;0;cpu_core;43;local_machine;;cpu_state=steal
kernel_cpu_time_ms;2026-03-25T00:42:16.798412249Z;0;cpu_core;43;local_machine;;cpu_state=guest
kernel_cpu_time_ms;2026-03-25T00:42:16.798412249Z;0;cpu_core;43;local_machine;;cpu_state=guest_nice
kernel_cpu_time_ms;2026-03-25T00:42:16.798412249Z;0;cpu_core;44;local_machine;;cpu_state=user
kernel_cpu_time_ms;2026-03-25T00:42:16.798412249Z;0;cpu_core;44;local_machine;;cpu_state=nice
kernel_cpu_time_ms;2026-03-25T00:42:16.798412249Z;0;cpu_core;44;local_machine;;cpu_state=system
kernel_cpu_time_ms;2026-03-25T00:42:16.798412249Z;500;cpu_core;44;local_machine;;cpu_state=idle
kernel_cpu_time_ms;2026-03-25T00:42:16.798412249Z;0;cpu_core;44;local_machine;;cpu_state=irq
kernel_cpu_time_ms;2026-03-25T00:42:16.798412249Z;0;cpu_core;44;local_machine;;cpu_state=softirq
kernel_cpu_time_ms;2026-03-25T00:42:16.798412249Z;0;cpu_core;44;local_machine;;cpu_state=steal
kernel_cpu_time_ms;2026-03-25T00:42:16.798412249Z;0;cpu_core;44;local_machine;;cpu_state=guest
kernel_cpu_time_ms;2026-03-25T00:42:16.798412249Z;0;cpu_core;44;local_machine;;cpu_state=guest_nice
kernel_cpu_time_ms;2026-03-25T00:42:16.798412249Z;0;cpu_core;45;local_machine;;cpu_state=user
kernel_cpu_time_ms;2026-03-25T00:42:16.798412249Z;0;cpu_core;45;local_machine;;cpu_state=nice
kernel_cpu_time_ms;2026-03-25T00:42:16.798412249Z;0;cpu_core;45;local_machine;;cpu_state=system
kernel_cpu_time_ms;2026-03-25T00:42:16.798412249Z;500;cpu_core;45;local_machine;;cpu_state=idle
kernel_cpu_time_ms;2026-03-25T00:42:16.798412249Z;0;cpu_core;45;local_machine;;cpu_state=irq
kernel_cpu_time_ms;2026-03-25T00:42:16.798412249Z;0;cpu_core;45;local_machine;;cpu_state=softirq
kernel_cpu_time_ms;2026-03-25T00:42:16.798412249Z;0;cpu_core;45;local_machine;;cpu_state=steal
kernel_cpu_time_ms;2026-03-25T00:42:16.798412249Z;0;cpu_core;45;local_machine;;cpu_state=guest
kernel_cpu_time_ms;2026-03-25T00:42:16.798412249Z;0;cpu_core;45;local_machine;;cpu_state=guest_nice
kernel_cpu_time_ms;2026-03-25T00:42:16.798412249Z;0;cpu_core;46;local_machine;;cpu_state=user
kernel_cpu_time_ms;2026-03-25T00:42:16.798412249Z;0;cpu_core;46;local_machine;;cpu_state=nice
kernel_cpu_time_ms;2026-03-25T00:42:16.798412249Z;0;cpu_core;46;local_machine;;cpu_state=system
kernel_cpu_time_ms;2026-03-25T00:42:16.798412249Z;500;cpu_core;46;local_machine;;cpu_state=idle
kernel_cpu_time_ms;2026-03-25T00:42:16.798412249Z;0;cpu_core;46;local_machine;;cpu_state=irq
kernel_cpu_time_ms;2026-03-25T00:42:16.798412249Z;0;cpu_core;46;local_machine;;cpu_state=softirq
kernel_cpu_time_ms;2026-03-25T00:42:16.798412249Z;0;cpu_core;46;local_machine;;cpu_state=steal
kernel_cpu_time_ms;2026-03-25T00:42:16.798412249Z;0;cpu_core;46;local_machine;;cpu_state=guest
kernel_cpu_time_ms;2026-03-25T00:42:16.798412249Z;0;cpu_core;46;local_machine;;cpu_state=guest_nice
kernel_cpu_time_ms;2026-03-25T00:42:16.798412249Z;0;cpu_core;47;local_machine;;cpu_state=user
kernel_cpu_time_ms;2026-03-25T00:42:16.798412249Z;0;cpu_core;47;local_machine;;cpu_state=nice
kernel_cpu_time_ms;2026-03-25T00:42:16.798412249Z;0;cpu_core;47;local_machine;;cpu_state=system
kernel_cpu_time_ms;2026-03-25T00:42:16.798412249Z;500;cpu_core;47;local_machine;;cpu_state=idle
kernel_cpu_time_ms;2026-03-25T00:42:16.798412249Z;0;cpu_core;47;local_machine;;cpu_state=irq
kernel_cpu_time_ms;2026-03-25T00:42:16.798412249Z;0;cpu_core;47;local_machine;;cpu_state=softirq
kernel_cpu_time_ms;2026-03-25T00:42:16.798412249Z;0;cpu_core;47;local_machine;;cpu_state=steal
kernel_cpu_time_ms;2026-03-25T00:42:16.798412249Z;0;cpu_core;47;local_machine;;cpu_state=guest
kernel_cpu_time_ms;2026-03-25T00:42:16.798412249Z;0;cpu_core;47;local_machine;;cpu_state=guest_nice
kernel_cpu_time_ms;2026-03-25T00:42:16.798412249Z;0;cpu_core;48;local_machine;;cpu_state=user
kernel_cpu_time_ms;2026-03-25T00:42:16.798412249Z;0;cpu_core;48;local_machine;;cpu_state=nice
kernel_cpu_time_ms;2026-03-25T00:42:16.798412249Z;0;cpu_core;48;local_machine;;cpu_state=system
kernel_cpu_time_ms;2026-03-25T00:42:16.798412249Z;500;cpu_core;48;local_machine;;cpu_state=idle
kernel_cpu_time_ms;2026-03-25T00:42:16.798412249Z;0;cpu_core;48;local_machine;;cpu_state=irq
kernel_cpu_time_ms;2026-03-25T00:42:16.798412249Z;0;cpu_core;48;local_machine;;cpu_state=softirq
kernel_cpu_time_ms;2026-03-25T00:42:16.798412249Z;0;cpu_core;48;local_machine;;cpu_state=steal
kernel_cpu_time_ms;2026-03-25T00:42:16.798412249Z;0;cpu_core;48;local_machine;;cpu_state=guest
kernel_cpu_time_ms;2026-03-25T00:42:16.798412249Z;0;cpu_core;48;local_machine;;cpu_state=guest_nice
kernel_cpu_time_ms;2026-03-25T00:42:16.798412249Z;0;cpu_core;49;local_machine;;cpu_state=user
kernel_cpu_time_ms;2026-03-25T00:42:16.798412249Z;0;cpu_core;49;local_machine;;cpu_state=nice
kernel_cpu_time_ms;2026-03-25T00:42:16.798412249Z;0;cpu_core;49;local_machine;;cpu_state=system
kernel_cpu_time_ms;2026-03-25T00:42:16.798412249Z;500;cpu_core;49;local_machine;;cpu_state=idle
kernel_cpu_time_ms;2026-03-25T00:42:16.798412249Z;0;cpu_core;49;local_machine;;cpu_state=irq
kernel_cpu_time_ms;2026-03-25T00:42:16.798412249Z;0;cpu_core;49;local_machine;;cpu_state=softirq
kernel_cpu_time_ms;2026-03-25T00:42:16.798412249Z;0;cpu_core;49;local_machine;;cpu_state=steal
kernel_cpu_time_ms;2026-03-25T00:42:16.798412249Z;0;cpu_core;49;local_machine;;cpu_state=guest
kernel_cpu_time_ms;2026-03-25T00:42:16.798412249Z;0;cpu_core;49;local_machine;;cpu_state=guest_nice
kernel_cpu_time_ms;2026-03-25T00:42:16.798412249Z;0;cpu_core;50;local_machine;;cpu_state=user
kernel_cpu_time_ms;2026-03-25T00:42:16.798412249Z;0;cpu_core;50;local_machine;;cpu_state=nice
kernel_cpu_time_ms;2026-03-25T00:42:16.798412249Z;10;cpu_core;50;local_machine;;cpu_state=system
kernel_cpu_time_ms;2026-03-25T00:42:16.798412249Z;500;cpu_core;50;local_machine;;cpu_state=idle
kernel_cpu_time_ms;2026-03-25T00:42:16.798412249Z;0;cpu_core;50;local_machine;;cpu_state=irq
kernel_cpu_time_ms;2026-03-25T00:42:16.798412249Z;0;cpu_core;50;local_machine;;cpu_state=softirq
kernel_cpu_time_ms;2026-03-25T00:42:16.798412249Z;0;cpu_core;50;local_machine;;cpu_state=steal
kernel_cpu_time_ms;2026-03-25T00:42:16.798412249Z;0;cpu_core;50;local_machine;;cpu_state=guest
kernel_cpu_time_ms;2026-03-25T00:42:16.798412249Z;0;cpu_core;50;local_machine;;cpu_state=guest_nice
kernel_cpu_time_ms;2026-03-25T00:42:16.798412249Z;0;cpu_core;51;local_machine;;cpu_state=user
kernel_cpu_time_ms;2026-03-25T00:42:16.798412249Z;0;cpu_core;51;local_machine;;cpu_state=nice
kernel_cpu_time_ms;2026-03-25T00:42:16.798412249Z;0;cpu_core;51;local_machine;;cpu_state=system
kernel_cpu_time_ms;2026-03-25T00:42:16.798412249Z;500;cpu_core;51;local_machine;;cpu_state=idle
kernel_cpu_time_ms;2026-03-25T00:42:16.798412249Z;0;cpu_core;51;local_machine;;cpu_state=irq
kernel_cpu_time_ms;2026-03-25T00:42:16.798412249Z;0;cpu_core;51;local_machine;;cpu_state=softirq
kernel_cpu_time_ms;2026-03-25T00:42:16.798412249Z;0;cpu_core;51;local_machine;;cpu_state=steal
kernel_cpu_time_ms;2026-03-25T00:42:16.798412249Z;0;cpu_core;51;local_machine;;cpu_state=guest
kernel_cpu_time_ms;2026-03-25T00:42:16.798412249Z;0;cpu_core;51;local_machine;;cpu_state=guest_nice
kernel_cpu_time_ms;2026-03-25T00:42:16.798412249Z;0;cpu_core;52;local_machine;;cpu_state=user
kernel_cpu_time_ms;2026-03-25T00:42:16.798412249Z;0;cpu_core;52;local_machine;;cpu_state=nice
kernel_cpu_time_ms;2026-03-25T00:42:16.798412249Z;0;cpu_core;52;local_machine;;cpu_state=system
kernel_cpu_time_ms;2026-03-25T00:42:16.798412249Z;500;cpu_core;52;local_machine;;cpu_state=idle
kernel_cpu_time_ms;2026-03-25T00:42:16.798412249Z;0;cpu_core;52;local_machine;;cpu_state=irq
kernel_cpu_time_ms;2026-03-25T00:42:16.798412249Z;0;cpu_core;52;local_machine;;cpu_state=softirq
kernel_cpu_time_ms;2026-03-25T00:42:16.798412249Z;0;cpu_core;52;local_machine;;cpu_state=steal
kernel_cpu_time_ms;2026-03-25T00:42:16.798412249Z;0;cpu_core;52;local_machine;;cpu_state=guest
kernel_cpu_time_ms;2026-03-25T00:42:16.798412249Z;0;cpu_core;52;local_machine;;cpu_state=guest_nice
kernel_cpu_time_ms;2026-03-25T00:42:16.798412249Z;0;cpu_core;53;local_machine;;cpu_state=user
kernel_cpu_time_ms;2026-03-25T00:42:16.798412249Z;0;cpu_core;53;local_machine;;cpu_state=nice
kernel_cpu_time_ms;2026-03-25T00:42:16.798412249Z;0;cpu_core;53;local_machine;;cpu_state=system
kernel_cpu_time_ms;2026-03-25T00:42:16.798412249Z;500;cpu_core;53;local_machine;;cpu_state=idle
kernel_cpu_time_ms;2026-03-25T00:42:16.798412249Z;0;cpu_core;53;local_machine;;cpu_state=irq
kernel_cpu_time_ms;2026-03-25T00:42:16.798412249Z;0;cpu_core;53;local_machine;;cpu_state=softirq
kernel_cpu_time_ms;2026-03-25T00:42:16.798412249Z;0;cpu_core;53;local_machine;;cpu_state=steal
kernel_cpu_time_ms;2026-03-25T00:42:16.798412249Z;0;cpu_core;53;local_machine;;cpu_state=guest
kernel_cpu_time_ms;2026-03-25T00:42:16.798412249Z;0;cpu_core;53;local_machine;;cpu_state=guest_nice
kernel_cpu_time_ms;2026-03-25T00:42:16.798412249Z;0;cpu_core;54;local_machine;;cpu_state=user
kernel_cpu_time_ms;2026-03-25T00:42:16.798412249Z;0;cpu_core;54;local_machine;;cpu_state=nice
kernel_cpu_time_ms;2026-03-25T00:42:16.798412249Z;0;cpu_core;54;local_machine;;cpu_state=system
kernel_cpu_time_ms;2026-03-25T00:42:16.798412249Z;500;cpu_core;54;local_machine;;cpu_state=idle
kernel_cpu_time_ms;2026-03-25T00:42:16.798412249Z;0;cpu_core;54;local_machine;;cpu_state=irq
kernel_cpu_time_ms;2026-03-25T00:42:16.798412249Z;0;cpu_core;54;local_machine;;cpu_state=softirq
kernel_cpu_time_ms;2026-03-25T00:42:16.798412249Z;0;cpu_core;54;local_machine;;cpu_state=steal
kernel_cpu_time_ms;2026-03-25T00:42:16.798412249Z;0;cpu_core;54;local_machine;;cpu_state=guest
kernel_cpu_time_ms;2026-03-25T00:42:16.798412249Z;0;cpu_core;54;local_machine;;cpu_state=guest_nice
kernel_cpu_time_ms;2026-03-25T00:42:16.798412249Z;0;cpu_core;55;local_machine;;cpu_state=user
kernel_cpu_time_ms;2026-03-25T00:42:16.798412249Z;0;cpu_core;55;local_machine;;cpu_state=nice
kernel_cpu_time_ms;2026-03-25T00:42:16.798412249Z;0;cpu_core;55;local_machine;;cpu_state=system
kernel_cpu_time_ms;2026-03-25T00:42:16.798412249Z;500;cpu_core;55;local_machine;;cpu_state=idle
kernel_cpu_time_ms;2026-03-25T00:42:16.798412249Z;0;cpu_core;55;local_machine;;cpu_state=irq
kernel_cpu_time_ms;2026-03-25T00:42:16.798412249Z;0;cpu_core;55;local_machine;;cpu_state=softirq
kernel_cpu_time_ms;2026-03-25T00:42:16.798412249Z;0;cpu_core;55;local_machine;;cpu_state=steal
kernel_cpu_time_ms;2026-03-25T00:42:16.798412249Z;0;cpu_core;55;local_machine;;cpu_state=guest
kernel_cpu_time_ms;2026-03-25T00:42:16.798412249Z;0;cpu_core;55;local_machine;;cpu_state=guest_nice
kernel_cpu_time_ms;2026-03-25T00:42:16.798412249Z;0;cpu_core;56;local_machine;;cpu_state=user
kernel_cpu_time_ms;2026-03-25T00:42:16.798412249Z;0;cpu_core;56;local_machine;;cpu_state=nice
kernel_cpu_time_ms;2026-03-25T00:42:16.798412249Z;0;cpu_core;56;local_machine;;cpu_state=system
kernel_cpu_time_ms;2026-03-25T00:42:16.798412249Z;500;cpu_core;56;local_machine;;cpu_state=idle
kernel_cpu_time_ms;2026-03-25T00:42:16.798412249Z;0;cpu_core;56;local_machine;;cpu_state=irq
kernel_cpu_time_ms;2026-03-25T00:42:16.798412249Z;0;cpu_core;56;local_machine;;cpu_state=softirq
kernel_cpu_time_ms;2026-03-25T00:42:16.798412249Z;0;cpu_core;56;local_machine;;cpu_state=steal
kernel_cpu_time_ms;2026-03-25T00:42:16.798412249Z;0;cpu_core;56;local_machine;;cpu_state=guest
kernel_cpu_time_ms;2026-03-25T00:42:16.798412249Z;0;cpu_core;56;local_machine;;cpu_state=guest_nice
kernel_cpu_time_ms;2026-03-25T00:42:16.798412249Z;0;cpu_core;57;local_machine;;cpu_state=user
kernel_cpu_time_ms;2026-03-25T00:42:16.798412249Z;0;cpu_core;57;local_machine;;cpu_state=nice
kernel_cpu_time_ms;2026-03-25T00:42:16.798412249Z;0;cpu_core;57;local_machine;;cpu_state=system
kernel_cpu_time_ms;2026-03-25T00:42:16.798412249Z;500;cpu_core;57;local_machine;;cpu_state=idle
kernel_cpu_time_ms;2026-03-25T00:42:16.798412249Z;0;cpu_core;57;local_machine;;cpu_state=irq
kernel_cpu_time_ms;2026-03-25T00:42:16.798412249Z;0;cpu_core;57;local_machine;;cpu_state=softirq
kernel_cpu_time_ms;2026-03-25T00:42:16.798412249Z;0;cpu_core;57;local_machine;;cpu_state=steal
kernel_cpu_time_ms;2026-03-25T00:42:16.798412249Z;0;cpu_core;57;local_machine;;cpu_state=guest
kernel_cpu_time_ms;2026-03-25T00:42:16.798412249Z;0;cpu_core;57;local_machine;;cpu_state=guest_nice
kernel_cpu_time_ms;2026-03-25T00:42:16.798412249Z;0;cpu_core;58;local_machine;;cpu_state=user
kernel_cpu_time_ms;2026-03-25T00:42:16.798412249Z;0;cpu_core;58;local_machine;;cpu_state=nice
kernel_cpu_time_ms;2026-03-25T00:42:16.798412249Z;0;cpu_core;58;local_machine;;cpu_state=system
kernel_cpu_time_ms;2026-03-25T00:42:16.798412249Z;500;cpu_core;58;local_machine;;cpu_state=idle
kernel_cpu_time_ms;2026-03-25T00:42:16.798412249Z;0;cpu_core;58;local_machine;;cpu_state=irq
kernel_cpu_time_ms;2026-03-25T00:42:16.798412249Z;0;cpu_core;58;local_machine;;cpu_state=softirq
kernel_cpu_time_ms;2026-03-25T00:42:16.798412249Z;0;cpu_core;58;local_machine;;cpu_state=steal
kernel_cpu_time_ms;2026-03-25T00:42:16.798412249Z;0;cpu_core;58;local_machine;;cpu_state=guest
kernel_cpu_time_ms;2026-03-25T00:42:16.798412249Z;0;cpu_core;58;local_machine;;cpu_state=guest_nice
kernel_cpu_time_ms;2026-03-25T00:42:16.798412249Z;0;cpu_core;59;local_machine;;cpu_state=user
kernel_cpu_time_ms;2026-03-25T00:42:16.798412249Z;0;cpu_core;59;local_machine;;cpu_state=nice
kernel_cpu_time_ms;2026-03-25T00:42:16.798412249Z;0;cpu_core;59;local_machine;;cpu_state=system
kernel_cpu_time_ms;2026-03-25T00:42:16.798412249Z;500;cpu_core;59;local_machine;;cpu_state=idle
kernel_cpu_time_ms;2026-03-25T00:42:16.798412249Z;0;cpu_core;59;local_machine;;cpu_state=irq
kernel_cpu_time_ms;2026-03-25T00:42:16.798412249Z;0;cpu_core;59;local_machine;;cpu_state=softirq
kernel_cpu_time_ms;2026-03-25T00:42:16.798412249Z;0;cpu_core;59;local_machine;;cpu_state=steal
kernel_cpu_time_ms;2026-03-25T00:42:16.798412249Z;0;cpu_core;59;local_machine;;cpu_state=guest
kernel_cpu_time_ms;2026-03-25T00:42:16.798412249Z;0;cpu_core;59;local_machine;;cpu_state=guest_nice
kernel_cpu_time_ms;2026-03-25T00:42:16.798412249Z;0;cpu_core;60;local_machine;;cpu_state=user
kernel_cpu_time_ms;2026-03-25T00:42:16.798412249Z;0;cpu_core;60;local_machine;;cpu_state=nice
kernel_cpu_time_ms;2026-03-25T00:42:16.798412249Z;0;cpu_core;60;local_machine;;cpu_state=system
kernel_cpu_time_ms;2026-03-25T00:42:16.798412249Z;500;cpu_core;60;local_machine;;cpu_state=idle
kernel_cpu_time_ms;2026-03-25T00:42:16.798412249Z;0;cpu_core;60;local_machine;;cpu_state=irq
kernel_cpu_time_ms;2026-03-25T00:42:16.798412249Z;0;cpu_core;60;local_machine;;cpu_state=softirq
kernel_cpu_time_ms;2026-03-25T00:42:16.798412249Z;0;cpu_core;60;local_machine;;cpu_state=steal
kernel_cpu_time_ms;2026-03-25T00:42:16.798412249Z;0;cpu_core;60;local_machine;;cpu_state=guest
kernel_cpu_time_ms;2026-03-25T00:42:16.798412249Z;0;cpu_core;60;local_machine;;cpu_state=guest_nice
kernel_cpu_time_ms;2026-03-25T00:42:16.798412249Z;260;cpu_core;61;local_machine;;cpu_state=user
kernel_cpu_time_ms;2026-03-25T00:42:16.798412249Z;0;cpu_core;61;local_machine;;cpu_state=nice
kernel_cpu_time_ms;2026-03-25T00:42:16.798412249Z;190;cpu_core;61;local_machine;;cpu_state=system
kernel_cpu_time_ms;2026-03-25T00:42:16.798412249Z;50;cpu_core;61;local_machine;;cpu_state=idle
kernel_cpu_time_ms;2026-03-25T00:42:16.798412249Z;0;cpu_core;61;local_machine;;cpu_state=irq
kernel_cpu_time_ms;2026-03-25T00:42:16.798412249Z;0;cpu_core;61;local_machine;;cpu_state=softirq
kernel_cpu_time_ms;2026-03-25T00:42:16.798412249Z;0;cpu_core;61;local_machine;;cpu_state=steal
kernel_cpu_time_ms;2026-03-25T00:42:16.798412249Z;0;cpu_core;61;local_machine;;cpu_state=guest
kernel_cpu_time_ms;2026-03-25T00:42:16.798412249Z;0;cpu_core;61;local_machine;;cpu_state=guest_nice
kernel_cpu_time_ms;2026-03-25T00:42:16.798412249Z;0;cpu_core;62;local_machine;;cpu_state=user
kernel_cpu_time_ms;2026-03-25T00:42:16.798412249Z;0;cpu_core;62;local_machine;;cpu_state=nice
kernel_cpu_time_ms;2026-03-25T00:42:16.798412249Z;0;cpu_core;62;local_machine;;cpu_state=system
kernel_cpu_time_ms;2026-03-25T00:42:16.798412249Z;500;cpu_core;62;local_machine;;cpu_state=idle
kernel_cpu_time_ms;2026-03-25T00:42:16.798412249Z;0;cpu_core;62;local_machine;;cpu_state=irq
kernel_cpu_time_ms;2026-03-25T00:42:16.798412249Z;0;cpu_core;62;local_machine;;cpu_state=softirq
kernel_cpu_time_ms;2026-03-25T00:42:16.798412249Z;0;cpu_core;62;local_machine;;cpu_state=steal
kernel_cpu_time_ms;2026-03-25T00:42:16.798412249Z;0;cpu_core;62;local_machine;;cpu_state=guest
kernel_cpu_time_ms;2026-03-25T00:42:16.798412249Z;0;cpu_core;62;local_machine;;cpu_state=guest_nice
kernel_cpu_time_ms;2026-03-25T00:42:16.798412249Z;0;cpu_core;63;local_machine;;cpu_state=user
kernel_cpu_time_ms;2026-03-25T00:42:16.798412249Z;0;cpu_core;63;local_machine;;cpu_state=nice
kernel_cpu_time_ms;2026-03-25T00:42:16.798412249Z;0;cpu_core;63;local_machine;;cpu_state=system
kernel_cpu_time_ms;2026-03-25T00:42:16.798412249Z;500;cpu_core;63;local_machine;;cpu_state=idle
kernel_cpu_time_ms;2026-03-25T00:42:16.798412249Z;0;cpu_core;63;local_machine;;cpu_state=irq
kernel_cpu_time_ms;2026-03-25T00:42:16.798412249Z;0;cpu_core;63;local_machine;;cpu_state=softirq
kernel_cpu_time_ms;2026-03-25T00:42:16.798412249Z;0;cpu_core;63;local_machine;;cpu_state=steal
kernel_cpu_time_ms;2026-03-25T00:42:16.798412249Z;0;cpu_core;63;local_machine;;cpu_state=guest
kernel_cpu_time_ms;2026-03-25T00:42:16.798412249Z;0;cpu_core;63;local_machine;;cpu_state=guest_nice
kernel_cpu_time_ms;2026-03-25T00:42:16.798412249Z;0;cpu_core;64;local_machine;;cpu_state=user
kernel_cpu_time_ms;2026-03-25T00:42:16.798412249Z;0;cpu_core;64;local_machine;;cpu_state=nice
kernel_cpu_time_ms;2026-03-25T00:42:16.798412249Z;0;cpu_core;64;local_machine;;cpu_state=system
kernel_cpu_time_ms;2026-03-25T00:42:16.798412249Z;500;cpu_core;64;local_machine;;cpu_state=idle
kernel_cpu_time_ms;2026-03-25T00:42:16.798412249Z;0;cpu_core;64;local_machine;;cpu_state=irq
kernel_cpu_time_ms;2026-03-25T00:42:16.798412249Z;0;cpu_core;64;local_machine;;cpu_state=softirq
kernel_cpu_time_ms;2026-03-25T00:42:16.798412249Z;0;cpu_core;64;local_machine;;cpu_state=steal
kernel_cpu_time_ms;2026-03-25T00:42:16.798412249Z;0;cpu_core;64;local_machine;;cpu_state=guest
kernel_cpu_time_ms;2026-03-25T00:42:16.798412249Z;0;cpu_core;64;local_machine;;cpu_state=guest_nice
kernel_cpu_time_ms;2026-03-25T00:42:16.798412249Z;40;cpu_core;65;local_machine;;cpu_state=user
kernel_cpu_time_ms;2026-03-25T00:42:16.798412249Z;0;cpu_core;65;local_machine;;cpu_state=nice
kernel_cpu_time_ms;2026-03-25T00:42:16.798412249Z;10;cpu_core;65;local_machine;;cpu_state=system
kernel_cpu_time_ms;2026-03-25T00:42:16.798412249Z;450;cpu_core;65;local_machine;;cpu_state=idle
kernel_cpu_time_ms;2026-03-25T00:42:16.798412249Z;0;cpu_core;65;local_machine;;cpu_state=irq
kernel_cpu_time_ms;2026-03-25T00:42:16.798412249Z;0;cpu_core;65;local_machine;;cpu_state=softirq
kernel_cpu_time_ms;2026-03-25T00:42:16.798412249Z;0;cpu_core;65;local_machine;;cpu_state=steal
kernel_cpu_time_ms;2026-03-25T00:42:16.798412249Z;0;cpu_core;65;local_machine;;cpu_state=guest
kernel_cpu_time_ms;2026-03-25T00:42:16.798412249Z;0;cpu_core;65;local_machine;;cpu_state=guest_nice
kernel_cpu_time_ms;2026-03-25T00:42:16.798412249Z;0;cpu_core;66;local_machine;;cpu_state=user
kernel_cpu_time_ms;2026-03-25T00:42:16.798412249Z;0;cpu_core;66;local_machine;;cpu_state=nice
kernel_cpu_time_ms;2026-03-25T00:42:16.798412249Z;0;cpu_core;66;local_machine;;cpu_state=system
kernel_cpu_time_ms;2026-03-25T00:42:16.798412249Z;500;cpu_core;66;local_machine;;cpu_state=idle
kernel_cpu_time_ms;2026-03-25T00:42:16.798412249Z;0;cpu_core;66;local_machine;;cpu_state=irq
kernel_cpu_time_ms;2026-03-25T00:42:16.798412249Z;0;cpu_core;66;local_machine;;cpu_state=softirq
kernel_cpu_time_ms;2026-03-25T00:42:16.798412249Z;0;cpu_core;66;local_machine;;cpu_state=steal
kernel_cpu_time_ms;2026-03-25T00:42:16.798412249Z;0;cpu_core;66;local_machine;;cpu_state=guest
kernel_cpu_time_ms;2026-03-25T00:42:16.798412249Z;0;cpu_core;66;local_machine;;cpu_state=guest_nice
kernel_cpu_time_ms;2026-03-25T00:42:16.798412249Z;0;cpu_core;67;local_machine;;cpu_state=user
kernel_cpu_time_ms;2026-03-25T00:42:16.798412249Z;0;cpu_core;67;local_machine;;cpu_state=nice
kernel_cpu_time_ms;2026-03-25T00:42:16.798412249Z;10;cpu_core;67;local_machine;;cpu_state=system
kernel_cpu_time_ms;2026-03-25T00:42:16.798412249Z;500;cpu_core;67;local_machine;;cpu_state=idle
kernel_cpu_time_ms;2026-03-25T00:42:16.798412249Z;0;cpu_core;67;local_machine;;cpu_state=irq
kernel_cpu_time_ms;2026-03-25T00:42:16.798412249Z;0;cpu_core;67;local_machine;;cpu_state=softirq
kernel_cpu_time_ms;2026-03-25T00:42:16.798412249Z;0;cpu_core;67;local_machine;;cpu_state=steal
kernel_cpu_time_ms;2026-03-25T00:42:16.798412249Z;0;cpu_core;67;local_machine;;cpu_state=guest
kernel_cpu_time_ms;2026-03-25T00:42:16.798412249Z;0;cpu_core;67;local_machine;;cpu_state=guest_nice
kernel_cpu_time_ms;2026-03-25T00:42:16.798412249Z;0;cpu_core;68;local_machine;;cpu_state=user
kernel_cpu_time_ms;2026-03-25T00:42:16.798412249Z;0;cpu_core;68;local_machine;;cpu_state=nice
kernel_cpu_time_ms;2026-03-25T00:42:16.798412249Z;0;cpu_core;68;local_machine;;cpu_state=system
kernel_cpu_time_ms;2026-03-25T00:42:16.798412249Z;500;cpu_core;68;local_machine;;cpu_state=idle
kernel_cpu_time_ms;2026-03-25T00:42:16.798412249Z;0;cpu_core;68;local_machine;;cpu_state=irq
kernel_cpu_time_ms;2026-03-25T00:42:16.798412249Z;0;cpu_core;68;local_machine;;cpu_state=softirq
kernel_cpu_time_ms;2026-03-25T00:42:16.798412249Z;0;cpu_core;68;local_machine;;cpu_state=steal
kernel_cpu_time_ms;2026-03-25T00:42:16.798412249Z;0;cpu_core;68;local_machine;;cpu_state=guest
kernel_cpu_time_ms;2026-03-25T00:42:16.798412249Z;0;cpu_core;68;local_machine;;cpu_state=guest_nice
kernel_cpu_time_ms;2026-03-25T00:42:16.798412249Z;0;cpu_core;69;local_machine;;cpu_state=user
kernel_cpu_time_ms;2026-03-25T00:42:16.798412249Z;0;cpu_core;69;local_machine;;cpu_state=nice
kernel_cpu_time_ms;2026-03-25T00:42:16.798412249Z;0;cpu_core;69;local_machine;;cpu_state=system
kernel_cpu_time_ms;2026-03-25T00:42:16.798412249Z;500;cpu_core;69;local_machine;;cpu_state=idle
kernel_cpu_time_ms;2026-03-25T00:42:16.798412249Z;0;cpu_core;69;local_machine;;cpu_state=irq
kernel_cpu_time_ms;2026-03-25T00:42:16.798412249Z;0;cpu_core;69;local_machine;;cpu_state=softirq
kernel_cpu_time_ms;2026-03-25T00:42:16.798412249Z;0;cpu_core;69;local_machine;;cpu_state=steal
kernel_cpu_time_ms;2026-03-25T00:42:16.798412249Z;0;cpu_core;69;local_machine;;cpu_state=guest
kernel_cpu_time_ms;2026-03-25T00:42:16.798412249Z;0;cpu_core;69;local_machine;;cpu_state=guest_nice
kernel_cpu_time_ms;2026-03-25T00:42:16.798412249Z;0;cpu_core;70;local_machine;;cpu_state=user
kernel_cpu_time_ms;2026-03-25T00:42:16.798412249Z;0;cpu_core;70;local_machine;;cpu_state=nice
kernel_cpu_time_ms;2026-03-25T00:42:16.798412249Z;0;cpu_core;70;local_machine;;cpu_state=system
kernel_cpu_time_ms;2026-03-25T00:42:16.798412249Z;500;cpu_core;70;local_machine;;cpu_state=idle
kernel_cpu_time_ms;2026-03-25T00:42:16.798412249Z;0;cpu_core;70;local_machine;;cpu_state=irq
kernel_cpu_time_ms;2026-03-25T00:42:16.798412249Z;0;cpu_core;70;local_machine;;cpu_state=softirq
kernel_cpu_time_ms;2026-03-25T00:42:16.798412249Z;0;cpu_core;70;local_machine;;cpu_state=steal
kernel_cpu_time_ms;2026-03-25T00:42:16.798412249Z;0;cpu_core;70;local_machine;;cpu_state=guest
kernel_cpu_time_ms;2026-03-25T00:42:16.798412249Z;0;cpu_core;70;local_machine;;cpu_state=guest_nice
kernel_cpu_time_ms;2026-03-25T00:42:16.798412249Z;0;cpu_core;71;local_machine;;cpu_state=user
kernel_cpu_time_ms;2026-03-25T00:42:16.798412249Z;0;cpu_core;71;local_machine;;cpu_state=nice
kernel_cpu_time_ms;2026-03-25T00:42:16.798412249Z;0;cpu_core;71;local_machine;;cpu_state=system
kernel_cpu_time_ms;2026-03-25T00:42:16.798412249Z;500;cpu_core;71;local_machine;;cpu_state=idle
kernel_cpu_time_ms;2026-03-25T00:42:16.798412249Z;0;cpu_core;71;local_machine;;cpu_state=irq
kernel_cpu_time_ms;2026-03-25T00:42:16.798412249Z;0;cpu_core;71;local_machine;;cpu_state=softirq
kernel_cpu_time_ms;2026-03-25T00:42:16.798412249Z;0;cpu_core;71;local_machine;;cpu_state=steal
kernel_cpu_time_ms;2026-03-25T00:42:16.798412249Z;0;cpu_core;71;local_machine;;cpu_state=guest
kernel_cpu_time_ms;2026-03-25T00:42:16.798412249Z;0;cpu_core;71;local_machine;;cpu_state=guest_nice
kernel_cpu_time_ms;2026-03-25T00:42:16.798412249Z;0;cpu_core;72;local_machine;;cpu_state=user
kernel_cpu_time_ms;2026-03-25T00:42:16.798412249Z;0;cpu_core;72;local_machine;;cpu_state=nice
kernel_cpu_time_ms;2026-03-25T00:42:16.798412249Z;0;cpu_core;72;local_machine;;cpu_state=system
kernel_cpu_time_ms;2026-03-25T00:42:16.798412249Z;490;cpu_core;72;local_machine;;cpu_state=idle
kernel_cpu_time_ms;2026-03-25T00:42:16.798412249Z;0;cpu_core;72;local_machine;;cpu_state=irq
kernel_cpu_time_ms;2026-03-25T00:42:16.798412249Z;0;cpu_core;72;local_machine;;cpu_state=softirq
kernel_cpu_time_ms;2026-03-25T00:42:16.798412249Z;0;cpu_core;72;local_machine;;cpu_state=steal
kernel_cpu_time_ms;2026-03-25T00:42:16.798412249Z;0;cpu_core;72;local_machine;;cpu_state=guest
kernel_cpu_time_ms;2026-03-25T00:42:16.798412249Z;0;cpu_core;72;local_machine;;cpu_state=guest_nice
kernel_cpu_time_ms;2026-03-25T00:42:16.798412249Z;0;cpu_core;73;local_machine;;cpu_state=user
kernel_cpu_time_ms;2026-03-25T00:42:16.798412249Z;0;cpu_core;73;local_machine;;cpu_state=nice
kernel_cpu_time_ms;2026-03-25T00:42:16.798412249Z;0;cpu_core;73;local_machine;;cpu_state=system
kernel_cpu_time_ms;2026-03-25T00:42:16.798412249Z;500;cpu_core;73;local_machine;;cpu_state=idle
kernel_cpu_time_ms;2026-03-25T00:42:16.798412249Z;0;cpu_core;73;local_machine;;cpu_state=irq
kernel_cpu_time_ms;2026-03-25T00:42:16.798412249Z;0;cpu_core;73;local_machine;;cpu_state=softirq
kernel_cpu_time_ms;2026-03-25T00:42:16.798412249Z;0;cpu_core;73;local_machine;;cpu_state=steal
kernel_cpu_time_ms;2026-03-25T00:42:16.798412249Z;0;cpu_core;73;local_machine;;cpu_state=guest
kernel_cpu_time_ms;2026-03-25T00:42:16.798412249Z;0;cpu_core;73;local_machine;;cpu_state=guest_nice
kernel_cpu_time_ms;2026-03-25T00:42:16.798412249Z;0;cpu_core;74;local_machine;;cpu_state=user
kernel_cpu_time_ms;2026-03-25T00:42:16.798412249Z;0;cpu_core;74;local_machine;;cpu_state=nice
kernel_cpu_time_ms;2026-03-25T00:42:16.798412249Z;0;cpu_core;74;local_machine;;cpu_state=system
kernel_cpu_time_ms;2026-03-25T00:42:16.798412249Z;500;cpu_core;74;local_machine;;cpu_state=idle
kernel_cpu_time_ms;2026-03-25T00:42:16.798412249Z;0;cpu_core;74;local_machine;;cpu_state=irq
kernel_cpu_time_ms;2026-03-25T00:42:16.798412249Z;0;cpu_core;74;local_machine;;cpu_state=softirq
kernel_cpu_time_ms;2026-03-25T00:42:16.798412249Z;0;cpu_core;74;local_machine;;cpu_state=steal
kernel_cpu_time_ms;2026-03-25T00:42:16.798412249Z;0;cpu_core;74;local_machine;;cpu_state=guest
kernel_cpu_time_ms;2026-03-25T00:42:16.798412249Z;0;cpu_core;74;local_machine;;cpu_state=guest_nice
kernel_cpu_time_ms;2026-03-25T00:42:16.798412249Z;0;cpu_core;75;local_machine;;cpu_state=user
kernel_cpu_time_ms;2026-03-25T00:42:16.798412249Z;0;cpu_core;75;local_machine;;cpu_state=nice
kernel_cpu_time_ms;2026-03-25T00:42:16.798412249Z;10;cpu_core;75;local_machine;;cpu_state=system
kernel_cpu_time_ms;2026-03-25T00:42:16.798412249Z;500;cpu_core;75;local_machine;;cpu_state=idle
kernel_cpu_time_ms;2026-03-25T00:42:16.798412249Z;0;cpu_core;75;local_machine;;cpu_state=irq
kernel_cpu_time_ms;2026-03-25T00:42:16.798412249Z;0;cpu_core;75;local_machine;;cpu_state=softirq
kernel_cpu_time_ms;2026-03-25T00:42:16.798412249Z;0;cpu_core;75;local_machine;;cpu_state=steal
kernel_cpu_time_ms;2026-03-25T00:42:16.798412249Z;0;cpu_core;75;local_machine;;cpu_state=guest
kernel_cpu_time_ms;2026-03-25T00:42:16.798412249Z;0;cpu_core;75;local_machine;;cpu_state=guest_nice
kernel_cpu_time_ms;2026-03-25T00:42:16.798412249Z;0;cpu_core;76;local_machine;;cpu_state=user
kernel_cpu_time_ms;2026-03-25T00:42:16.798412249Z;0;cpu_core;76;local_machine;;cpu_state=nice
kernel_cpu_time_ms;2026-03-25T00:42:16.798412249Z;0;cpu_core;76;local_machine;;cpu_state=system
kernel_cpu_time_ms;2026-03-25T00:42:16.798412249Z;500;cpu_core;76;local_machine;;cpu_state=idle
kernel_cpu_time_ms;2026-03-25T00:42:16.798412249Z;0;cpu_core;76;local_machine;;cpu_state=irq
kernel_cpu_time_ms;2026-03-25T00:42:16.798412249Z;0;cpu_core;76;local_machine;;cpu_state=softirq
kernel_cpu_time_ms;2026-03-25T00:42:16.798412249Z;0;cpu_core;76;local_machine;;cpu_state=steal
kernel_cpu_time_ms;2026-03-25T00:42:16.798412249Z;0;cpu_core;76;local_machine;;cpu_state=guest
kernel_cpu_time_ms;2026-03-25T00:42:16.798412249Z;0;cpu_core;76;local_machine;;cpu_state=guest_nice
kernel_cpu_time_ms;2026-03-25T00:42:16.798412249Z;0;cpu_core;77;local_machine;;cpu_state=user
kernel_cpu_time_ms;2026-03-25T00:42:16.798412249Z;0;cpu_core;77;local_machine;;cpu_state=nice
kernel_cpu_time_ms;2026-03-25T00:42:16.798412249Z;0;cpu_core;77;local_machine;;cpu_state=system
kernel_cpu_time_ms;2026-03-25T00:42:16.798412249Z;500;cpu_core;77;local_machine;;cpu_state=idle
kernel_cpu_time_ms;2026-03-25T00:42:16.798412249Z;0;cpu_core;77;local_machine;;cpu_state=irq
kernel_cpu_time_ms;2026-03-25T00:42:16.798412249Z;0;cpu_core;77;local_machine;;cpu_state=softirq
kernel_cpu_time_ms;2026-03-25T00:42:16.798412249Z;0;cpu_core;77;local_machine;;cpu_state=steal
kernel_cpu_time_ms;2026-03-25T00:42:16.798412249Z;0;cpu_core;77;local_machine;;cpu_state=guest
kernel_cpu_time_ms;2026-03-25T00:42:16.798412249Z;0;cpu_core;77;local_machine;;cpu_state=guest_nice
kernel_cpu_time_ms;2026-03-25T00:42:16.798412249Z;0;cpu_core;78;local_machine;;cpu_state=user
kernel_cpu_time_ms;2026-03-25T00:42:16.798412249Z;0;cpu_core;78;local_machine;;cpu_state=nice
kernel_cpu_time_ms;2026-03-25T00:42:16.798412249Z;0;cpu_core;78;local_machine;;cpu_state=system
kernel_cpu_time_ms;2026-03-25T00:42:16.798412249Z;500;cpu_core;78;local_machine;;cpu_state=idle
kernel_cpu_time_ms;2026-03-25T00:42:16.798412249Z;0;cpu_core;78;local_machine;;cpu_state=irq
kernel_cpu_time_ms;2026-03-25T00:42:16.798412249Z;0;cpu_core;78;local_machine;;cpu_state=softirq
kernel_cpu_time_ms;2026-03-25T00:42:16.798412249Z;0;cpu_core;78;local_machine;;cpu_state=steal
kernel_cpu_time_ms;2026-03-25T00:42:16.798412249Z;0;cpu_core;78;local_machine;;cpu_state=guest
kernel_cpu_time_ms;2026-03-25T00:42:16.798412249Z;0;cpu_core;78;local_machine;;cpu_state=guest_nice
kernel_cpu_time_ms;2026-03-25T00:42:16.798412249Z;0;cpu_core;79;local_machine;;cpu_state=user
kernel_cpu_time_ms;2026-03-25T00:42:16.798412249Z;0;cpu_core;79;local_machine;;cpu_state=nice
kernel_cpu_time_ms;2026-03-25T00:42:16.798412249Z;0;cpu_core;79;local_machine;;cpu_state=system
kernel_cpu_time_ms;2026-03-25T00:42:16.798412249Z;500;cpu_core;79;local_machine;;cpu_state=idle
kernel_cpu_time_ms;2026-03-25T00:42:16.798412249Z;0;cpu_core;79;local_machine;;cpu_state=irq
kernel_cpu_time_ms;2026-03-25T00:42:16.798412249Z;0;cpu_core;79;local_machine;;cpu_state=softirq
kernel_cpu_time_ms;2026-03-25T00:42:16.798412249Z;0;cpu_core;79;local_machine;;cpu_state=steal
kernel_cpu_time_ms;2026-03-25T00:42:16.798412249Z;0;cpu_core;79;local_machine;;cpu_state=guest
kernel_cpu_time_ms;2026-03-25T00:42:16.798412249Z;0;cpu_core;79;local_machine;;cpu_state=guest_nice
kernel_cpu_time_ms;2026-03-25T00:42:16.798412249Z;0;cpu_core;80;local_machine;;cpu_state=user
kernel_cpu_time_ms;2026-03-25T00:42:16.798412249Z;0;cpu_core;80;local_machine;;cpu_state=nice
kernel_cpu_time_ms;2026-03-25T00:42:16.798412249Z;0;cpu_core;80;local_machine;;cpu_state=system
kernel_cpu_time_ms;2026-03-25T00:42:16.798412249Z;500;cpu_core;80;local_machine;;cpu_state=idle
kernel_cpu_time_ms;2026-03-25T00:42:16.798412249Z;0;cpu_core;80;local_machine;;cpu_state=irq
kernel_cpu_time_ms;2026-03-25T00:42:16.798412249Z;0;cpu_core;80;local_machine;;cpu_state=softirq
kernel_cpu_time_ms;2026-03-25T00:42:16.798412249Z;0;cpu_core;80;local_machine;;cpu_state=steal
kernel_cpu_time_ms;2026-03-25T00:42:16.798412249Z;0;cpu_core;80;local_machine;;cpu_state=guest
kernel_cpu_time_ms;2026-03-25T00:42:16.798412249Z;0;cpu_core;80;local_machine;;cpu_state=guest_nice
kernel_cpu_time_ms;2026-03-25T00:42:16.798412249Z;0;cpu_core;81;local_machine;;cpu_state=user
kernel_cpu_time_ms;2026-03-25T00:42:16.798412249Z;0;cpu_core;81;local_machine;;cpu_state=nice
kernel_cpu_time_ms;2026-03-25T00:42:16.798412249Z;0;cpu_core;81;local_machine;;cpu_state=system
kernel_cpu_time_ms;2026-03-25T00:42:16.798412249Z;500;cpu_core;81;local_machine;;cpu_state=idle
kernel_cpu_time_ms;2026-03-25T00:42:16.798412249Z;0;cpu_core;81;local_machine;;cpu_state=irq
kernel_cpu_time_ms;2026-03-25T00:42:16.798412249Z;0;cpu_core;81;local_machine;;cpu_state=softirq
kernel_cpu_time_ms;2026-03-25T00:42:16.798412249Z;0;cpu_core;81;local_machine;;cpu_state=steal
kernel_cpu_time_ms;2026-03-25T00:42:16.798412249Z;0;cpu_core;81;local_machine;;cpu_state=guest
kernel_cpu_time_ms;2026-03-25T00:42:16.798412249Z;0;cpu_core;81;local_machine;;cpu_state=guest_nice
kernel_cpu_time_ms;2026-03-25T00:42:16.798412249Z;20;cpu_core;82;local_machine;;cpu_state=user
kernel_cpu_time_ms;2026-03-25T00:42:16.798412249Z;0;cpu_core;82;local_machine;;cpu_state=nice
kernel_cpu_time_ms;2026-03-25T00:42:16.798412249Z;0;cpu_core;82;local_machine;;cpu_state=system
kernel_cpu_time_ms;2026-03-25T00:42:16.798412249Z;470;cpu_core;82;local_machine;;cpu_state=idle
kernel_cpu_time_ms;2026-03-25T00:42:16.798412249Z;0;cpu_core;82;local_machine;;cpu_state=irq
kernel_cpu_time_ms;2026-03-25T00:42:16.798412249Z;0;cpu_core;82;local_machine;;cpu_state=softirq
kernel_cpu_time_ms;2026-03-25T00:42:16.798412249Z;0;cpu_core;82;local_machine;;cpu_state=steal
kernel_cpu_time_ms;2026-03-25T00:42:16.798412249Z;0;cpu_core;82;local_machine;;cpu_state=guest
kernel_cpu_time_ms;2026-03-25T00:42:16.798412249Z;0;cpu_core;82;local_machine;;cpu_state=guest_nice
kernel_cpu_time_ms;2026-03-25T00:42:16.798412249Z;0;cpu_core;83;local_machine;;cpu_state=user
kernel_cpu_time_ms;2026-03-25T00:42:16.798412249Z;0;cpu_core;83;local_machine;;cpu_state=nice
kernel_cpu_time_ms;2026-03-25T00:42:16.798412249Z;0;cpu_core;83;local_machine;;cpu_state=system
kernel_cpu_time_ms;2026-03-25T00:42:16.798412249Z;500;cpu_core;83;local_machine;;cpu_state=idle
kernel_cpu_time_ms;2026-03-25T00:42:16.798412249Z;0;cpu_core;83;local_machine;;cpu_state=irq
kernel_cpu_time_ms;2026-03-25T00:42:16.798412249Z;0;cpu_core;83;local_machine;;cpu_state=softirq
kernel_cpu_time_ms;2026-03-25T00:42:16.798412249Z;0;cpu_core;83;local_machine;;cpu_state=steal
kernel_cpu_time_ms;2026-03-25T00:42:16.798412249Z;0;cpu_core;83;local_machine;;cpu_state=guest
kernel_cpu_time_ms;2026-03-25T00:42:16.798412249Z;0;cpu_core;83;local_machine;;cpu_state=guest_nice
kernel_cpu_time_ms;2026-03-25T00:42:16.798412249Z;0;cpu_core;84;local_machine;;cpu_state=user
kernel_cpu_time_ms;2026-03-25T00:42:16.798412249Z;0;cpu_core;84;local_machine;;cpu_state=nice
kernel_cpu_time_ms;2026-03-25T00:42:16.798412249Z;0;cpu_core;84;local_machine;;cpu_state=system
kernel_cpu_time_ms;2026-03-25T00:42:16.798412249Z;500;cpu_core;84;local_machine;;cpu_state=idle
kernel_cpu_time_ms;2026-03-25T00:42:16.798412249Z;0;cpu_core;84;local_machine;;cpu_state=irq
kernel_cpu_time_ms;2026-03-25T00:42:16.798412249Z;0;cpu_core;84;local_machine;;cpu_state=softirq
kernel_cpu_time_ms;2026-03-25T00:42:16.798412249Z;0;cpu_core;84;local_machine;;cpu_state=steal
kernel_cpu_time_ms;2026-03-25T00:42:16.798412249Z;0;cpu_core;84;local_machine;;cpu_state=guest
kernel_cpu_time_ms;2026-03-25T00:42:16.798412249Z;0;cpu_core;84;local_machine;;cpu_state=guest_nice
kernel_cpu_time_ms;2026-03-25T00:42:16.798412249Z;0;cpu_core;85;local_machine;;cpu_state=user
kernel_cpu_time_ms;2026-03-25T00:42:16.798412249Z;0;cpu_core;85;local_machine;;cpu_state=nice
kernel_cpu_time_ms;2026-03-25T00:42:16.798412249Z;0;cpu_core;85;local_machine;;cpu_state=system
kernel_cpu_time_ms;2026-03-25T00:42:16.798412249Z;500;cpu_core;85;local_machine;;cpu_state=idle
kernel_cpu_time_ms;2026-03-25T00:42:16.798412249Z;0;cpu_core;85;local_machine;;cpu_state=irq
kernel_cpu_time_ms;2026-03-25T00:42:16.798412249Z;0;cpu_core;85;local_machine;;cpu_state=softirq
kernel_cpu_time_ms;2026-03-25T00:42:16.798412249Z;0;cpu_core;85;local_machine;;cpu_state=steal
kernel_cpu_time_ms;2026-03-25T00:42:16.798412249Z;0;cpu_core;85;local_machine;;cpu_state=guest
kernel_cpu_time_ms;2026-03-25T00:42:16.798412249Z;0;cpu_core;85;local_machine;;cpu_state=guest_nice
kernel_cpu_time_ms;2026-03-25T00:42:16.798412249Z;0;cpu_core;86;local_machine;;cpu_state=user
kernel_cpu_time_ms;2026-03-25T00:42:16.798412249Z;0;cpu_core;86;local_machine;;cpu_state=nice
kernel_cpu_time_ms;2026-03-25T00:42:16.798412249Z;0;cpu_core;86;local_machine;;cpu_state=system
kernel_cpu_time_ms;2026-03-25T00:42:16.798412249Z;500;cpu_core;86;local_machine;;cpu_state=idle
kernel_cpu_time_ms;2026-03-25T00:42:16.798412249Z;0;cpu_core;86;local_machine;;cpu_state=irq
kernel_cpu_time_ms;2026-03-25T00:42:16.798412249Z;0;cpu_core;86;local_machine;;cpu_state=softirq
kernel_cpu_time_ms;2026-03-25T00:42:16.798412249Z;0;cpu_core;86;local_machine;;cpu_state=steal
kernel_cpu_time_ms;2026-03-25T00:42:16.798412249Z;0;cpu_core;86;local_machine;;cpu_state=guest
kernel_cpu_time_ms;2026-03-25T00:42:16.798412249Z;0;cpu_core;86;local_machine;;cpu_state=guest_nice
kernel_cpu_time_ms;2026-03-25T00:42:16.798412249Z;0;cpu_core;87;local_machine;;cpu_state=user
kernel_cpu_time_ms;2026-03-25T00:42:16.798412249Z;0;cpu_core;87;local_machine;;cpu_state=nice
kernel_cpu_time_ms;2026-03-25T00:42:16.798412249Z;0;cpu_core;87;local_machine;;cpu_state=system
kernel_cpu_time_ms;2026-03-25T00:42:16.798412249Z;500;cpu_core;87;local_machine;;cpu_state=idle
kernel_cpu_time_ms;2026-03-25T00:42:16.798412249Z;0;cpu_core;87;local_machine;;cpu_state=irq
kernel_cpu_time_ms;2026-03-25T00:42:16.798412249Z;0;cpu_core;87;local_machine;;cpu_state=softirq
kernel_cpu_time_ms;2026-03-25T00:42:16.798412249Z;0;cpu_core;87;local_machine;;cpu_state=steal
kernel_cpu_time_ms;2026-03-25T00:42:16.798412249Z;0;cpu_core;87;local_machine;;cpu_state=guest
kernel_cpu_time_ms;2026-03-25T00:42:16.798412249Z;0;cpu_core;87;local_machine;;cpu_state=guest_nice
kernel_cpu_time_ms;2026-03-25T00:42:16.798412249Z;0;cpu_core;88;local_machine;;cpu_state=user
kernel_cpu_time_ms;2026-03-25T00:42:16.798412249Z;0;cpu_core;88;local_machine;;cpu_state=nice
kernel_cpu_time_ms;2026-03-25T00:42:16.798412249Z;0;cpu_core;88;local_machine;;cpu_state=system
kernel_cpu_time_ms;2026-03-25T00:42:16.798412249Z;500;cpu_core;88;local_machine;;cpu_state=idle
kernel_cpu_time_ms;2026-03-25T00:42:16.798412249Z;0;cpu_core;88;local_machine;;cpu_state=irq
kernel_cpu_time_ms;2026-03-25T00:42:16.798412249Z;0;cpu_core;88;local_machine;;cpu_state=softirq
kernel_cpu_time_ms;2026-03-25T00:42:16.798412249Z;0;cpu_core;88;local_machine;;cpu_state=steal
kernel_cpu_time_ms;2026-03-25T00:42:16.798412249Z;0;cpu_core;88;local_machine;;cpu_state=guest
kernel_cpu_time_ms;2026-03-25T00:42:16.798412249Z;0;cpu_core;88;local_machine;;cpu_state=guest_nice
kernel_cpu_time_ms;2026-03-25T00:42:16.798412249Z;0;cpu_core;89;local_machine;;cpu_state=user
kernel_cpu_time_ms;2026-03-25T00:42:16.798412249Z;0;cpu_core;89;local_machine;;cpu_state=nice
kernel_cpu_time_ms;2026-03-25T00:42:16.798412249Z;0;cpu_core;89;local_machine;;cpu_state=system
kernel_cpu_time_ms;2026-03-25T00:42:16.798412249Z;500;cpu_core;89;local_machine;;cpu_state=idle
kernel_cpu_time_ms;2026-03-25T00:42:16.798412249Z;0;cpu_core;89;local_machine;;cpu_state=irq
kernel_cpu_time_ms;2026-03-25T00:42:16.798412249Z;0;cpu_core;89;local_machine;;cpu_state=softirq
kernel_cpu_time_ms;2026-03-25T00:42:16.798412249Z;0;cpu_core;89;local_machine;;cpu_state=steal
kernel_cpu_time_ms;2026-03-25T00:42:16.798412249Z;0;cpu_core;89;local_machine;;cpu_state=guest
kernel_cpu_time_ms;2026-03-25T00:42:16.798412249Z;0;cpu_core;89;local_machine;;cpu_state=guest_nice
kernel_cpu_time_ms;2026-03-25T00:42:16.798412249Z;0;cpu_core;90;local_machine;;cpu_state=user
kernel_cpu_time_ms;2026-03-25T00:42:16.798412249Z;0;cpu_core;90;local_machine;;cpu_state=nice
kernel_cpu_time_ms;2026-03-25T00:42:16.798412249Z;0;cpu_core;90;local_machine;;cpu_state=system
kernel_cpu_time_ms;2026-03-25T00:42:16.798412249Z;500;cpu_core;90;local_machine;;cpu_state=idle
kernel_cpu_time_ms;2026-03-25T00:42:16.798412249Z;0;cpu_core;90;local_machine;;cpu_state=irq
kernel_cpu_time_ms;2026-03-25T00:42:16.798412249Z;0;cpu_core;90;local_machine;;cpu_state=softirq
kernel_cpu_time_ms;2026-03-25T00:42:16.798412249Z;0;cpu_core;90;local_machine;;cpu_state=steal
kernel_cpu_time_ms;2026-03-25T00:42:16.798412249Z;0;cpu_core;90;local_machine;;cpu_state=guest
kernel_cpu_time_ms;2026-03-25T00:42:16.798412249Z;0;cpu_core;90;local_machine;;cpu_state=guest_nice
kernel_cpu_time_ms;2026-03-25T00:42:16.798412249Z;0;cpu_core;91;local_machine;;cpu_state=user
kernel_cpu_time_ms;2026-03-25T00:42:16.798412249Z;0;cpu_core;91;local_machine;;cpu_state=nice
kernel_cpu_time_ms;2026-03-25T00:42:16.798412249Z;0;cpu_core;91;local_machine;;cpu_state=system
kernel_cpu_time_ms;2026-03-25T00:42:16.798412249Z;500;cpu_core;91;local_machine;;cpu_state=idle
kernel_cpu_time_ms;2026-03-25T00:42:16.798412249Z;0;cpu_core;91;local_machine;;cpu_state=irq
kernel_cpu_time_ms;2026-03-25T00:42:16.798412249Z;0;cpu_core;91;local_machine;;cpu_state=softirq
kernel_cpu_time_ms;2026-03-25T00:42:16.798412249Z;0;cpu_core;91;local_machine;;cpu_state=steal
kernel_cpu_time_ms;2026-03-25T00:42:16.798412249Z;0;cpu_core;91;local_machine;;cpu_state=guest
kernel_cpu_time_ms;2026-03-25T00:42:16.798412249Z;0;cpu_core;91;local_machine;;cpu_state=guest_nice
kernel_cpu_time_ms;2026-03-25T00:42:16.798412249Z;0;cpu_core;92;local_machine;;cpu_state=user
kernel_cpu_time_ms;2026-03-25T00:42:16.798412249Z;0;cpu_core;92;local_machine;;cpu_state=nice
kernel_cpu_time_ms;2026-03-25T00:42:16.798412249Z;0;cpu_core;92;local_machine;;cpu_state=system
kernel_cpu_time_ms;2026-03-25T00:42:16.798412249Z;500;cpu_core;92;local_machine;;cpu_state=idle
kernel_cpu_time_ms;2026-03-25T00:42:16.798412249Z;0;cpu_core;92;local_machine;;cpu_state=irq
kernel_cpu_time_ms;2026-03-25T00:42:16.798412249Z;0;cpu_core;92;local_machine;;cpu_state=softirq
kernel_cpu_time_ms;2026-03-25T00:42:16.798412249Z;0;cpu_core;92;local_machine;;cpu_state=steal
kernel_cpu_time_ms;2026-03-25T00:42:16.798412249Z;0;cpu_core;92;local_machine;;cpu_state=guest
kernel_cpu_time_ms;2026-03-25T00:42:16.798412249Z;0;cpu_core;92;local_machine;;cpu_state=guest_nice
kernel_cpu_time_ms;2026-03-25T00:42:16.798412249Z;0;cpu_core;93;local_machine;;cpu_state=user
kernel_cpu_time_ms;2026-03-25T00:42:16.798412249Z;0;cpu_core;93;local_machine;;cpu_state=nice
kernel_cpu_time_ms;2026-03-25T00:42:16.798412249Z;0;cpu_core;93;local_machine;;cpu_state=system
kernel_cpu_time_ms;2026-03-25T00:42:16.798412249Z;500;cpu_core;93;local_machine;;cpu_state=idle
kernel_cpu_time_ms;2026-03-25T00:42:16.798412249Z;0;cpu_core;93;local_machine;;cpu_state=irq
kernel_cpu_time_ms;2026-03-25T00:42:16.798412249Z;0;cpu_core;93;local_machine;;cpu_state=softirq
kernel_cpu_time_ms;2026-03-25T00:42:16.798412249Z;0;cpu_core;93;local_machine;;cpu_state=steal
kernel_cpu_time_ms;2026-03-25T00:42:16.798412249Z;0;cpu_core;93;local_machine;;cpu_state=guest
kernel_cpu_time_ms;2026-03-25T00:42:16.798412249Z;0;cpu_core;93;local_machine;;cpu_state=guest_nice
kernel_cpu_time_ms;2026-03-25T00:42:16.798412249Z;0;cpu_core;94;local_machine;;cpu_state=user
kernel_cpu_time_ms;2026-03-25T00:42:16.798412249Z;0;cpu_core;94;local_machine;;cpu_state=nice
kernel_cpu_time_ms;2026-03-25T00:42:16.798412249Z;10;cpu_core;94;local_machine;;cpu_state=system
kernel_cpu_time_ms;2026-03-25T00:42:16.798412249Z;500;cpu_core;94;local_machine;;cpu_state=idle
kernel_cpu_time_ms;2026-03-25T00:42:16.798412249Z;0;cpu_core;94;local_machine;;cpu_state=irq
kernel_cpu_time_ms;2026-03-25T00:42:16.798412249Z;0;cpu_core;94;local_machine;;cpu_state=softirq
kernel_cpu_time_ms;2026-03-25T00:42:16.798412249Z;0;cpu_core;94;local_machine;;cpu_state=steal
kernel_cpu_time_ms;2026-03-25T00:42:16.798412249Z;0;cpu_core;94;local_machine;;cpu_state=guest
kernel_cpu_time_ms;2026-03-25T00:42:16.798412249Z;0;cpu_core;94;local_machine;;cpu_state=guest_nice
kernel_cpu_time_ms;2026-03-25T00:42:16.798412249Z;0;cpu_core;95;local_machine;;cpu_state=user
kernel_cpu_time_ms;2026-03-25T00:42:16.798412249Z;0;cpu_core;95;local_machine;;cpu_state=nice
kernel_cpu_time_ms;2026-03-25T00:42:16.798412249Z;0;cpu_core;95;local_machine;;cpu_state=system
kernel_cpu_time_ms;2026-03-25T00:42:16.798412249Z;500;cpu_core;95;local_machine;;cpu_state=idle
kernel_cpu_time_ms;2026-03-25T00:42:16.798412249Z;0;cpu_core;95;local_machine;;cpu_state=irq
kernel_cpu_time_ms;2026-03-25T00:42:16.798412249Z;0;cpu_core;95;local_machine;;cpu_state=softirq
kernel_cpu_time_ms;2026-03-25T00:42:16.798412249Z;0;cpu_core;95;local_machine;;cpu_state=steal
kernel_cpu_time_ms;2026-03-25T00:42:16.798412249Z;0;cpu_core;95;local_machine;;cpu_state=guest
kernel_cpu_time_ms;2026-03-25T00:42:16.798412249Z;0;cpu_core;95;local_machine;;cpu_state=guest_nice
kernel_context_switches;2026-03-25T00:42:16.798412249Z;646;local_machine;;local_machine;;
kernel_new_forks;2026-03-25T00:42:16.798412249Z;5;local_machine;;local_machine;;
kernel_n_procs_running;2026-03-25T00:42:16.798412249Z;9;local_machine;;local_machine;;
kernel_n_procs_blocked;2026-03-25T00:42:16.798412249Z;0;local_machine;;local_machine;;
cpu_time_delta_ns;2026-03-25T00:42:16.299145769Z;360000000;local_machine;;process;900625;kind=user
cpu_time_delta_ns;2026-03-25T00:42:16.299145769Z;130000000;local_machine;;process;900625;kind=system
cpu_time_delta_ns;2026-03-25T00:42:16.299145769Z;0;local_machine;;process;900625;kind=guest
cpu_percent_%;2026-03-25T00:42:16.299145769Z;72.01136425741619;local_machine;;process;900625;kind=user
cpu_percent_%;2026-03-25T00:42:16.299145769Z;72.01136425741619;local_machine;;process;900625;kind=system
cpu_percent_%;2026-03-25T00:42:16.299145769Z;98.01546801703871;local_machine;;process;900625;kind=total
memory_usage_B;2026-03-25T00:42:16.299145769Z;611205120;local_machine;;process;900625;kind=resident
memory_usage_B;2026-03-25T00:42:16.299145769Z;299425792;local_machine;;process;900625;kind=shared
memory_usage_B;2026-03-25T00:42:16.299145769Z;21782802432;local_machine;;process;900625;kind=virtual
cpu_time_delta_ns;2026-03-25T00:42:16.799134721Z;300000000;local_machine;;process;900625;kind=user
cpu_time_delta_ns;2026-03-25T00:42:16.799134721Z;200000000;local_machine;;process;900625;kind=system
cpu_time_delta_ns;2026-03-25T00:42:16.799134721Z;0;local_machine;;process;900625;kind=guest
cpu_percent_%;2026-03-25T00:42:16.799134721Z;60.00132578929463;local_machine;;process;900625;kind=user
cpu_percent_%;2026-03-25T00:42:16.799134721Z;60.00132578929463;local_machine;;process;900625;kind=system
cpu_percent_%;2026-03-25T00:42:16.799134721Z;100.0022096488244;local_machine;;process;900625;kind=total
memory_usage_B;2026-03-25T00:42:16.799134721Z;1031704576;local_machine;;process;900625;kind=resident
memory_usage_B;2026-03-25T00:42:16.799134721Z;361144320;local_machine;;process;900625;kind=shared
memory_usage_B;2026-03-25T00:42:16.799134721Z;23249932288;local_machine;;process;900625;kind=virtual
attributed_energy_cpu_J;2026-03-25T00:42:16.29829945Z;152.74823963537813;local_machine;;process;900625;domain=package_total,kind=total
attributed_energy_cpu_J;2026-03-25T00:42:16.798358196Z;155.72715155463348;local_machine;;process;900625;domain=package_total,kind=total
nvml_energy_consumption_mJ;2026-03-25T00:42:16.298345245Z;16124;gpu;00000000:56:00.0;local_machine;;
nvml_instant_power_mW;2026-03-25T00:42:16.298345245Z;32858;gpu;00000000:56:00.0;local_machine;;
nvml_temperature_gpu_°C;2026-03-25T00:42:16.298345245Z;28;gpu;00000000:56:00.0;local_machine;;
nvml_gpu_utilization_%;2026-03-25T00:42:16.298345245Z;0;gpu;00000000:56:00.0;local_machine;;
nvml_memory_utilization_%;2026-03-25T00:42:16.298345245Z;0;gpu;00000000:56:00.0;local_machine;;
nvml_decoder_utilization_%;2026-03-25T00:42:16.298345245Z;0;gpu;00000000:56:00.0;local_machine;;
nvml_decoder_sampling_period_μs;2026-03-25T00:42:16.298345245Z;100000;gpu;00000000:56:00.0;local_machine;;
nvml_encoder_utilization_%;2026-03-25T00:42:16.298345245Z;0;gpu;00000000:56:00.0;local_machine;;
nvml_encoder_sampling_period_μs;2026-03-25T00:42:16.298345245Z;100000;gpu;00000000:56:00.0;local_machine;;
nvml_n_compute_processes;2026-03-25T00:42:16.298345245Z;0;gpu;00000000:56:00.0;local_machine;;
nvml_n_graphic_processes;2026-03-25T00:42:16.298345245Z;0;gpu;00000000:56:00.0;local_machine;;
nvml_energy_consumption_mJ;2026-03-25T00:42:16.798349431Z;16113;gpu;00000000:56:00.0;local_machine;;
nvml_instant_power_mW;2026-03-25T00:42:16.798349431Z;32337;gpu;00000000:56:00.0;local_machine;;
nvml_temperature_gpu_°C;2026-03-25T00:42:16.798349431Z;28;gpu;00000000:56:00.0;local_machine;;
nvml_gpu_utilization_%;2026-03-25T00:42:16.798349431Z;0;gpu;00000000:56:00.0;local_machine;;
nvml_memory_utilization_%;2026-03-25T00:42:16.798349431Z;0;gpu;00000000:56:00.0;local_machine;;
nvml_decoder_utilization_%;2026-03-25T00:42:16.798349431Z;0;gpu;00000000:56:00.0;local_machine;;
nvml_decoder_sampling_period_μs;2026-03-25T00:42:16.798349431Z;100000;gpu;00000000:56:00.0;local_machine;;
nvml_encoder_utilization_%;2026-03-25T00:42:16.798349431Z;0;gpu;00000000:56:00.0;local_machine;;
nvml_encoder_sampling_period_μs;2026-03-25T00:42:16.798349431Z;100000;gpu;00000000:56:00.0;local_machine;;
nvml_n_compute_processes;2026-03-25T00:42:16.798349431Z;0;gpu;00000000:56:00.0;local_machine;;
nvml_n_graphic_processes;2026-03-25T00:42:16.798349431Z;0;gpu;00000000:56:00.0;local_machine;;
nvml_energy_consumption_mJ;2026-03-25T00:42:16.298834962Z;17206;gpu;00000000:DA:00.0;local_machine;;
nvml_instant_power_mW;2026-03-25T00:42:16.298834962Z;35085;gpu;00000000:DA:00.0;local_machine;;
nvml_temperature_gpu_°C;2026-03-25T00:42:16.298834962Z;27;gpu;00000000:DA:00.0;local_machine;;
nvml_gpu_utilization_%;2026-03-25T00:42:16.298834962Z;0;gpu;00000000:DA:00.0;local_machine;;
nvml_memory_utilization_%;2026-03-25T00:42:16.298834962Z;0;gpu;00000000:DA:00.0;local_machine;;
nvml_decoder_utilization_%;2026-03-25T00:42:16.298834962Z;0;gpu;00000000:DA:00.0;local_machine;;
nvml_decoder_sampling_period_μs;2026-03-25T00:42:16.298834962Z;100000;gpu;00000000:DA:00.0;local_machine;;
nvml_encoder_utilization_%;2026-03-25T00:42:16.298834962Z;0;gpu;00000000:DA:00.0;local_machine;;
nvml_encoder_sampling_period_μs;2026-03-25T00:42:16.298834962Z;100000;gpu;00000000:DA:00.0;local_machine;;
nvml_n_compute_processes;2026-03-25T00:42:16.298834962Z;0;gpu;00000000:DA:00.0;local_machine;;
nvml_n_graphic_processes;2026-03-25T00:42:16.298834962Z;0;gpu;00000000:DA:00.0;local_machine;;
nvml_energy_consumption_mJ;2026-03-25T00:42:16.798859099Z;17209;gpu;00000000:DA:00.0;local_machine;;
nvml_instant_power_mW;2026-03-25T00:42:16.798859099Z;34541;gpu;00000000:DA:00.0;local_machine;;
nvml_temperature_gpu_°C;2026-03-25T00:42:16.798859099Z;27;gpu;00000000:DA:00.0;local_machine;;
nvml_gpu_utilization_%;2026-03-25T00:42:16.798859099Z;0;gpu;00000000:DA:00.0;local_machine;;
nvml_memory_utilization_%;2026-03-25T00:42:16.798859099Z;0;gpu;00000000:DA:00.0;local_machine;;
nvml_decoder_utilization_%;2026-03-25T00:42:16.798859099Z;0;gpu;00000000:DA:00.0;local_machine;;
nvml_decoder_sampling_period_μs;2026-03-25T00:42:16.798859099Z;100000;gpu;00000000:DA:00.0;local_machine;;
nvml_encoder_utilization_%;2026-03-25T00:42:16.798859099Z;0;gpu;00000000:DA:00.0;local_machine;;
nvml_encoder_sampling_period_μs;2026-03-25T00:42:16.798859099Z;100000;gpu;00000000:DA:00.0;local_machine;;
nvml_n_compute_processes;2026-03-25T00:42:16.798859099Z;0;gpu;00000000:DA:00.0;local_machine;;
nvml_n_graphic_processes;2026-03-25T00:42:16.798859099Z;0;gpu;00000000:DA:00.0;local_machine;;
nvml_energy_consumption_mJ;2026-03-25T00:42:16.298841213Z;17092;gpu;00000000:C3:00.0;local_machine;;
nvml_instant_power_mW;2026-03-25T00:42:16.298841213Z;34922;gpu;00000000:C3:00.0;local_machine;;
nvml_temperature_gpu_°C;2026-03-25T00:42:16.298841213Z;27;gpu;00000000:C3:00.0;local_machine;;
nvml_gpu_utilization_%;2026-03-25T00:42:16.298841213Z;0;gpu;00000000:C3:00.0;local_machine;;
nvml_memory_utilization_%;2026-03-25T00:42:16.298841213Z;0;gpu;00000000:C3:00.0;local_machine;;
nvml_decoder_utilization_%;2026-03-25T00:42:16.298841213Z;0;gpu;00000000:C3:00.0;local_machine;;
nvml_decoder_sampling_period_μs;2026-03-25T00:42:16.298841213Z;100000;gpu;00000000:C3:00.0;local_machine;;
nvml_encoder_utilization_%;2026-03-25T00:42:16.298841213Z;0;gpu;00000000:C3:00.0;local_machine;;
nvml_encoder_sampling_period_μs;2026-03-25T00:42:16.298841213Z;100000;gpu;00000000:C3:00.0;local_machine;;
nvml_n_compute_processes;2026-03-25T00:42:16.298841213Z;0;gpu;00000000:C3:00.0;local_machine;;
nvml_n_graphic_processes;2026-03-25T00:42:16.298841213Z;0;gpu;00000000:C3:00.0;local_machine;;
nvml_energy_consumption_mJ;2026-03-25T00:42:16.798855134Z;17086;gpu;00000000:C3:00.0;local_machine;;
nvml_instant_power_mW;2026-03-25T00:42:16.798855134Z;34230;gpu;00000000:C3:00.0;local_machine;;
nvml_temperature_gpu_°C;2026-03-25T00:42:16.798855134Z;27;gpu;00000000:C3:00.0;local_machine;;
nvml_gpu_utilization_%;2026-03-25T00:42:16.798855134Z;0;gpu;00000000:C3:00.0;local_machine;;
nvml_memory_utilization_%;2026-03-25T00:42:16.798855134Z;0;gpu;00000000:C3:00.0;local_machine;;
nvml_decoder_utilization_%;2026-03-25T00:42:16.798855134Z;0;gpu;00000000:C3:00.0;local_machine;;
nvml_decoder_sampling_period_μs;2026-03-25T00:42:16.798855134Z;100000;gpu;00000000:C3:00.0;local_machine;;
nvml_encoder_utilization_%;2026-03-25T00:42:16.798855134Z;0;gpu;00000000:C3:00.0;local_machine;;
nvml_encoder_sampling_period_μs;2026-03-25T00:42:16.798855134Z;100000;gpu;00000000:C3:00.0;local_machine;;
nvml_n_compute_processes;2026-03-25T00:42:16.798855134Z;0;gpu;00000000:C3:00.0;local_machine;;
nvml_n_graphic_processes;2026-03-25T00:42:16.798855134Z;0;gpu;00000000:C3:00.0;local_machine;;
nvml_energy_consumption_mJ;2026-03-25T00:42:16.298521898Z;35661;gpu;00000000:3F:00.0;local_machine;;
nvml_instant_power_mW;2026-03-25T00:42:16.298521898Z;46492;gpu;00000000:3F:00.0;local_machine;;
nvml_temperature_gpu_°C;2026-03-25T00:42:16.298521898Z;29;gpu;00000000:3F:00.0;local_machine;;
nvml_gpu_utilization_%;2026-03-25T00:42:16.298521898Z;0;gpu;00000000:3F:00.0;local_machine;;
nvml_memory_utilization_%;2026-03-25T00:42:16.298521898Z;0;gpu;00000000:3F:00.0;local_machine;;
nvml_decoder_utilization_%;2026-03-25T00:42:16.298521898Z;0;gpu;00000000:3F:00.0;local_machine;;
nvml_decoder_sampling_period_μs;2026-03-25T00:42:16.298521898Z;100000;gpu;00000000:3F:00.0;local_machine;;
nvml_encoder_utilization_%;2026-03-25T00:42:16.298521898Z;0;gpu;00000000:3F:00.0;local_machine;;
nvml_encoder_sampling_period_μs;2026-03-25T00:42:16.298521898Z;100000;gpu;00000000:3F:00.0;local_machine;;
nvml_n_compute_processes;2026-03-25T00:42:16.298521898Z;1;gpu;00000000:3F:00.0;local_machine;;
nvml_n_graphic_processes;2026-03-25T00:42:16.298521898Z;0;gpu;00000000:3F:00.0;local_machine;;
nvml_sm_utilization_%;2026-03-25T00:42:16.298521898Z;1;gpu;00000000:3F:00.0;process;900625;
nvml_memory_utilization_%;2026-03-25T00:42:16.298521898Z;0;gpu;00000000:3F:00.0;process;900625;
nvml_encoder_utilization_%;2026-03-25T00:42:16.298521898Z;0;gpu;00000000:3F:00.0;process;900625;
nvml_decoder_utilization_%;2026-03-25T00:42:16.298521898Z;0;gpu;00000000:3F:00.0;process;900625;
nvml_energy_consumption_mJ;2026-03-25T00:42:16.798581143Z;40054;gpu;00000000:3F:00.0;local_machine;;
nvml_instant_power_mW;2026-03-25T00:42:16.798581143Z;74916;gpu;00000000:3F:00.0;local_machine;;
nvml_temperature_gpu_°C;2026-03-25T00:42:16.798581143Z;29;gpu;00000000:3F:00.0;local_machine;;
nvml_gpu_utilization_%;2026-03-25T00:42:16.798581143Z;1;gpu;00000000:3F:00.0;local_machine;;
nvml_memory_utilization_%;2026-03-25T00:42:16.798581143Z;0;gpu;00000000:3F:00.0;local_machine;;
nvml_decoder_utilization_%;2026-03-25T00:42:16.798581143Z;0;gpu;00000000:3F:00.0;local_machine;;
nvml_decoder_sampling_period_μs;2026-03-25T00:42:16.798581143Z;100000;gpu;00000000:3F:00.0;local_machine;;
nvml_encoder_utilization_%;2026-03-25T00:42:16.798581143Z;0;gpu;00000000:3F:00.0;local_machine;;
nvml_encoder_sampling_period_μs;2026-03-25T00:42:16.798581143Z;100000;gpu;00000000:3F:00.0;local_machine;;
nvml_n_compute_processes;2026-03-25T00:42:16.798581143Z;1;gpu;00000000:3F:00.0;local_machine;;
nvml_n_graphic_processes;2026-03-25T00:42:16.798581143Z;0;gpu;00000000:3F:00.0;local_machine;;
nvml_sm_utilization_%;2026-03-25T00:42:16.798581143Z;1;gpu;00000000:3F:00.0;process;900625;
nvml_memory_utilization_%;2026-03-25T00:42:16.798581143Z;0;gpu;00000000:3F:00.0;process;900625;
nvml_encoder_utilization_%;2026-03-25T00:42:16.798581143Z;0;gpu;00000000:3F:00.0;process;900625;
nvml_decoder_utilization_%;2026-03-25T00:42:16.798581143Z;0;gpu;00000000:3F:00.0;process;900625;
attributed_energy_gpu_J;2026-03-25T00:42:16.298521898Z;0.35661000000000004;gpu;00000000:3F:00.0;process;900625;
attributed_energy_gpu_J;2026-03-25T00:42:16.798581143Z;0.40054;gpu;00000000:3F:00.0;process;900625;
mem_total_kB;2026-03-25T00:42:17.298165948Z;1081669578752;local_machine;;local_machine;;
mem_free_kB;2026-03-25T00:42:17.298165948Z;1026452365312;local_machine;;local_machine;;
mem_available_kB;2026-03-25T00:42:17.298165948Z;1062926450688;local_machine;;local_machine;;
cached_kB;2026-03-25T00:42:17.298165948Z;33541246976;local_machine;;local_machine;;
swap_cached_kB;2026-03-25T00:42:17.298165948Z;0;local_machine;;local_machine;;
active_kB;2026-03-25T00:42:17.298165948Z;8021860352;local_machine;;local_machine;;
inactive_kB;2026-03-25T00:42:17.298165948Z;34537820160;local_machine;;local_machine;;
mapped_kB;2026-03-25T00:42:17.298165948Z;823013376;local_machine;;local_machine;;
kernel_cpu_time_ms;2026-03-25T00:42:17.298541093Z;1030;local_machine;;local_machine;;cpu_state=user
kernel_cpu_time_ms;2026-03-25T00:42:17.298541093Z;0;local_machine;;local_machine;;cpu_state=nice
kernel_cpu_time_ms;2026-03-25T00:42:17.298541093Z;80;local_machine;;local_machine;;cpu_state=system
kernel_cpu_time_ms;2026-03-25T00:42:17.298541093Z;46890;local_machine;;local_machine;;cpu_state=idle
kernel_cpu_time_ms;2026-03-25T00:42:17.298541093Z;0;local_machine;;local_machine;;cpu_state=irq
kernel_cpu_time_ms;2026-03-25T00:42:17.298541093Z;0;local_machine;;local_machine;;cpu_state=softirq
kernel_cpu_time_ms;2026-03-25T00:42:17.298541093Z;0;local_machine;;local_machine;;cpu_state=steal
kernel_cpu_time_ms;2026-03-25T00:42:17.298541093Z;0;local_machine;;local_machine;;cpu_state=guest
kernel_cpu_time_ms;2026-03-25T00:42:17.298541093Z;0;local_machine;;local_machine;;cpu_state=guest_nice
kernel_cpu_time_ms;2026-03-25T00:42:17.298541093Z;0;cpu_core;0;local_machine;;cpu_state=user
kernel_cpu_time_ms;2026-03-25T00:42:17.298541093Z;0;cpu_core;0;local_machine;;cpu_state=nice
kernel_cpu_time_ms;2026-03-25T00:42:17.298541093Z;30;cpu_core;0;local_machine;;cpu_state=system
kernel_cpu_time_ms;2026-03-25T00:42:17.298541093Z;470;cpu_core;0;local_machine;;cpu_state=idle
kernel_cpu_time_ms;2026-03-25T00:42:17.298541093Z;0;cpu_core;0;local_machine;;cpu_state=irq
kernel_cpu_time_ms;2026-03-25T00:42:17.298541093Z;0;cpu_core;0;local_machine;;cpu_state=softirq
kernel_cpu_time_ms;2026-03-25T00:42:17.298541093Z;0;cpu_core;0;local_machine;;cpu_state=steal
kernel_cpu_time_ms;2026-03-25T00:42:17.298541093Z;0;cpu_core;0;local_machine;;cpu_state=guest
kernel_cpu_time_ms;2026-03-25T00:42:17.298541093Z;0;cpu_core;0;local_machine;;cpu_state=guest_nice
kernel_cpu_time_ms;2026-03-25T00:42:17.298541093Z;0;cpu_core;1;local_machine;;cpu_state=user
kernel_cpu_time_ms;2026-03-25T00:42:17.298541093Z;0;cpu_core;1;local_machine;;cpu_state=nice
kernel_cpu_time_ms;2026-03-25T00:42:17.298541093Z;0;cpu_core;1;local_machine;;cpu_state=system
kernel_cpu_time_ms;2026-03-25T00:42:17.298541093Z;500;cpu_core;1;local_machine;;cpu_state=idle
kernel_cpu_time_ms;2026-03-25T00:42:17.298541093Z;0;cpu_core;1;local_machine;;cpu_state=irq
kernel_cpu_time_ms;2026-03-25T00:42:17.298541093Z;0;cpu_core;1;local_machine;;cpu_state=softirq
kernel_cpu_time_ms;2026-03-25T00:42:17.298541093Z;0;cpu_core;1;local_machine;;cpu_state=steal
kernel_cpu_time_ms;2026-03-25T00:42:17.298541093Z;0;cpu_core;1;local_machine;;cpu_state=guest
kernel_cpu_time_ms;2026-03-25T00:42:17.298541093Z;0;cpu_core;1;local_machine;;cpu_state=guest_nice
kernel_cpu_time_ms;2026-03-25T00:42:17.298541093Z;0;cpu_core;2;local_machine;;cpu_state=user
kernel_cpu_time_ms;2026-03-25T00:42:17.298541093Z;0;cpu_core;2;local_machine;;cpu_state=nice
kernel_cpu_time_ms;2026-03-25T00:42:17.298541093Z;0;cpu_core;2;local_machine;;cpu_state=system
kernel_cpu_time_ms;2026-03-25T00:42:17.298541093Z;500;cpu_core;2;local_machine;;cpu_state=idle
kernel_cpu_time_ms;2026-03-25T00:42:17.298541093Z;0;cpu_core;2;local_machine;;cpu_state=irq
kernel_cpu_time_ms;2026-03-25T00:42:17.298541093Z;0;cpu_core;2;local_machine;;cpu_state=softirq
kernel_cpu_time_ms;2026-03-25T00:42:17.298541093Z;0;cpu_core;2;local_machine;;cpu_state=steal
kernel_cpu_time_ms;2026-03-25T00:42:17.298541093Z;0;cpu_core;2;local_machine;;cpu_state=guest
kernel_cpu_time_ms;2026-03-25T00:42:17.298541093Z;0;cpu_core;2;local_machine;;cpu_state=guest_nice
kernel_cpu_time_ms;2026-03-25T00:42:17.298541093Z;0;cpu_core;3;local_machine;;cpu_state=user
kernel_cpu_time_ms;2026-03-25T00:42:17.298541093Z;0;cpu_core;3;local_machine;;cpu_state=nice
kernel_cpu_time_ms;2026-03-25T00:42:17.298541093Z;0;cpu_core;3;local_machine;;cpu_state=system
kernel_cpu_time_ms;2026-03-25T00:42:17.298541093Z;500;cpu_core;3;local_machine;;cpu_state=idle
kernel_cpu_time_ms;2026-03-25T00:42:17.298541093Z;0;cpu_core;3;local_machine;;cpu_state=irq
kernel_cpu_time_ms;2026-03-25T00:42:17.298541093Z;0;cpu_core;3;local_machine;;cpu_state=softirq
kernel_cpu_time_ms;2026-03-25T00:42:17.298541093Z;0;cpu_core;3;local_machine;;cpu_state=steal
kernel_cpu_time_ms;2026-03-25T00:42:17.298541093Z;0;cpu_core;3;local_machine;;cpu_state=guest
kernel_cpu_time_ms;2026-03-25T00:42:17.298541093Z;0;cpu_core;3;local_machine;;cpu_state=guest_nice
kernel_cpu_time_ms;2026-03-25T00:42:17.298541093Z;0;cpu_core;4;local_machine;;cpu_state=user
kernel_cpu_time_ms;2026-03-25T00:42:17.298541093Z;0;cpu_core;4;local_machine;;cpu_state=nice
kernel_cpu_time_ms;2026-03-25T00:42:17.298541093Z;0;cpu_core;4;local_machine;;cpu_state=system
kernel_cpu_time_ms;2026-03-25T00:42:17.298541093Z;500;cpu_core;4;local_machine;;cpu_state=idle
kernel_cpu_time_ms;2026-03-25T00:42:17.298541093Z;0;cpu_core;4;local_machine;;cpu_state=irq
kernel_cpu_time_ms;2026-03-25T00:42:17.298541093Z;0;cpu_core;4;local_machine;;cpu_state=softirq
kernel_cpu_time_ms;2026-03-25T00:42:17.298541093Z;0;cpu_core;4;local_machine;;cpu_state=steal
kernel_cpu_time_ms;2026-03-25T00:42:17.298541093Z;0;cpu_core;4;local_machine;;cpu_state=guest
kernel_cpu_time_ms;2026-03-25T00:42:17.298541093Z;0;cpu_core;4;local_machine;;cpu_state=guest_nice
kernel_cpu_time_ms;2026-03-25T00:42:17.298541093Z;0;cpu_core;5;local_machine;;cpu_state=user
kernel_cpu_time_ms;2026-03-25T00:42:17.298541093Z;0;cpu_core;5;local_machine;;cpu_state=nice
kernel_cpu_time_ms;2026-03-25T00:42:17.298541093Z;0;cpu_core;5;local_machine;;cpu_state=system
kernel_cpu_time_ms;2026-03-25T00:42:17.298541093Z;500;cpu_core;5;local_machine;;cpu_state=idle
kernel_cpu_time_ms;2026-03-25T00:42:17.298541093Z;0;cpu_core;5;local_machine;;cpu_state=irq
kernel_cpu_time_ms;2026-03-25T00:42:17.298541093Z;0;cpu_core;5;local_machine;;cpu_state=softirq
kernel_cpu_time_ms;2026-03-25T00:42:17.298541093Z;0;cpu_core;5;local_machine;;cpu_state=steal
kernel_cpu_time_ms;2026-03-25T00:42:17.298541093Z;0;cpu_core;5;local_machine;;cpu_state=guest
kernel_cpu_time_ms;2026-03-25T00:42:17.298541093Z;0;cpu_core;5;local_machine;;cpu_state=guest_nice
kernel_cpu_time_ms;2026-03-25T00:42:17.298541093Z;0;cpu_core;6;local_machine;;cpu_state=user
kernel_cpu_time_ms;2026-03-25T00:42:17.298541093Z;0;cpu_core;6;local_machine;;cpu_state=nice
kernel_cpu_time_ms;2026-03-25T00:42:17.298541093Z;0;cpu_core;6;local_machine;;cpu_state=system
kernel_cpu_time_ms;2026-03-25T00:42:17.298541093Z;500;cpu_core;6;local_machine;;cpu_state=idle
kernel_cpu_time_ms;2026-03-25T00:42:17.298541093Z;0;cpu_core;6;local_machine;;cpu_state=irq
kernel_cpu_time_ms;2026-03-25T00:42:17.298541093Z;0;cpu_core;6;local_machine;;cpu_state=softirq
kernel_cpu_time_ms;2026-03-25T00:42:17.298541093Z;0;cpu_core;6;local_machine;;cpu_state=steal
kernel_cpu_time_ms;2026-03-25T00:42:17.298541093Z;0;cpu_core;6;local_machine;;cpu_state=guest
kernel_cpu_time_ms;2026-03-25T00:42:17.298541093Z;0;cpu_core;6;local_machine;;cpu_state=guest_nice
kernel_cpu_time_ms;2026-03-25T00:42:17.298541093Z;0;cpu_core;7;local_machine;;cpu_state=user
kernel_cpu_time_ms;2026-03-25T00:42:17.298541093Z;0;cpu_core;7;local_machine;;cpu_state=nice
kernel_cpu_time_ms;2026-03-25T00:42:17.298541093Z;0;cpu_core;7;local_machine;;cpu_state=system
kernel_cpu_time_ms;2026-03-25T00:42:17.298541093Z;490;cpu_core;7;local_machine;;cpu_state=idle
kernel_cpu_time_ms;2026-03-25T00:42:17.298541093Z;0;cpu_core;7;local_machine;;cpu_state=irq
kernel_cpu_time_ms;2026-03-25T00:42:17.298541093Z;0;cpu_core;7;local_machine;;cpu_state=softirq
kernel_cpu_time_ms;2026-03-25T00:42:17.298541093Z;0;cpu_core;7;local_machine;;cpu_state=steal
kernel_cpu_time_ms;2026-03-25T00:42:17.298541093Z;0;cpu_core;7;local_machine;;cpu_state=guest
kernel_cpu_time_ms;2026-03-25T00:42:17.298541093Z;0;cpu_core;7;local_machine;;cpu_state=guest_nice
kernel_cpu_time_ms;2026-03-25T00:42:17.298541093Z;0;cpu_core;8;local_machine;;cpu_state=user
kernel_cpu_time_ms;2026-03-25T00:42:17.298541093Z;0;cpu_core;8;local_machine;;cpu_state=nice
kernel_cpu_time_ms;2026-03-25T00:42:17.298541093Z;0;cpu_core;8;local_machine;;cpu_state=system
kernel_cpu_time_ms;2026-03-25T00:42:17.298541093Z;500;cpu_core;8;local_machine;;cpu_state=idle
kernel_cpu_time_ms;2026-03-25T00:42:17.298541093Z;0;cpu_core;8;local_machine;;cpu_state=irq
kernel_cpu_time_ms;2026-03-25T00:42:17.298541093Z;0;cpu_core;8;local_machine;;cpu_state=softirq
kernel_cpu_time_ms;2026-03-25T00:42:17.298541093Z;0;cpu_core;8;local_machine;;cpu_state=steal
kernel_cpu_time_ms;2026-03-25T00:42:17.298541093Z;0;cpu_core;8;local_machine;;cpu_state=guest
kernel_cpu_time_ms;2026-03-25T00:42:17.298541093Z;0;cpu_core;8;local_machine;;cpu_state=guest_nice
kernel_cpu_time_ms;2026-03-25T00:42:17.298541093Z;0;cpu_core;9;local_machine;;cpu_state=user
kernel_cpu_time_ms;2026-03-25T00:42:17.298541093Z;0;cpu_core;9;local_machine;;cpu_state=nice
kernel_cpu_time_ms;2026-03-25T00:42:17.298541093Z;0;cpu_core;9;local_machine;;cpu_state=system
kernel_cpu_time_ms;2026-03-25T00:42:17.298541093Z;500;cpu_core;9;local_machine;;cpu_state=idle
kernel_cpu_time_ms;2026-03-25T00:42:17.298541093Z;0;cpu_core;9;local_machine;;cpu_state=irq
kernel_cpu_time_ms;2026-03-25T00:42:17.298541093Z;0;cpu_core;9;local_machine;;cpu_state=softirq
kernel_cpu_time_ms;2026-03-25T00:42:17.298541093Z;0;cpu_core;9;local_machine;;cpu_state=steal
kernel_cpu_time_ms;2026-03-25T00:42:17.298541093Z;0;cpu_core;9;local_machine;;cpu_state=guest
kernel_cpu_time_ms;2026-03-25T00:42:17.298541093Z;0;cpu_core;9;local_machine;;cpu_state=guest_nice
kernel_cpu_time_ms;2026-03-25T00:42:17.298541093Z;0;cpu_core;10;local_machine;;cpu_state=user
kernel_cpu_time_ms;2026-03-25T00:42:17.298541093Z;0;cpu_core;10;local_machine;;cpu_state=nice
kernel_cpu_time_ms;2026-03-25T00:42:17.298541093Z;0;cpu_core;10;local_machine;;cpu_state=system
kernel_cpu_time_ms;2026-03-25T00:42:17.298541093Z;500;cpu_core;10;local_machine;;cpu_state=idle
kernel_cpu_time_ms;2026-03-25T00:42:17.298541093Z;0;cpu_core;10;local_machine;;cpu_state=irq
kernel_cpu_time_ms;2026-03-25T00:42:17.298541093Z;0;cpu_core;10;local_machine;;cpu_state=softirq
kernel_cpu_time_ms;2026-03-25T00:42:17.298541093Z;0;cpu_core;10;local_machine;;cpu_state=steal
kernel_cpu_time_ms;2026-03-25T00:42:17.298541093Z;0;cpu_core;10;local_machine;;cpu_state=guest
kernel_cpu_time_ms;2026-03-25T00:42:17.298541093Z;0;cpu_core;10;local_machine;;cpu_state=guest_nice
kernel_cpu_time_ms;2026-03-25T00:42:17.298541093Z;0;cpu_core;11;local_machine;;cpu_state=user
kernel_cpu_time_ms;2026-03-25T00:42:17.298541093Z;0;cpu_core;11;local_machine;;cpu_state=nice
kernel_cpu_time_ms;2026-03-25T00:42:17.298541093Z;0;cpu_core;11;local_machine;;cpu_state=system
kernel_cpu_time_ms;2026-03-25T00:42:17.298541093Z;500;cpu_core;11;local_machine;;cpu_state=idle
kernel_cpu_time_ms;2026-03-25T00:42:17.298541093Z;0;cpu_core;11;local_machine;;cpu_state=irq
kernel_cpu_time_ms;2026-03-25T00:42:17.298541093Z;0;cpu_core;11;local_machine;;cpu_state=softirq
kernel_cpu_time_ms;2026-03-25T00:42:17.298541093Z;0;cpu_core;11;local_machine;;cpu_state=steal
kernel_cpu_time_ms;2026-03-25T00:42:17.298541093Z;0;cpu_core;11;local_machine;;cpu_state=guest
kernel_cpu_time_ms;2026-03-25T00:42:17.298541093Z;0;cpu_core;11;local_machine;;cpu_state=guest_nice
kernel_cpu_time_ms;2026-03-25T00:42:17.298541093Z;10;cpu_core;12;local_machine;;cpu_state=user
kernel_cpu_time_ms;2026-03-25T00:42:17.298541093Z;0;cpu_core;12;local_machine;;cpu_state=nice
kernel_cpu_time_ms;2026-03-25T00:42:17.298541093Z;0;cpu_core;12;local_machine;;cpu_state=system
kernel_cpu_time_ms;2026-03-25T00:42:17.298541093Z;490;cpu_core;12;local_machine;;cpu_state=idle
kernel_cpu_time_ms;2026-03-25T00:42:17.298541093Z;0;cpu_core;12;local_machine;;cpu_state=irq
kernel_cpu_time_ms;2026-03-25T00:42:17.298541093Z;0;cpu_core;12;local_machine;;cpu_state=softirq
kernel_cpu_time_ms;2026-03-25T00:42:17.298541093Z;0;cpu_core;12;local_machine;;cpu_state=steal
kernel_cpu_time_ms;2026-03-25T00:42:17.298541093Z;0;cpu_core;12;local_machine;;cpu_state=guest
kernel_cpu_time_ms;2026-03-25T00:42:17.298541093Z;0;cpu_core;12;local_machine;;cpu_state=guest_nice
kernel_cpu_time_ms;2026-03-25T00:42:17.298541093Z;0;cpu_core;13;local_machine;;cpu_state=user
kernel_cpu_time_ms;2026-03-25T00:42:17.298541093Z;0;cpu_core;13;local_machine;;cpu_state=nice
kernel_cpu_time_ms;2026-03-25T00:42:17.298541093Z;0;cpu_core;13;local_machine;;cpu_state=system
kernel_cpu_time_ms;2026-03-25T00:42:17.298541093Z;500;cpu_core;13;local_machine;;cpu_state=idle
kernel_cpu_time_ms;2026-03-25T00:42:17.298541093Z;0;cpu_core;13;local_machine;;cpu_state=irq
kernel_cpu_time_ms;2026-03-25T00:42:17.298541093Z;0;cpu_core;13;local_machine;;cpu_state=softirq
kernel_cpu_time_ms;2026-03-25T00:42:17.298541093Z;0;cpu_core;13;local_machine;;cpu_state=steal
kernel_cpu_time_ms;2026-03-25T00:42:17.298541093Z;0;cpu_core;13;local_machine;;cpu_state=guest
kernel_cpu_time_ms;2026-03-25T00:42:17.298541093Z;0;cpu_core;13;local_machine;;cpu_state=guest_nice
kernel_cpu_time_ms;2026-03-25T00:42:17.298541093Z;0;cpu_core;14;local_machine;;cpu_state=user
kernel_cpu_time_ms;2026-03-25T00:42:17.298541093Z;0;cpu_core;14;local_machine;;cpu_state=nice
kernel_cpu_time_ms;2026-03-25T00:42:17.298541093Z;0;cpu_core;14;local_machine;;cpu_state=system
kernel_cpu_time_ms;2026-03-25T00:42:17.298541093Z;500;cpu_core;14;local_machine;;cpu_state=idle
kernel_cpu_time_ms;2026-03-25T00:42:17.298541093Z;0;cpu_core;14;local_machine;;cpu_state=irq
kernel_cpu_time_ms;2026-03-25T00:42:17.298541093Z;0;cpu_core;14;local_machine;;cpu_state=softirq
kernel_cpu_time_ms;2026-03-25T00:42:17.298541093Z;0;cpu_core;14;local_machine;;cpu_state=steal
kernel_cpu_time_ms;2026-03-25T00:42:17.298541093Z;0;cpu_core;14;local_machine;;cpu_state=guest
kernel_cpu_time_ms;2026-03-25T00:42:17.298541093Z;0;cpu_core;14;local_machine;;cpu_state=guest_nice
kernel_cpu_time_ms;2026-03-25T00:42:17.298541093Z;0;cpu_core;15;local_machine;;cpu_state=user
kernel_cpu_time_ms;2026-03-25T00:42:17.298541093Z;0;cpu_core;15;local_machine;;cpu_state=nice
kernel_cpu_time_ms;2026-03-25T00:42:17.298541093Z;0;cpu_core;15;local_machine;;cpu_state=system
kernel_cpu_time_ms;2026-03-25T00:42:17.298541093Z;500;cpu_core;15;local_machine;;cpu_state=idle
kernel_cpu_time_ms;2026-03-25T00:42:17.298541093Z;0;cpu_core;15;local_machine;;cpu_state=irq
kernel_cpu_time_ms;2026-03-25T00:42:17.298541093Z;0;cpu_core;15;local_machine;;cpu_state=softirq
kernel_cpu_time_ms;2026-03-25T00:42:17.298541093Z;0;cpu_core;15;local_machine;;cpu_state=steal
kernel_cpu_time_ms;2026-03-25T00:42:17.298541093Z;0;cpu_core;15;local_machine;;cpu_state=guest
kernel_cpu_time_ms;2026-03-25T00:42:17.298541093Z;0;cpu_core;15;local_machine;;cpu_state=guest_nice
kernel_cpu_time_ms;2026-03-25T00:42:17.298541093Z;0;cpu_core;16;local_machine;;cpu_state=user
kernel_cpu_time_ms;2026-03-25T00:42:17.298541093Z;0;cpu_core;16;local_machine;;cpu_state=nice
kernel_cpu_time_ms;2026-03-25T00:42:17.298541093Z;0;cpu_core;16;local_machine;;cpu_state=system
kernel_cpu_time_ms;2026-03-25T00:42:17.298541093Z;500;cpu_core;16;local_machine;;cpu_state=idle
kernel_cpu_time_ms;2026-03-25T00:42:17.298541093Z;0;cpu_core;16;local_machine;;cpu_state=irq
kernel_cpu_time_ms;2026-03-25T00:42:17.298541093Z;0;cpu_core;16;local_machine;;cpu_state=softirq
kernel_cpu_time_ms;2026-03-25T00:42:17.298541093Z;0;cpu_core;16;local_machine;;cpu_state=steal
kernel_cpu_time_ms;2026-03-25T00:42:17.298541093Z;0;cpu_core;16;local_machine;;cpu_state=guest
kernel_cpu_time_ms;2026-03-25T00:42:17.298541093Z;0;cpu_core;16;local_machine;;cpu_state=guest_nice
kernel_cpu_time_ms;2026-03-25T00:42:17.298541093Z;0;cpu_core;17;local_machine;;cpu_state=user
kernel_cpu_time_ms;2026-03-25T00:42:17.298541093Z;0;cpu_core;17;local_machine;;cpu_state=nice
kernel_cpu_time_ms;2026-03-25T00:42:17.298541093Z;0;cpu_core;17;local_machine;;cpu_state=system
kernel_cpu_time_ms;2026-03-25T00:42:17.298541093Z;500;cpu_core;17;local_machine;;cpu_state=idle
kernel_cpu_time_ms;2026-03-25T00:42:17.298541093Z;0;cpu_core;17;local_machine;;cpu_state=irq
kernel_cpu_time_ms;2026-03-25T00:42:17.298541093Z;0;cpu_core;17;local_machine;;cpu_state=softirq
kernel_cpu_time_ms;2026-03-25T00:42:17.298541093Z;0;cpu_core;17;local_machine;;cpu_state=steal
kernel_cpu_time_ms;2026-03-25T00:42:17.298541093Z;0;cpu_core;17;local_machine;;cpu_state=guest
kernel_cpu_time_ms;2026-03-25T00:42:17.298541093Z;0;cpu_core;17;local_machine;;cpu_state=guest_nice
kernel_cpu_time_ms;2026-03-25T00:42:17.298541093Z;0;cpu_core;18;local_machine;;cpu_state=user
kernel_cpu_time_ms;2026-03-25T00:42:17.298541093Z;0;cpu_core;18;local_machine;;cpu_state=nice
kernel_cpu_time_ms;2026-03-25T00:42:17.298541093Z;0;cpu_core;18;local_machine;;cpu_state=system
kernel_cpu_time_ms;2026-03-25T00:42:17.298541093Z;500;cpu_core;18;local_machine;;cpu_state=idle
kernel_cpu_time_ms;2026-03-25T00:42:17.298541093Z;0;cpu_core;18;local_machine;;cpu_state=irq
kernel_cpu_time_ms;2026-03-25T00:42:17.298541093Z;0;cpu_core;18;local_machine;;cpu_state=softirq
kernel_cpu_time_ms;2026-03-25T00:42:17.298541093Z;0;cpu_core;18;local_machine;;cpu_state=steal
kernel_cpu_time_ms;2026-03-25T00:42:17.298541093Z;0;cpu_core;18;local_machine;;cpu_state=guest
kernel_cpu_time_ms;2026-03-25T00:42:17.298541093Z;0;cpu_core;18;local_machine;;cpu_state=guest_nice
kernel_cpu_time_ms;2026-03-25T00:42:17.298541093Z;0;cpu_core;19;local_machine;;cpu_state=user
kernel_cpu_time_ms;2026-03-25T00:42:17.298541093Z;0;cpu_core;19;local_machine;;cpu_state=nice
kernel_cpu_time_ms;2026-03-25T00:42:17.298541093Z;0;cpu_core;19;local_machine;;cpu_state=system
kernel_cpu_time_ms;2026-03-25T00:42:17.298541093Z;500;cpu_core;19;local_machine;;cpu_state=idle
kernel_cpu_time_ms;2026-03-25T00:42:17.298541093Z;0;cpu_core;19;local_machine;;cpu_state=irq
kernel_cpu_time_ms;2026-03-25T00:42:17.298541093Z;0;cpu_core;19;local_machine;;cpu_state=softirq
kernel_cpu_time_ms;2026-03-25T00:42:17.298541093Z;0;cpu_core;19;local_machine;;cpu_state=steal
kernel_cpu_time_ms;2026-03-25T00:42:17.298541093Z;0;cpu_core;19;local_machine;;cpu_state=guest
kernel_cpu_time_ms;2026-03-25T00:42:17.298541093Z;0;cpu_core;19;local_machine;;cpu_state=guest_nice
kernel_cpu_time_ms;2026-03-25T00:42:17.298541093Z;0;cpu_core;20;local_machine;;cpu_state=user
kernel_cpu_time_ms;2026-03-25T00:42:17.298541093Z;0;cpu_core;20;local_machine;;cpu_state=nice
kernel_cpu_time_ms;2026-03-25T00:42:17.298541093Z;0;cpu_core;20;local_machine;;cpu_state=system
kernel_cpu_time_ms;2026-03-25T00:42:17.298541093Z;500;cpu_core;20;local_machine;;cpu_state=idle
kernel_cpu_time_ms;2026-03-25T00:42:17.298541093Z;0;cpu_core;20;local_machine;;cpu_state=irq
kernel_cpu_time_ms;2026-03-25T00:42:17.298541093Z;0;cpu_core;20;local_machine;;cpu_state=softirq
kernel_cpu_time_ms;2026-03-25T00:42:17.298541093Z;0;cpu_core;20;local_machine;;cpu_state=steal
kernel_cpu_time_ms;2026-03-25T00:42:17.298541093Z;0;cpu_core;20;local_machine;;cpu_state=guest
kernel_cpu_time_ms;2026-03-25T00:42:17.298541093Z;0;cpu_core;20;local_machine;;cpu_state=guest_nice
kernel_cpu_time_ms;2026-03-25T00:42:17.298541093Z;0;cpu_core;21;local_machine;;cpu_state=user
kernel_cpu_time_ms;2026-03-25T00:42:17.298541093Z;0;cpu_core;21;local_machine;;cpu_state=nice
kernel_cpu_time_ms;2026-03-25T00:42:17.298541093Z;0;cpu_core;21;local_machine;;cpu_state=system
kernel_cpu_time_ms;2026-03-25T00:42:17.298541093Z;500;cpu_core;21;local_machine;;cpu_state=idle
kernel_cpu_time_ms;2026-03-25T00:42:17.298541093Z;0;cpu_core;21;local_machine;;cpu_state=irq
kernel_cpu_time_ms;2026-03-25T00:42:17.298541093Z;0;cpu_core;21;local_machine;;cpu_state=softirq
kernel_cpu_time_ms;2026-03-25T00:42:17.298541093Z;0;cpu_core;21;local_machine;;cpu_state=steal
kernel_cpu_time_ms;2026-03-25T00:42:17.298541093Z;0;cpu_core;21;local_machine;;cpu_state=guest
kernel_cpu_time_ms;2026-03-25T00:42:17.298541093Z;0;cpu_core;21;local_machine;;cpu_state=guest_nice
kernel_cpu_time_ms;2026-03-25T00:42:17.298541093Z;0;cpu_core;22;local_machine;;cpu_state=user
kernel_cpu_time_ms;2026-03-25T00:42:17.298541093Z;0;cpu_core;22;local_machine;;cpu_state=nice
kernel_cpu_time_ms;2026-03-25T00:42:17.298541093Z;0;cpu_core;22;local_machine;;cpu_state=system
kernel_cpu_time_ms;2026-03-25T00:42:17.298541093Z;500;cpu_core;22;local_machine;;cpu_state=idle
kernel_cpu_time_ms;2026-03-25T00:42:17.298541093Z;0;cpu_core;22;local_machine;;cpu_state=irq
kernel_cpu_time_ms;2026-03-25T00:42:17.298541093Z;0;cpu_core;22;local_machine;;cpu_state=softirq
kernel_cpu_time_ms;2026-03-25T00:42:17.298541093Z;0;cpu_core;22;local_machine;;cpu_state=steal
kernel_cpu_time_ms;2026-03-25T00:42:17.298541093Z;0;cpu_core;22;local_machine;;cpu_state=guest
kernel_cpu_time_ms;2026-03-25T00:42:17.298541093Z;0;cpu_core;22;local_machine;;cpu_state=guest_nice
kernel_cpu_time_ms;2026-03-25T00:42:17.298541093Z;0;cpu_core;23;local_machine;;cpu_state=user
kernel_cpu_time_ms;2026-03-25T00:42:17.298541093Z;0;cpu_core;23;local_machine;;cpu_state=nice
kernel_cpu_time_ms;2026-03-25T00:42:17.298541093Z;0;cpu_core;23;local_machine;;cpu_state=system
kernel_cpu_time_ms;2026-03-25T00:42:17.298541093Z;500;cpu_core;23;local_machine;;cpu_state=idle
kernel_cpu_time_ms;2026-03-25T00:42:17.298541093Z;0;cpu_core;23;local_machine;;cpu_state=irq
kernel_cpu_time_ms;2026-03-25T00:42:17.298541093Z;0;cpu_core;23;local_machine;;cpu_state=softirq
kernel_cpu_time_ms;2026-03-25T00:42:17.298541093Z;0;cpu_core;23;local_machine;;cpu_state=steal
kernel_cpu_time_ms;2026-03-25T00:42:17.298541093Z;0;cpu_core;23;local_machine;;cpu_state=guest
kernel_cpu_time_ms;2026-03-25T00:42:17.298541093Z;0;cpu_core;23;local_machine;;cpu_state=guest_nice
kernel_cpu_time_ms;2026-03-25T00:42:17.298541093Z;0;cpu_core;24;local_machine;;cpu_state=user
kernel_cpu_time_ms;2026-03-25T00:42:17.298541093Z;0;cpu_core;24;local_machine;;cpu_state=nice
kernel_cpu_time_ms;2026-03-25T00:42:17.298541093Z;0;cpu_core;24;local_machine;;cpu_state=system
kernel_cpu_time_ms;2026-03-25T00:42:17.298541093Z;500;cpu_core;24;local_machine;;cpu_state=idle
kernel_cpu_time_ms;2026-03-25T00:42:17.298541093Z;0;cpu_core;24;local_machine;;cpu_state=irq
kernel_cpu_time_ms;2026-03-25T00:42:17.298541093Z;0;cpu_core;24;local_machine;;cpu_state=softirq
kernel_cpu_time_ms;2026-03-25T00:42:17.298541093Z;0;cpu_core;24;local_machine;;cpu_state=steal
kernel_cpu_time_ms;2026-03-25T00:42:17.298541093Z;0;cpu_core;24;local_machine;;cpu_state=guest
kernel_cpu_time_ms;2026-03-25T00:42:17.298541093Z;0;cpu_core;24;local_machine;;cpu_state=guest_nice
kernel_cpu_time_ms;2026-03-25T00:42:17.298541093Z;10;cpu_core;25;local_machine;;cpu_state=user
kernel_cpu_time_ms;2026-03-25T00:42:17.298541093Z;0;cpu_core;25;local_machine;;cpu_state=nice
kernel_cpu_time_ms;2026-03-25T00:42:17.298541093Z;0;cpu_core;25;local_machine;;cpu_state=system
kernel_cpu_time_ms;2026-03-25T00:42:17.298541093Z;500;cpu_core;25;local_machine;;cpu_state=idle
kernel_cpu_time_ms;2026-03-25T00:42:17.298541093Z;0;cpu_core;25;local_machine;;cpu_state=irq
kernel_cpu_time_ms;2026-03-25T00:42:17.298541093Z;0;cpu_core;25;local_machine;;cpu_state=softirq
kernel_cpu_time_ms;2026-03-25T00:42:17.298541093Z;0;cpu_core;25;local_machine;;cpu_state=steal
kernel_cpu_time_ms;2026-03-25T00:42:17.298541093Z;0;cpu_core;25;local_machine;;cpu_state=guest
kernel_cpu_time_ms;2026-03-25T00:42:17.298541093Z;0;cpu_core;25;local_machine;;cpu_state=guest_nice
kernel_cpu_time_ms;2026-03-25T00:42:17.298541093Z;0;cpu_core;26;local_machine;;cpu_state=user
kernel_cpu_time_ms;2026-03-25T00:42:17.298541093Z;0;cpu_core;26;local_machine;;cpu_state=nice
kernel_cpu_time_ms;2026-03-25T00:42:17.298541093Z;0;cpu_core;26;local_machine;;cpu_state=system
kernel_cpu_time_ms;2026-03-25T00:42:17.298541093Z;500;cpu_core;26;local_machine;;cpu_state=idle
kernel_cpu_time_ms;2026-03-25T00:42:17.298541093Z;0;cpu_core;26;local_machine;;cpu_state=irq
kernel_cpu_time_ms;2026-03-25T00:42:17.298541093Z;0;cpu_core;26;local_machine;;cpu_state=softirq
kernel_cpu_time_ms;2026-03-25T00:42:17.298541093Z;0;cpu_core;26;local_machine;;cpu_state=steal
kernel_cpu_time_ms;2026-03-25T00:42:17.298541093Z;0;cpu_core;26;local_machine;;cpu_state=guest
kernel_cpu_time_ms;2026-03-25T00:42:17.298541093Z;0;cpu_core;26;local_machine;;cpu_state=guest_nice
kernel_cpu_time_ms;2026-03-25T00:42:17.298541093Z;0;cpu_core;27;local_machine;;cpu_state=user
kernel_cpu_time_ms;2026-03-25T00:42:17.298541093Z;0;cpu_core;27;local_machine;;cpu_state=nice
kernel_cpu_time_ms;2026-03-25T00:42:17.298541093Z;0;cpu_core;27;local_machine;;cpu_state=system
kernel_cpu_time_ms;2026-03-25T00:42:17.298541093Z;490;cpu_core;27;local_machine;;cpu_state=idle
kernel_cpu_time_ms;2026-03-25T00:42:17.298541093Z;0;cpu_core;27;local_machine;;cpu_state=irq
kernel_cpu_time_ms;2026-03-25T00:42:17.298541093Z;0;cpu_core;27;local_machine;;cpu_state=softirq
kernel_cpu_time_ms;2026-03-25T00:42:17.298541093Z;0;cpu_core;27;local_machine;;cpu_state=steal
kernel_cpu_time_ms;2026-03-25T00:42:17.298541093Z;0;cpu_core;27;local_machine;;cpu_state=guest
kernel_cpu_time_ms;2026-03-25T00:42:17.298541093Z;0;cpu_core;27;local_machine;;cpu_state=guest_nice
kernel_cpu_time_ms;2026-03-25T00:42:17.298541093Z;0;cpu_core;28;local_machine;;cpu_state=user
kernel_cpu_time_ms;2026-03-25T00:42:17.298541093Z;0;cpu_core;28;local_machine;;cpu_state=nice
kernel_cpu_time_ms;2026-03-25T00:42:17.298541093Z;0;cpu_core;28;local_machine;;cpu_state=system
kernel_cpu_time_ms;2026-03-25T00:42:17.298541093Z;500;cpu_core;28;local_machine;;cpu_state=idle
kernel_cpu_time_ms;2026-03-25T00:42:17.298541093Z;0;cpu_core;28;local_machine;;cpu_state=irq
kernel_cpu_time_ms;2026-03-25T00:42:17.298541093Z;0;cpu_core;28;local_machine;;cpu_state=softirq
kernel_cpu_time_ms;2026-03-25T00:42:17.298541093Z;0;cpu_core;28;local_machine;;cpu_state=steal
kernel_cpu_time_ms;2026-03-25T00:42:17.298541093Z;0;cpu_core;28;local_machine;;cpu_state=guest
kernel_cpu_time_ms;2026-03-25T00:42:17.298541093Z;0;cpu_core;28;local_machine;;cpu_state=guest_nice
kernel_cpu_time_ms;2026-03-25T00:42:17.298541093Z;0;cpu_core;29;local_machine;;cpu_state=user
kernel_cpu_time_ms;2026-03-25T00:42:17.298541093Z;0;cpu_core;29;local_machine;;cpu_state=nice
kernel_cpu_time_ms;2026-03-25T00:42:17.298541093Z;0;cpu_core;29;local_machine;;cpu_state=system
kernel_cpu_time_ms;2026-03-25T00:42:17.298541093Z;500;cpu_core;29;local_machine;;cpu_state=idle
kernel_cpu_time_ms;2026-03-25T00:42:17.298541093Z;0;cpu_core;29;local_machine;;cpu_state=irq
kernel_cpu_time_ms;2026-03-25T00:42:17.298541093Z;0;cpu_core;29;local_machine;;cpu_state=softirq
kernel_cpu_time_ms;2026-03-25T00:42:17.298541093Z;0;cpu_core;29;local_machine;;cpu_state=steal
kernel_cpu_time_ms;2026-03-25T00:42:17.298541093Z;0;cpu_core;29;local_machine;;cpu_state=guest
kernel_cpu_time_ms;2026-03-25T00:42:17.298541093Z;0;cpu_core;29;local_machine;;cpu_state=guest_nice
kernel_cpu_time_ms;2026-03-25T00:42:17.298541093Z;0;cpu_core;30;local_machine;;cpu_state=user
kernel_cpu_time_ms;2026-03-25T00:42:17.298541093Z;0;cpu_core;30;local_machine;;cpu_state=nice
kernel_cpu_time_ms;2026-03-25T00:42:17.298541093Z;0;cpu_core;30;local_machine;;cpu_state=system
kernel_cpu_time_ms;2026-03-25T00:42:17.298541093Z;500;cpu_core;30;local_machine;;cpu_state=idle
kernel_cpu_time_ms;2026-03-25T00:42:17.298541093Z;0;cpu_core;30;local_machine;;cpu_state=irq
kernel_cpu_time_ms;2026-03-25T00:42:17.298541093Z;0;cpu_core;30;local_machine;;cpu_state=softirq
kernel_cpu_time_ms;2026-03-25T00:42:17.298541093Z;0;cpu_core;30;local_machine;;cpu_state=steal
kernel_cpu_time_ms;2026-03-25T00:42:17.298541093Z;0;cpu_core;30;local_machine;;cpu_state=guest
kernel_cpu_time_ms;2026-03-25T00:42:17.298541093Z;0;cpu_core;30;local_machine;;cpu_state=guest_nice
kernel_cpu_time_ms;2026-03-25T00:42:17.298541093Z;0;cpu_core;31;local_machine;;cpu_state=user
kernel_cpu_time_ms;2026-03-25T00:42:17.298541093Z;0;cpu_core;31;local_machine;;cpu_state=nice
kernel_cpu_time_ms;2026-03-25T00:42:17.298541093Z;0;cpu_core;31;local_machine;;cpu_state=system
kernel_cpu_time_ms;2026-03-25T00:42:17.298541093Z;500;cpu_core;31;local_machine;;cpu_state=idle
kernel_cpu_time_ms;2026-03-25T00:42:17.298541093Z;0;cpu_core;31;local_machine;;cpu_state=irq
kernel_cpu_time_ms;2026-03-25T00:42:17.298541093Z;0;cpu_core;31;local_machine;;cpu_state=softirq
kernel_cpu_time_ms;2026-03-25T00:42:17.298541093Z;0;cpu_core;31;local_machine;;cpu_state=steal
kernel_cpu_time_ms;2026-03-25T00:42:17.298541093Z;0;cpu_core;31;local_machine;;cpu_state=guest
kernel_cpu_time_ms;2026-03-25T00:42:17.298541093Z;0;cpu_core;31;local_machine;;cpu_state=guest_nice
kernel_cpu_time_ms;2026-03-25T00:42:17.298541093Z;0;cpu_core;32;local_machine;;cpu_state=user
kernel_cpu_time_ms;2026-03-25T00:42:17.298541093Z;0;cpu_core;32;local_machine;;cpu_state=nice
kernel_cpu_time_ms;2026-03-25T00:42:17.298541093Z;0;cpu_core;32;local_machine;;cpu_state=system
kernel_cpu_time_ms;2026-03-25T00:42:17.298541093Z;500;cpu_core;32;local_machine;;cpu_state=idle
kernel_cpu_time_ms;2026-03-25T00:42:17.298541093Z;0;cpu_core;32;local_machine;;cpu_state=irq
kernel_cpu_time_ms;2026-03-25T00:42:17.298541093Z;0;cpu_core;32;local_machine;;cpu_state=softirq
kernel_cpu_time_ms;2026-03-25T00:42:17.298541093Z;0;cpu_core;32;local_machine;;cpu_state=steal
kernel_cpu_time_ms;2026-03-25T00:42:17.298541093Z;0;cpu_core;32;local_machine;;cpu_state=guest
kernel_cpu_time_ms;2026-03-25T00:42:17.298541093Z;0;cpu_core;32;local_machine;;cpu_state=guest_nice
kernel_cpu_time_ms;2026-03-25T00:42:17.298541093Z;0;cpu_core;33;local_machine;;cpu_state=user
kernel_cpu_time_ms;2026-03-25T00:42:17.298541093Z;0;cpu_core;33;local_machine;;cpu_state=nice
kernel_cpu_time_ms;2026-03-25T00:42:17.298541093Z;0;cpu_core;33;local_machine;;cpu_state=system
kernel_cpu_time_ms;2026-03-25T00:42:17.298541093Z;500;cpu_core;33;local_machine;;cpu_state=idle
kernel_cpu_time_ms;2026-03-25T00:42:17.298541093Z;0;cpu_core;33;local_machine;;cpu_state=irq
kernel_cpu_time_ms;2026-03-25T00:42:17.298541093Z;0;cpu_core;33;local_machine;;cpu_state=softirq
kernel_cpu_time_ms;2026-03-25T00:42:17.298541093Z;0;cpu_core;33;local_machine;;cpu_state=steal
kernel_cpu_time_ms;2026-03-25T00:42:17.298541093Z;0;cpu_core;33;local_machine;;cpu_state=guest
kernel_cpu_time_ms;2026-03-25T00:42:17.298541093Z;0;cpu_core;33;local_machine;;cpu_state=guest_nice
kernel_cpu_time_ms;2026-03-25T00:42:17.298541093Z;0;cpu_core;34;local_machine;;cpu_state=user
kernel_cpu_time_ms;2026-03-25T00:42:17.298541093Z;0;cpu_core;34;local_machine;;cpu_state=nice
kernel_cpu_time_ms;2026-03-25T00:42:17.298541093Z;0;cpu_core;34;local_machine;;cpu_state=system
kernel_cpu_time_ms;2026-03-25T00:42:17.298541093Z;500;cpu_core;34;local_machine;;cpu_state=idle
kernel_cpu_time_ms;2026-03-25T00:42:17.298541093Z;0;cpu_core;34;local_machine;;cpu_state=irq
kernel_cpu_time_ms;2026-03-25T00:42:17.298541093Z;0;cpu_core;34;local_machine;;cpu_state=softirq
kernel_cpu_time_ms;2026-03-25T00:42:17.298541093Z;0;cpu_core;34;local_machine;;cpu_state=steal
kernel_cpu_time_ms;2026-03-25T00:42:17.298541093Z;0;cpu_core;34;local_machine;;cpu_state=guest
kernel_cpu_time_ms;2026-03-25T00:42:17.298541093Z;0;cpu_core;34;local_machine;;cpu_state=guest_nice
kernel_cpu_time_ms;2026-03-25T00:42:17.298541093Z;0;cpu_core;35;local_machine;;cpu_state=user
kernel_cpu_time_ms;2026-03-25T00:42:17.298541093Z;0;cpu_core;35;local_machine;;cpu_state=nice
kernel_cpu_time_ms;2026-03-25T00:42:17.298541093Z;0;cpu_core;35;local_machine;;cpu_state=system
kernel_cpu_time_ms;2026-03-25T00:42:17.298541093Z;510;cpu_core;35;local_machine;;cpu_state=idle
kernel_cpu_time_ms;2026-03-25T00:42:17.298541093Z;0;cpu_core;35;local_machine;;cpu_state=irq
kernel_cpu_time_ms;2026-03-25T00:42:17.298541093Z;0;cpu_core;35;local_machine;;cpu_state=softirq
kernel_cpu_time_ms;2026-03-25T00:42:17.298541093Z;0;cpu_core;35;local_machine;;cpu_state=steal
kernel_cpu_time_ms;2026-03-25T00:42:17.298541093Z;0;cpu_core;35;local_machine;;cpu_state=guest
kernel_cpu_time_ms;2026-03-25T00:42:17.298541093Z;0;cpu_core;35;local_machine;;cpu_state=guest_nice
kernel_cpu_time_ms;2026-03-25T00:42:17.298541093Z;0;cpu_core;36;local_machine;;cpu_state=user
kernel_cpu_time_ms;2026-03-25T00:42:17.298541093Z;0;cpu_core;36;local_machine;;cpu_state=nice
kernel_cpu_time_ms;2026-03-25T00:42:17.298541093Z;0;cpu_core;36;local_machine;;cpu_state=system
kernel_cpu_time_ms;2026-03-25T00:42:17.298541093Z;500;cpu_core;36;local_machine;;cpu_state=idle
kernel_cpu_time_ms;2026-03-25T00:42:17.298541093Z;0;cpu_core;36;local_machine;;cpu_state=irq
kernel_cpu_time_ms;2026-03-25T00:42:17.298541093Z;0;cpu_core;36;local_machine;;cpu_state=softirq
kernel_cpu_time_ms;2026-03-25T00:42:17.298541093Z;0;cpu_core;36;local_machine;;cpu_state=steal
kernel_cpu_time_ms;2026-03-25T00:42:17.298541093Z;0;cpu_core;36;local_machine;;cpu_state=guest
kernel_cpu_time_ms;2026-03-25T00:42:17.298541093Z;0;cpu_core;36;local_machine;;cpu_state=guest_nice
kernel_cpu_time_ms;2026-03-25T00:42:17.298541093Z;0;cpu_core;37;local_machine;;cpu_state=user
kernel_cpu_time_ms;2026-03-25T00:42:17.298541093Z;0;cpu_core;37;local_machine;;cpu_state=nice
kernel_cpu_time_ms;2026-03-25T00:42:17.298541093Z;0;cpu_core;37;local_machine;;cpu_state=system
kernel_cpu_time_ms;2026-03-25T00:42:17.298541093Z;500;cpu_core;37;local_machine;;cpu_state=idle
kernel_cpu_time_ms;2026-03-25T00:42:17.298541093Z;0;cpu_core;37;local_machine;;cpu_state=irq
kernel_cpu_time_ms;2026-03-25T00:42:17.298541093Z;0;cpu_core;37;local_machine;;cpu_state=softirq
kernel_cpu_time_ms;2026-03-25T00:42:17.298541093Z;0;cpu_core;37;local_machine;;cpu_state=steal
kernel_cpu_time_ms;2026-03-25T00:42:17.298541093Z;0;cpu_core;37;local_machine;;cpu_state=guest
kernel_cpu_time_ms;2026-03-25T00:42:17.298541093Z;0;cpu_core;37;local_machine;;cpu_state=guest_nice
kernel_cpu_time_ms;2026-03-25T00:42:17.298541093Z;0;cpu_core;38;local_machine;;cpu_state=user
kernel_cpu_time_ms;2026-03-25T00:42:17.298541093Z;0;cpu_core;38;local_machine;;cpu_state=nice
kernel_cpu_time_ms;2026-03-25T00:42:17.298541093Z;0;cpu_core;38;local_machine;;cpu_state=system
kernel_cpu_time_ms;2026-03-25T00:42:17.298541093Z;500;cpu_core;38;local_machine;;cpu_state=idle
kernel_cpu_time_ms;2026-03-25T00:42:17.298541093Z;0;cpu_core;38;local_machine;;cpu_state=irq
kernel_cpu_time_ms;2026-03-25T00:42:17.298541093Z;0;cpu_core;38;local_machine;;cpu_state=softirq
kernel_cpu_time_ms;2026-03-25T00:42:17.298541093Z;0;cpu_core;38;local_machine;;cpu_state=steal
kernel_cpu_time_ms;2026-03-25T00:42:17.298541093Z;0;cpu_core;38;local_machine;;cpu_state=guest
kernel_cpu_time_ms;2026-03-25T00:42:17.298541093Z;0;cpu_core;38;local_machine;;cpu_state=guest_nice
kernel_cpu_time_ms;2026-03-25T00:42:17.298541093Z;0;cpu_core;39;local_machine;;cpu_state=user
kernel_cpu_time_ms;2026-03-25T00:42:17.298541093Z;0;cpu_core;39;local_machine;;cpu_state=nice
kernel_cpu_time_ms;2026-03-25T00:42:17.298541093Z;0;cpu_core;39;local_machine;;cpu_state=system
kernel_cpu_time_ms;2026-03-25T00:42:17.298541093Z;500;cpu_core;39;local_machine;;cpu_state=idle
kernel_cpu_time_ms;2026-03-25T00:42:17.298541093Z;0;cpu_core;39;local_machine;;cpu_state=irq
kernel_cpu_time_ms;2026-03-25T00:42:17.298541093Z;0;cpu_core;39;local_machine;;cpu_state=softirq
kernel_cpu_time_ms;2026-03-25T00:42:17.298541093Z;0;cpu_core;39;local_machine;;cpu_state=steal
kernel_cpu_time_ms;2026-03-25T00:42:17.298541093Z;0;cpu_core;39;local_machine;;cpu_state=guest
kernel_cpu_time_ms;2026-03-25T00:42:17.298541093Z;0;cpu_core;39;local_machine;;cpu_state=guest_nice
kernel_cpu_time_ms;2026-03-25T00:42:17.298541093Z;500;cpu_core;40;local_machine;;cpu_state=user
kernel_cpu_time_ms;2026-03-25T00:42:17.298541093Z;0;cpu_core;40;local_machine;;cpu_state=nice
kernel_cpu_time_ms;2026-03-25T00:42:17.298541093Z;0;cpu_core;40;local_machine;;cpu_state=system
kernel_cpu_time_ms;2026-03-25T00:42:17.298541093Z;0;cpu_core;40;local_machine;;cpu_state=idle
kernel_cpu_time_ms;2026-03-25T00:42:17.298541093Z;0;cpu_core;40;local_machine;;cpu_state=irq
kernel_cpu_time_ms;2026-03-25T00:42:17.298541093Z;0;cpu_core;40;local_machine;;cpu_state=softirq
kernel_cpu_time_ms;2026-03-25T00:42:17.298541093Z;0;cpu_core;40;local_machine;;cpu_state=steal
kernel_cpu_time_ms;2026-03-25T00:42:17.298541093Z;0;cpu_core;40;local_machine;;cpu_state=guest
kernel_cpu_time_ms;2026-03-25T00:42:17.298541093Z;0;cpu_core;40;local_machine;;cpu_state=guest_nice
kernel_cpu_time_ms;2026-03-25T00:42:17.298541093Z;0;cpu_core;41;local_machine;;cpu_state=user
kernel_cpu_time_ms;2026-03-25T00:42:17.298541093Z;0;cpu_core;41;local_machine;;cpu_state=nice
kernel_cpu_time_ms;2026-03-25T00:42:17.298541093Z;0;cpu_core;41;local_machine;;cpu_state=system
kernel_cpu_time_ms;2026-03-25T00:42:17.298541093Z;500;cpu_core;41;local_machine;;cpu_state=idle
kernel_cpu_time_ms;2026-03-25T00:42:17.298541093Z;0;cpu_core;41;local_machine;;cpu_state=irq
kernel_cpu_time_ms;2026-03-25T00:42:17.298541093Z;0;cpu_core;41;local_machine;;cpu_state=softirq
kernel_cpu_time_ms;2026-03-25T00:42:17.298541093Z;0;cpu_core;41;local_machine;;cpu_state=steal
kernel_cpu_time_ms;2026-03-25T00:42:17.298541093Z;0;cpu_core;41;local_machine;;cpu_state=guest
kernel_cpu_time_ms;2026-03-25T00:42:17.298541093Z;0;cpu_core;41;local_machine;;cpu_state=guest_nice
kernel_cpu_time_ms;2026-03-25T00:42:17.298541093Z;0;cpu_core;42;local_machine;;cpu_state=user
kernel_cpu_time_ms;2026-03-25T00:42:17.298541093Z;0;cpu_core;42;local_machine;;cpu_state=nice
kernel_cpu_time_ms;2026-03-25T00:42:17.298541093Z;0;cpu_core;42;local_machine;;cpu_state=system
kernel_cpu_time_ms;2026-03-25T00:42:17.298541093Z;500;cpu_core;42;local_machine;;cpu_state=idle
kernel_cpu_time_ms;2026-03-25T00:42:17.298541093Z;0;cpu_core;42;local_machine;;cpu_state=irq
kernel_cpu_time_ms;2026-03-25T00:42:17.298541093Z;0;cpu_core;42;local_machine;;cpu_state=softirq
kernel_cpu_time_ms;2026-03-25T00:42:17.298541093Z;0;cpu_core;42;local_machine;;cpu_state=steal
kernel_cpu_time_ms;2026-03-25T00:42:17.298541093Z;0;cpu_core;42;local_machine;;cpu_state=guest
kernel_cpu_time_ms;2026-03-25T00:42:17.298541093Z;0;cpu_core;42;local_machine;;cpu_state=guest_nice
kernel_cpu_time_ms;2026-03-25T00:42:17.298541093Z;0;cpu_core;43;local_machine;;cpu_state=user
kernel_cpu_time_ms;2026-03-25T00:42:17.298541093Z;0;cpu_core;43;local_machine;;cpu_state=nice
kernel_cpu_time_ms;2026-03-25T00:42:17.298541093Z;0;cpu_core;43;local_machine;;cpu_state=system
kernel_cpu_time_ms;2026-03-25T00:42:17.298541093Z;500;cpu_core;43;local_machine;;cpu_state=idle
kernel_cpu_time_ms;2026-03-25T00:42:17.298541093Z;0;cpu_core;43;local_machine;;cpu_state=irq
kernel_cpu_time_ms;2026-03-25T00:42:17.298541093Z;0;cpu_core;43;local_machine;;cpu_state=softirq
kernel_cpu_time_ms;2026-03-25T00:42:17.298541093Z;0;cpu_core;43;local_machine;;cpu_state=steal
kernel_cpu_time_ms;2026-03-25T00:42:17.298541093Z;0;cpu_core;43;local_machine;;cpu_state=guest
kernel_cpu_time_ms;2026-03-25T00:42:17.298541093Z;0;cpu_core;43;local_machine;;cpu_state=guest_nice
kernel_cpu_time_ms;2026-03-25T00:42:17.298541093Z;0;cpu_core;44;local_machine;;cpu_state=user
kernel_cpu_time_ms;2026-03-25T00:42:17.298541093Z;0;cpu_core;44;local_machine;;cpu_state=nice
kernel_cpu_time_ms;2026-03-25T00:42:17.298541093Z;0;cpu_core;44;local_machine;;cpu_state=system
kernel_cpu_time_ms;2026-03-25T00:42:17.298541093Z;500;cpu_core;44;local_machine;;cpu_state=idle
kernel_cpu_time_ms;2026-03-25T00:42:17.298541093Z;0;cpu_core;44;local_machine;;cpu_state=irq
kernel_cpu_time_ms;2026-03-25T00:42:17.298541093Z;0;cpu_core;44;local_machine;;cpu_state=softirq
kernel_cpu_time_ms;2026-03-25T00:42:17.298541093Z;0;cpu_core;44;local_machine;;cpu_state=steal
kernel_cpu_time_ms;2026-03-25T00:42:17.298541093Z;0;cpu_core;44;local_machine;;cpu_state=guest
kernel_cpu_time_ms;2026-03-25T00:42:17.298541093Z;0;cpu_core;44;local_machine;;cpu_state=guest_nice
kernel_cpu_time_ms;2026-03-25T00:42:17.298541093Z;0;cpu_core;45;local_machine;;cpu_state=user
kernel_cpu_time_ms;2026-03-25T00:42:17.298541093Z;0;cpu_core;45;local_machine;;cpu_state=nice
kernel_cpu_time_ms;2026-03-25T00:42:17.298541093Z;0;cpu_core;45;local_machine;;cpu_state=system
kernel_cpu_time_ms;2026-03-25T00:42:17.298541093Z;500;cpu_core;45;local_machine;;cpu_state=idle
kernel_cpu_time_ms;2026-03-25T00:42:17.298541093Z;0;cpu_core;45;local_machine;;cpu_state=irq
kernel_cpu_time_ms;2026-03-25T00:42:17.298541093Z;0;cpu_core;45;local_machine;;cpu_state=softirq
kernel_cpu_time_ms;2026-03-25T00:42:17.298541093Z;0;cpu_core;45;local_machine;;cpu_state=steal
kernel_cpu_time_ms;2026-03-25T00:42:17.298541093Z;0;cpu_core;45;local_machine;;cpu_state=guest
kernel_cpu_time_ms;2026-03-25T00:42:17.298541093Z;0;cpu_core;45;local_machine;;cpu_state=guest_nice
kernel_cpu_time_ms;2026-03-25T00:42:17.298541093Z;0;cpu_core;46;local_machine;;cpu_state=user
kernel_cpu_time_ms;2026-03-25T00:42:17.298541093Z;0;cpu_core;46;local_machine;;cpu_state=nice
kernel_cpu_time_ms;2026-03-25T00:42:17.298541093Z;0;cpu_core;46;local_machine;;cpu_state=system
kernel_cpu_time_ms;2026-03-25T00:42:17.298541093Z;500;cpu_core;46;local_machine;;cpu_state=idle
kernel_cpu_time_ms;2026-03-25T00:42:17.298541093Z;0;cpu_core;46;local_machine;;cpu_state=irq
kernel_cpu_time_ms;2026-03-25T00:42:17.298541093Z;0;cpu_core;46;local_machine;;cpu_state=softirq
kernel_cpu_time_ms;2026-03-25T00:42:17.298541093Z;0;cpu_core;46;local_machine;;cpu_state=steal
kernel_cpu_time_ms;2026-03-25T00:42:17.298541093Z;0;cpu_core;46;local_machine;;cpu_state=guest
kernel_cpu_time_ms;2026-03-25T00:42:17.298541093Z;0;cpu_core;46;local_machine;;cpu_state=guest_nice
kernel_cpu_time_ms;2026-03-25T00:42:17.298541093Z;0;cpu_core;47;local_machine;;cpu_state=user
kernel_cpu_time_ms;2026-03-25T00:42:17.298541093Z;0;cpu_core;47;local_machine;;cpu_state=nice
kernel_cpu_time_ms;2026-03-25T00:42:17.298541093Z;0;cpu_core;47;local_machine;;cpu_state=system
kernel_cpu_time_ms;2026-03-25T00:42:17.298541093Z;500;cpu_core;47;local_machine;;cpu_state=idle
kernel_cpu_time_ms;2026-03-25T00:42:17.298541093Z;0;cpu_core;47;local_machine;;cpu_state=irq
kernel_cpu_time_ms;2026-03-25T00:42:17.298541093Z;0;cpu_core;47;local_machine;;cpu_state=softirq
kernel_cpu_time_ms;2026-03-25T00:42:17.298541093Z;0;cpu_core;47;local_machine;;cpu_state=steal
kernel_cpu_time_ms;2026-03-25T00:42:17.298541093Z;0;cpu_core;47;local_machine;;cpu_state=guest
kernel_cpu_time_ms;2026-03-25T00:42:17.298541093Z;0;cpu_core;47;local_machine;;cpu_state=guest_nice
kernel_cpu_time_ms;2026-03-25T00:42:17.298541093Z;0;cpu_core;48;local_machine;;cpu_state=user
kernel_cpu_time_ms;2026-03-25T00:42:17.298541093Z;0;cpu_core;48;local_machine;;cpu_state=nice
kernel_cpu_time_ms;2026-03-25T00:42:17.298541093Z;0;cpu_core;48;local_machine;;cpu_state=system
kernel_cpu_time_ms;2026-03-25T00:42:17.298541093Z;500;cpu_core;48;local_machine;;cpu_state=idle
kernel_cpu_time_ms;2026-03-25T00:42:17.298541093Z;0;cpu_core;48;local_machine;;cpu_state=irq
kernel_cpu_time_ms;2026-03-25T00:42:17.298541093Z;0;cpu_core;48;local_machine;;cpu_state=softirq
kernel_cpu_time_ms;2026-03-25T00:42:17.298541093Z;0;cpu_core;48;local_machine;;cpu_state=steal
kernel_cpu_time_ms;2026-03-25T00:42:17.298541093Z;0;cpu_core;48;local_machine;;cpu_state=guest
kernel_cpu_time_ms;2026-03-25T00:42:17.298541093Z;0;cpu_core;48;local_machine;;cpu_state=guest_nice
kernel_cpu_time_ms;2026-03-25T00:42:17.298541093Z;0;cpu_core;49;local_machine;;cpu_state=user
kernel_cpu_time_ms;2026-03-25T00:42:17.298541093Z;0;cpu_core;49;local_machine;;cpu_state=nice
kernel_cpu_time_ms;2026-03-25T00:42:17.298541093Z;0;cpu_core;49;local_machine;;cpu_state=system
kernel_cpu_time_ms;2026-03-25T00:42:17.298541093Z;500;cpu_core;49;local_machine;;cpu_state=idle
kernel_cpu_time_ms;2026-03-25T00:42:17.298541093Z;0;cpu_core;49;local_machine;;cpu_state=irq
kernel_cpu_time_ms;2026-03-25T00:42:17.298541093Z;0;cpu_core;49;local_machine;;cpu_state=softirq
kernel_cpu_time_ms;2026-03-25T00:42:17.298541093Z;0;cpu_core;49;local_machine;;cpu_state=steal
kernel_cpu_time_ms;2026-03-25T00:42:17.298541093Z;0;cpu_core;49;local_machine;;cpu_state=guest
kernel_cpu_time_ms;2026-03-25T00:42:17.298541093Z;0;cpu_core;49;local_machine;;cpu_state=guest_nice
kernel_cpu_time_ms;2026-03-25T00:42:17.298541093Z;0;cpu_core;50;local_machine;;cpu_state=user
kernel_cpu_time_ms;2026-03-25T00:42:17.298541093Z;0;cpu_core;50;local_machine;;cpu_state=nice
kernel_cpu_time_ms;2026-03-25T00:42:17.298541093Z;0;cpu_core;50;local_machine;;cpu_state=system
kernel_cpu_time_ms;2026-03-25T00:42:17.298541093Z;490;cpu_core;50;local_machine;;cpu_state=idle
kernel_cpu_time_ms;2026-03-25T00:42:17.298541093Z;0;cpu_core;50;local_machine;;cpu_state=irq
kernel_cpu_time_ms;2026-03-25T00:42:17.298541093Z;0;cpu_core;50;local_machine;;cpu_state=softirq
kernel_cpu_time_ms;2026-03-25T00:42:17.298541093Z;0;cpu_core;50;local_machine;;cpu_state=steal
kernel_cpu_time_ms;2026-03-25T00:42:17.298541093Z;0;cpu_core;50;local_machine;;cpu_state=guest
kernel_cpu_time_ms;2026-03-25T00:42:17.298541093Z;0;cpu_core;50;local_machine;;cpu_state=guest_nice
kernel_cpu_time_ms;2026-03-25T00:42:17.298541093Z;0;cpu_core;51;local_machine;;cpu_state=user
kernel_cpu_time_ms;2026-03-25T00:42:17.298541093Z;0;cpu_core;51;local_machine;;cpu_state=nice
kernel_cpu_time_ms;2026-03-25T00:42:17.298541093Z;0;cpu_core;51;local_machine;;cpu_state=system
kernel_cpu_time_ms;2026-03-25T00:42:17.298541093Z;500;cpu_core;51;local_machine;;cpu_state=idle
kernel_cpu_time_ms;2026-03-25T00:42:17.298541093Z;0;cpu_core;51;local_machine;;cpu_state=irq
kernel_cpu_time_ms;2026-03-25T00:42:17.298541093Z;0;cpu_core;51;local_machine;;cpu_state=softirq
kernel_cpu_time_ms;2026-03-25T00:42:17.298541093Z;0;cpu_core;51;local_machine;;cpu_state=steal
kernel_cpu_time_ms;2026-03-25T00:42:17.298541093Z;0;cpu_core;51;local_machine;;cpu_state=guest
kernel_cpu_time_ms;2026-03-25T00:42:17.298541093Z;0;cpu_core;51;local_machine;;cpu_state=guest_nice
kernel_cpu_time_ms;2026-03-25T00:42:17.298541093Z;0;cpu_core;52;local_machine;;cpu_state=user
kernel_cpu_time_ms;2026-03-25T00:42:17.298541093Z;0;cpu_core;52;local_machine;;cpu_state=nice
kernel_cpu_time_ms;2026-03-25T00:42:17.298541093Z;0;cpu_core;52;local_machine;;cpu_state=system
kernel_cpu_time_ms;2026-03-25T00:42:17.298541093Z;500;cpu_core;52;local_machine;;cpu_state=idle
kernel_cpu_time_ms;2026-03-25T00:42:17.298541093Z;0;cpu_core;52;local_machine;;cpu_state=irq
kernel_cpu_time_ms;2026-03-25T00:42:17.298541093Z;0;cpu_core;52;local_machine;;cpu_state=softirq
kernel_cpu_time_ms;2026-03-25T00:42:17.298541093Z;0;cpu_core;52;local_machine;;cpu_state=steal
kernel_cpu_time_ms;2026-03-25T00:42:17.298541093Z;0;cpu_core;52;local_machine;;cpu_state=guest
kernel_cpu_time_ms;2026-03-25T00:42:17.298541093Z;0;cpu_core;52;local_machine;;cpu_state=guest_nice
kernel_cpu_time_ms;2026-03-25T00:42:17.298541093Z;0;cpu_core;53;local_machine;;cpu_state=user
kernel_cpu_time_ms;2026-03-25T00:42:17.298541093Z;0;cpu_core;53;local_machine;;cpu_state=nice
kernel_cpu_time_ms;2026-03-25T00:42:17.298541093Z;0;cpu_core;53;local_machine;;cpu_state=system
kernel_cpu_time_ms;2026-03-25T00:42:17.298541093Z;500;cpu_core;53;local_machine;;cpu_state=idle
kernel_cpu_time_ms;2026-03-25T00:42:17.298541093Z;0;cpu_core;53;local_machine;;cpu_state=irq
kernel_cpu_time_ms;2026-03-25T00:42:17.298541093Z;0;cpu_core;53;local_machine;;cpu_state=softirq
kernel_cpu_time_ms;2026-03-25T00:42:17.298541093Z;0;cpu_core;53;local_machine;;cpu_state=steal
kernel_cpu_time_ms;2026-03-25T00:42:17.298541093Z;0;cpu_core;53;local_machine;;cpu_state=guest
kernel_cpu_time_ms;2026-03-25T00:42:17.298541093Z;0;cpu_core;53;local_machine;;cpu_state=guest_nice
kernel_cpu_time_ms;2026-03-25T00:42:17.298541093Z;0;cpu_core;54;local_machine;;cpu_state=user
kernel_cpu_time_ms;2026-03-25T00:42:17.298541093Z;0;cpu_core;54;local_machine;;cpu_state=nice
kernel_cpu_time_ms;2026-03-25T00:42:17.298541093Z;0;cpu_core;54;local_machine;;cpu_state=system
kernel_cpu_time_ms;2026-03-25T00:42:17.298541093Z;500;cpu_core;54;local_machine;;cpu_state=idle
kernel_cpu_time_ms;2026-03-25T00:42:17.298541093Z;0;cpu_core;54;local_machine;;cpu_state=irq
kernel_cpu_time_ms;2026-03-25T00:42:17.298541093Z;0;cpu_core;54;local_machine;;cpu_state=softirq
kernel_cpu_time_ms;2026-03-25T00:42:17.298541093Z;0;cpu_core;54;local_machine;;cpu_state=steal
kernel_cpu_time_ms;2026-03-25T00:42:17.298541093Z;0;cpu_core;54;local_machine;;cpu_state=guest
kernel_cpu_time_ms;2026-03-25T00:42:17.298541093Z;0;cpu_core;54;local_machine;;cpu_state=guest_nice
kernel_cpu_time_ms;2026-03-25T00:42:17.298541093Z;0;cpu_core;55;local_machine;;cpu_state=user
kernel_cpu_time_ms;2026-03-25T00:42:17.298541093Z;0;cpu_core;55;local_machine;;cpu_state=nice
kernel_cpu_time_ms;2026-03-25T00:42:17.298541093Z;0;cpu_core;55;local_machine;;cpu_state=system
kernel_cpu_time_ms;2026-03-25T00:42:17.298541093Z;500;cpu_core;55;local_machine;;cpu_state=idle
kernel_cpu_time_ms;2026-03-25T00:42:17.298541093Z;0;cpu_core;55;local_machine;;cpu_state=irq
kernel_cpu_time_ms;2026-03-25T00:42:17.298541093Z;0;cpu_core;55;local_machine;;cpu_state=softirq
kernel_cpu_time_ms;2026-03-25T00:42:17.298541093Z;0;cpu_core;55;local_machine;;cpu_state=steal
kernel_cpu_time_ms;2026-03-25T00:42:17.298541093Z;0;cpu_core;55;local_machine;;cpu_state=guest
kernel_cpu_time_ms;2026-03-25T00:42:17.298541093Z;0;cpu_core;55;local_machine;;cpu_state=guest_nice
kernel_cpu_time_ms;2026-03-25T00:42:17.298541093Z;0;cpu_core;56;local_machine;;cpu_state=user
kernel_cpu_time_ms;2026-03-25T00:42:17.298541093Z;0;cpu_core;56;local_machine;;cpu_state=nice
kernel_cpu_time_ms;2026-03-25T00:42:17.298541093Z;0;cpu_core;56;local_machine;;cpu_state=system
kernel_cpu_time_ms;2026-03-25T00:42:17.298541093Z;500;cpu_core;56;local_machine;;cpu_state=idle
kernel_cpu_time_ms;2026-03-25T00:42:17.298541093Z;0;cpu_core;56;local_machine;;cpu_state=irq
kernel_cpu_time_ms;2026-03-25T00:42:17.298541093Z;0;cpu_core;56;local_machine;;cpu_state=softirq
kernel_cpu_time_ms;2026-03-25T00:42:17.298541093Z;0;cpu_core;56;local_machine;;cpu_state=steal
kernel_cpu_time_ms;2026-03-25T00:42:17.298541093Z;0;cpu_core;56;local_machine;;cpu_state=guest
kernel_cpu_time_ms;2026-03-25T00:42:17.298541093Z;0;cpu_core;56;local_machine;;cpu_state=guest_nice
kernel_cpu_time_ms;2026-03-25T00:42:17.298541093Z;0;cpu_core;57;local_machine;;cpu_state=user
kernel_cpu_time_ms;2026-03-25T00:42:17.298541093Z;0;cpu_core;57;local_machine;;cpu_state=nice
kernel_cpu_time_ms;2026-03-25T00:42:17.298541093Z;0;cpu_core;57;local_machine;;cpu_state=system
kernel_cpu_time_ms;2026-03-25T00:42:17.298541093Z;500;cpu_core;57;local_machine;;cpu_state=idle
kernel_cpu_time_ms;2026-03-25T00:42:17.298541093Z;0;cpu_core;57;local_machine;;cpu_state=irq
kernel_cpu_time_ms;2026-03-25T00:42:17.298541093Z;0;cpu_core;57;local_machine;;cpu_state=softirq
kernel_cpu_time_ms;2026-03-25T00:42:17.298541093Z;0;cpu_core;57;local_machine;;cpu_state=steal
kernel_cpu_time_ms;2026-03-25T00:42:17.298541093Z;0;cpu_core;57;local_machine;;cpu_state=guest
kernel_cpu_time_ms;2026-03-25T00:42:17.298541093Z;0;cpu_core;57;local_machine;;cpu_state=guest_nice
kernel_cpu_time_ms;2026-03-25T00:42:17.298541093Z;0;cpu_core;58;local_machine;;cpu_state=user
kernel_cpu_time_ms;2026-03-25T00:42:17.298541093Z;0;cpu_core;58;local_machine;;cpu_state=nice
kernel_cpu_time_ms;2026-03-25T00:42:17.298541093Z;0;cpu_core;58;local_machine;;cpu_state=system
kernel_cpu_time_ms;2026-03-25T00:42:17.298541093Z;500;cpu_core;58;local_machine;;cpu_state=idle
kernel_cpu_time_ms;2026-03-25T00:42:17.298541093Z;0;cpu_core;58;local_machine;;cpu_state=irq
kernel_cpu_time_ms;2026-03-25T00:42:17.298541093Z;0;cpu_core;58;local_machine;;cpu_state=softirq
kernel_cpu_time_ms;2026-03-25T00:42:17.298541093Z;0;cpu_core;58;local_machine;;cpu_state=steal
kernel_cpu_time_ms;2026-03-25T00:42:17.298541093Z;0;cpu_core;58;local_machine;;cpu_state=guest
kernel_cpu_time_ms;2026-03-25T00:42:17.298541093Z;0;cpu_core;58;local_machine;;cpu_state=guest_nice
kernel_cpu_time_ms;2026-03-25T00:42:17.298541093Z;0;cpu_core;59;local_machine;;cpu_state=user
kernel_cpu_time_ms;2026-03-25T00:42:17.298541093Z;0;cpu_core;59;local_machine;;cpu_state=nice
kernel_cpu_time_ms;2026-03-25T00:42:17.298541093Z;0;cpu_core;59;local_machine;;cpu_state=system
kernel_cpu_time_ms;2026-03-25T00:42:17.298541093Z;500;cpu_core;59;local_machine;;cpu_state=idle
kernel_cpu_time_ms;2026-03-25T00:42:17.298541093Z;0;cpu_core;59;local_machine;;cpu_state=irq
kernel_cpu_time_ms;2026-03-25T00:42:17.298541093Z;0;cpu_core;59;local_machine;;cpu_state=softirq
kernel_cpu_time_ms;2026-03-25T00:42:17.298541093Z;0;cpu_core;59;local_machine;;cpu_state=steal
kernel_cpu_time_ms;2026-03-25T00:42:17.298541093Z;0;cpu_core;59;local_machine;;cpu_state=guest
kernel_cpu_time_ms;2026-03-25T00:42:17.298541093Z;0;cpu_core;59;local_machine;;cpu_state=guest_nice
kernel_cpu_time_ms;2026-03-25T00:42:17.298541093Z;0;cpu_core;60;local_machine;;cpu_state=user
kernel_cpu_time_ms;2026-03-25T00:42:17.298541093Z;0;cpu_core;60;local_machine;;cpu_state=nice
kernel_cpu_time_ms;2026-03-25T00:42:17.298541093Z;0;cpu_core;60;local_machine;;cpu_state=system
kernel_cpu_time_ms;2026-03-25T00:42:17.298541093Z;500;cpu_core;60;local_machine;;cpu_state=idle
kernel_cpu_time_ms;2026-03-25T00:42:17.298541093Z;0;cpu_core;60;local_machine;;cpu_state=irq
kernel_cpu_time_ms;2026-03-25T00:42:17.298541093Z;0;cpu_core;60;local_machine;;cpu_state=softirq
kernel_cpu_time_ms;2026-03-25T00:42:17.298541093Z;0;cpu_core;60;local_machine;;cpu_state=steal
kernel_cpu_time_ms;2026-03-25T00:42:17.298541093Z;0;cpu_core;60;local_machine;;cpu_state=guest
kernel_cpu_time_ms;2026-03-25T00:42:17.298541093Z;0;cpu_core;60;local_machine;;cpu_state=guest_nice
kernel_cpu_time_ms;2026-03-25T00:42:17.298541093Z;280;cpu_core;61;local_machine;;cpu_state=user
kernel_cpu_time_ms;2026-03-25T00:42:17.298541093Z;0;cpu_core;61;local_machine;;cpu_state=nice
kernel_cpu_time_ms;2026-03-25T00:42:17.298541093Z;20;cpu_core;61;local_machine;;cpu_state=system
kernel_cpu_time_ms;2026-03-25T00:42:17.298541093Z;200;cpu_core;61;local_machine;;cpu_state=idle
kernel_cpu_time_ms;2026-03-25T00:42:17.298541093Z;0;cpu_core;61;local_machine;;cpu_state=irq
kernel_cpu_time_ms;2026-03-25T00:42:17.298541093Z;0;cpu_core;61;local_machine;;cpu_state=softirq
kernel_cpu_time_ms;2026-03-25T00:42:17.298541093Z;0;cpu_core;61;local_machine;;cpu_state=steal
kernel_cpu_time_ms;2026-03-25T00:42:17.298541093Z;0;cpu_core;61;local_machine;;cpu_state=guest
kernel_cpu_time_ms;2026-03-25T00:42:17.298541093Z;0;cpu_core;61;local_machine;;cpu_state=guest_nice
kernel_cpu_time_ms;2026-03-25T00:42:17.298541093Z;0;cpu_core;62;local_machine;;cpu_state=user
kernel_cpu_time_ms;2026-03-25T00:42:17.298541093Z;0;cpu_core;62;local_machine;;cpu_state=nice
kernel_cpu_time_ms;2026-03-25T00:42:17.298541093Z;0;cpu_core;62;local_machine;;cpu_state=system
kernel_cpu_time_ms;2026-03-25T00:42:17.298541093Z;500;cpu_core;62;local_machine;;cpu_state=idle
kernel_cpu_time_ms;2026-03-25T00:42:17.298541093Z;0;cpu_core;62;local_machine;;cpu_state=irq
kernel_cpu_time_ms;2026-03-25T00:42:17.298541093Z;0;cpu_core;62;local_machine;;cpu_state=softirq
kernel_cpu_time_ms;2026-03-25T00:42:17.298541093Z;0;cpu_core;62;local_machine;;cpu_state=steal
kernel_cpu_time_ms;2026-03-25T00:42:17.298541093Z;0;cpu_core;62;local_machine;;cpu_state=guest
kernel_cpu_time_ms;2026-03-25T00:42:17.298541093Z;0;cpu_core;62;local_machine;;cpu_state=guest_nice
kernel_cpu_time_ms;2026-03-25T00:42:17.298541093Z;0;cpu_core;63;local_machine;;cpu_state=user
kernel_cpu_time_ms;2026-03-25T00:42:17.298541093Z;0;cpu_core;63;local_machine;;cpu_state=nice
kernel_cpu_time_ms;2026-03-25T00:42:17.298541093Z;0;cpu_core;63;local_machine;;cpu_state=system
kernel_cpu_time_ms;2026-03-25T00:42:17.298541093Z;500;cpu_core;63;local_machine;;cpu_state=idle
kernel_cpu_time_ms;2026-03-25T00:42:17.298541093Z;0;cpu_core;63;local_machine;;cpu_state=irq
kernel_cpu_time_ms;2026-03-25T00:42:17.298541093Z;0;cpu_core;63;local_machine;;cpu_state=softirq
kernel_cpu_time_ms;2026-03-25T00:42:17.298541093Z;0;cpu_core;63;local_machine;;cpu_state=steal
kernel_cpu_time_ms;2026-03-25T00:42:17.298541093Z;0;cpu_core;63;local_machine;;cpu_state=guest
kernel_cpu_time_ms;2026-03-25T00:42:17.298541093Z;0;cpu_core;63;local_machine;;cpu_state=guest_nice
kernel_cpu_time_ms;2026-03-25T00:42:17.298541093Z;0;cpu_core;64;local_machine;;cpu_state=user
kernel_cpu_time_ms;2026-03-25T00:42:17.298541093Z;0;cpu_core;64;local_machine;;cpu_state=nice
kernel_cpu_time_ms;2026-03-25T00:42:17.298541093Z;0;cpu_core;64;local_machine;;cpu_state=system
kernel_cpu_time_ms;2026-03-25T00:42:17.298541093Z;500;cpu_core;64;local_machine;;cpu_state=idle
kernel_cpu_time_ms;2026-03-25T00:42:17.298541093Z;0;cpu_core;64;local_machine;;cpu_state=irq
kernel_cpu_time_ms;2026-03-25T00:42:17.298541093Z;0;cpu_core;64;local_machine;;cpu_state=softirq
kernel_cpu_time_ms;2026-03-25T00:42:17.298541093Z;0;cpu_core;64;local_machine;;cpu_state=steal
kernel_cpu_time_ms;2026-03-25T00:42:17.298541093Z;0;cpu_core;64;local_machine;;cpu_state=guest
kernel_cpu_time_ms;2026-03-25T00:42:17.298541093Z;0;cpu_core;64;local_machine;;cpu_state=guest_nice
kernel_cpu_time_ms;2026-03-25T00:42:17.298541093Z;190;cpu_core;65;local_machine;;cpu_state=user
kernel_cpu_time_ms;2026-03-25T00:42:17.298541093Z;0;cpu_core;65;local_machine;;cpu_state=nice
kernel_cpu_time_ms;2026-03-25T00:42:17.298541093Z;0;cpu_core;65;local_machine;;cpu_state=system
kernel_cpu_time_ms;2026-03-25T00:42:17.298541093Z;310;cpu_core;65;local_machine;;cpu_state=idle
kernel_cpu_time_ms;2026-03-25T00:42:17.298541093Z;0;cpu_core;65;local_machine;;cpu_state=irq
kernel_cpu_time_ms;2026-03-25T00:42:17.298541093Z;0;cpu_core;65;local_machine;;cpu_state=softirq
kernel_cpu_time_ms;2026-03-25T00:42:17.298541093Z;0;cpu_core;65;local_machine;;cpu_state=steal
kernel_cpu_time_ms;2026-03-25T00:42:17.298541093Z;0;cpu_core;65;local_machine;;cpu_state=guest
kernel_cpu_time_ms;2026-03-25T00:42:17.298541093Z;0;cpu_core;65;local_machine;;cpu_state=guest_nice
kernel_cpu_time_ms;2026-03-25T00:42:17.298541093Z;0;cpu_core;66;local_machine;;cpu_state=user
kernel_cpu_time_ms;2026-03-25T00:42:17.298541093Z;0;cpu_core;66;local_machine;;cpu_state=nice
kernel_cpu_time_ms;2026-03-25T00:42:17.298541093Z;0;cpu_core;66;local_machine;;cpu_state=system
kernel_cpu_time_ms;2026-03-25T00:42:17.298541093Z;500;cpu_core;66;local_machine;;cpu_state=idle
kernel_cpu_time_ms;2026-03-25T00:42:17.298541093Z;0;cpu_core;66;local_machine;;cpu_state=irq
kernel_cpu_time_ms;2026-03-25T00:42:17.298541093Z;0;cpu_core;66;local_machine;;cpu_state=softirq
kernel_cpu_time_ms;2026-03-25T00:42:17.298541093Z;0;cpu_core;66;local_machine;;cpu_state=steal
kernel_cpu_time_ms;2026-03-25T00:42:17.298541093Z;0;cpu_core;66;local_machine;;cpu_state=guest
kernel_cpu_time_ms;2026-03-25T00:42:17.298541093Z;0;cpu_core;66;local_machine;;cpu_state=guest_nice
kernel_cpu_time_ms;2026-03-25T00:42:17.298541093Z;0;cpu_core;67;local_machine;;cpu_state=user
kernel_cpu_time_ms;2026-03-25T00:42:17.298541093Z;0;cpu_core;67;local_machine;;cpu_state=nice
kernel_cpu_time_ms;2026-03-25T00:42:17.298541093Z;0;cpu_core;67;local_machine;;cpu_state=system
kernel_cpu_time_ms;2026-03-25T00:42:17.298541093Z;500;cpu_core;67;local_machine;;cpu_state=idle
kernel_cpu_time_ms;2026-03-25T00:42:17.298541093Z;0;cpu_core;67;local_machine;;cpu_state=irq
kernel_cpu_time_ms;2026-03-25T00:42:17.298541093Z;0;cpu_core;67;local_machine;;cpu_state=softirq
kernel_cpu_time_ms;2026-03-25T00:42:17.298541093Z;0;cpu_core;67;local_machine;;cpu_state=steal
kernel_cpu_time_ms;2026-03-25T00:42:17.298541093Z;0;cpu_core;67;local_machine;;cpu_state=guest
kernel_cpu_time_ms;2026-03-25T00:42:17.298541093Z;0;cpu_core;67;local_machine;;cpu_state=guest_nice
kernel_cpu_time_ms;2026-03-25T00:42:17.298541093Z;0;cpu_core;68;local_machine;;cpu_state=user
kernel_cpu_time_ms;2026-03-25T00:42:17.298541093Z;0;cpu_core;68;local_machine;;cpu_state=nice
kernel_cpu_time_ms;2026-03-25T00:42:17.298541093Z;0;cpu_core;68;local_machine;;cpu_state=system
kernel_cpu_time_ms;2026-03-25T00:42:17.298541093Z;500;cpu_core;68;local_machine;;cpu_state=idle
kernel_cpu_time_ms;2026-03-25T00:42:17.298541093Z;0;cpu_core;68;local_machine;;cpu_state=irq
kernel_cpu_time_ms;2026-03-25T00:42:17.298541093Z;0;cpu_core;68;local_machine;;cpu_state=softirq
kernel_cpu_time_ms;2026-03-25T00:42:17.298541093Z;0;cpu_core;68;local_machine;;cpu_state=steal
kernel_cpu_time_ms;2026-03-25T00:42:17.298541093Z;0;cpu_core;68;local_machine;;cpu_state=guest
kernel_cpu_time_ms;2026-03-25T00:42:17.298541093Z;0;cpu_core;68;local_machine;;cpu_state=guest_nice
kernel_cpu_time_ms;2026-03-25T00:42:17.298541093Z;0;cpu_core;69;local_machine;;cpu_state=user
kernel_cpu_time_ms;2026-03-25T00:42:17.298541093Z;0;cpu_core;69;local_machine;;cpu_state=nice
kernel_cpu_time_ms;2026-03-25T00:42:17.298541093Z;0;cpu_core;69;local_machine;;cpu_state=system
kernel_cpu_time_ms;2026-03-25T00:42:17.298541093Z;500;cpu_core;69;local_machine;;cpu_state=idle
kernel_cpu_time_ms;2026-03-25T00:42:17.298541093Z;0;cpu_core;69;local_machine;;cpu_state=irq
kernel_cpu_time_ms;2026-03-25T00:42:17.298541093Z;0;cpu_core;69;local_machine;;cpu_state=softirq
kernel_cpu_time_ms;2026-03-25T00:42:17.298541093Z;0;cpu_core;69;local_machine;;cpu_state=steal
kernel_cpu_time_ms;2026-03-25T00:42:17.298541093Z;0;cpu_core;69;local_machine;;cpu_state=guest
kernel_cpu_time_ms;2026-03-25T00:42:17.298541093Z;0;cpu_core;69;local_machine;;cpu_state=guest_nice
kernel_cpu_time_ms;2026-03-25T00:42:17.298541093Z;0;cpu_core;70;local_machine;;cpu_state=user
kernel_cpu_time_ms;2026-03-25T00:42:17.298541093Z;0;cpu_core;70;local_machine;;cpu_state=nice
kernel_cpu_time_ms;2026-03-25T00:42:17.298541093Z;0;cpu_core;70;local_machine;;cpu_state=system
kernel_cpu_time_ms;2026-03-25T00:42:17.298541093Z;500;cpu_core;70;local_machine;;cpu_state=idle
kernel_cpu_time_ms;2026-03-25T00:42:17.298541093Z;0;cpu_core;70;local_machine;;cpu_state=irq
kernel_cpu_time_ms;2026-03-25T00:42:17.298541093Z;0;cpu_core;70;local_machine;;cpu_state=softirq
kernel_cpu_time_ms;2026-03-25T00:42:17.298541093Z;0;cpu_core;70;local_machine;;cpu_state=steal
kernel_cpu_time_ms;2026-03-25T00:42:17.298541093Z;0;cpu_core;70;local_machine;;cpu_state=guest
kernel_cpu_time_ms;2026-03-25T00:42:17.298541093Z;0;cpu_core;70;local_machine;;cpu_state=guest_nice
kernel_cpu_time_ms;2026-03-25T00:42:17.298541093Z;0;cpu_core;71;local_machine;;cpu_state=user
kernel_cpu_time_ms;2026-03-25T00:42:17.298541093Z;0;cpu_core;71;local_machine;;cpu_state=nice
kernel_cpu_time_ms;2026-03-25T00:42:17.298541093Z;0;cpu_core;71;local_machine;;cpu_state=system
kernel_cpu_time_ms;2026-03-25T00:42:17.298541093Z;490;cpu_core;71;local_machine;;cpu_state=idle
kernel_cpu_time_ms;2026-03-25T00:42:17.298541093Z;0;cpu_core;71;local_machine;;cpu_state=irq
kernel_cpu_time_ms;2026-03-25T00:42:17.298541093Z;0;cpu_core;71;local_machine;;cpu_state=softirq
kernel_cpu_time_ms;2026-03-25T00:42:17.298541093Z;0;cpu_core;71;local_machine;;cpu_state=steal
kernel_cpu_time_ms;2026-03-25T00:42:17.298541093Z;0;cpu_core;71;local_machine;;cpu_state=guest
kernel_cpu_time_ms;2026-03-25T00:42:17.298541093Z;0;cpu_core;71;local_machine;;cpu_state=guest_nice
kernel_cpu_time_ms;2026-03-25T00:42:17.298541093Z;10;cpu_core;72;local_machine;;cpu_state=user
kernel_cpu_time_ms;2026-03-25T00:42:17.298541093Z;0;cpu_core;72;local_machine;;cpu_state=nice
kernel_cpu_time_ms;2026-03-25T00:42:17.298541093Z;0;cpu_core;72;local_machine;;cpu_state=system
kernel_cpu_time_ms;2026-03-25T00:42:17.298541093Z;490;cpu_core;72;local_machine;;cpu_state=idle
kernel_cpu_time_ms;2026-03-25T00:42:17.298541093Z;0;cpu_core;72;local_machine;;cpu_state=irq
kernel_cpu_time_ms;2026-03-25T00:42:17.298541093Z;0;cpu_core;72;local_machine;;cpu_state=softirq
kernel_cpu_time_ms;2026-03-25T00:42:17.298541093Z;0;cpu_core;72;local_machine;;cpu_state=steal
kernel_cpu_time_ms;2026-03-25T00:42:17.298541093Z;0;cpu_core;72;local_machine;;cpu_state=guest
kernel_cpu_time_ms;2026-03-25T00:42:17.298541093Z;0;cpu_core;72;local_machine;;cpu_state=guest_nice
kernel_cpu_time_ms;2026-03-25T00:42:17.298541093Z;0;cpu_core;73;local_machine;;cpu_state=user
kernel_cpu_time_ms;2026-03-25T00:42:17.298541093Z;0;cpu_core;73;local_machine;;cpu_state=nice
kernel_cpu_time_ms;2026-03-25T00:42:17.298541093Z;10;cpu_core;73;local_machine;;cpu_state=system
kernel_cpu_time_ms;2026-03-25T00:42:17.298541093Z;490;cpu_core;73;local_machine;;cpu_state=idle
kernel_cpu_time_ms;2026-03-25T00:42:17.298541093Z;0;cpu_core;73;local_machine;;cpu_state=irq
kernel_cpu_time_ms;2026-03-25T00:42:17.298541093Z;0;cpu_core;73;local_machine;;cpu_state=softirq
kernel_cpu_time_ms;2026-03-25T00:42:17.298541093Z;0;cpu_core;73;local_machine;;cpu_state=steal
kernel_cpu_time_ms;2026-03-25T00:42:17.298541093Z;0;cpu_core;73;local_machine;;cpu_state=guest
kernel_cpu_time_ms;2026-03-25T00:42:17.298541093Z;0;cpu_core;73;local_machine;;cpu_state=guest_nice
kernel_cpu_time_ms;2026-03-25T00:42:17.298541093Z;0;cpu_core;74;local_machine;;cpu_state=user
kernel_cpu_time_ms;2026-03-25T00:42:17.298541093Z;0;cpu_core;74;local_machine;;cpu_state=nice
kernel_cpu_time_ms;2026-03-25T00:42:17.298541093Z;0;cpu_core;74;local_machine;;cpu_state=system
kernel_cpu_time_ms;2026-03-25T00:42:17.298541093Z;500;cpu_core;74;local_machine;;cpu_state=idle
kernel_cpu_time_ms;2026-03-25T00:42:17.298541093Z;0;cpu_core;74;local_machine;;cpu_state=irq
kernel_cpu_time_ms;2026-03-25T00:42:17.298541093Z;0;cpu_core;74;local_machine;;cpu_state=softirq
kernel_cpu_time_ms;2026-03-25T00:42:17.298541093Z;0;cpu_core;74;local_machine;;cpu_state=steal
kernel_cpu_time_ms;2026-03-25T00:42:17.298541093Z;0;cpu_core;74;local_machine;;cpu_state=guest
kernel_cpu_time_ms;2026-03-25T00:42:17.298541093Z;0;cpu_core;74;local_machine;;cpu_state=guest_nice
kernel_cpu_time_ms;2026-03-25T00:42:17.298541093Z;0;cpu_core;75;local_machine;;cpu_state=user
kernel_cpu_time_ms;2026-03-25T00:42:17.298541093Z;0;cpu_core;75;local_machine;;cpu_state=nice
kernel_cpu_time_ms;2026-03-25T00:42:17.298541093Z;10;cpu_core;75;local_machine;;cpu_state=system
kernel_cpu_time_ms;2026-03-25T00:42:17.298541093Z;490;cpu_core;75;local_machine;;cpu_state=idle
kernel_cpu_time_ms;2026-03-25T00:42:17.298541093Z;0;cpu_core;75;local_machine;;cpu_state=irq
kernel_cpu_time_ms;2026-03-25T00:42:17.298541093Z;0;cpu_core;75;local_machine;;cpu_state=softirq
kernel_cpu_time_ms;2026-03-25T00:42:17.298541093Z;0;cpu_core;75;local_machine;;cpu_state=steal
kernel_cpu_time_ms;2026-03-25T00:42:17.298541093Z;0;cpu_core;75;local_machine;;cpu_state=guest
kernel_cpu_time_ms;2026-03-25T00:42:17.298541093Z;0;cpu_core;75;local_machine;;cpu_state=guest_nice
kernel_cpu_time_ms;2026-03-25T00:42:17.298541093Z;0;cpu_core;76;local_machine;;cpu_state=user
kernel_cpu_time_ms;2026-03-25T00:42:17.298541093Z;0;cpu_core;76;local_machine;;cpu_state=nice
kernel_cpu_time_ms;2026-03-25T00:42:17.298541093Z;0;cpu_core;76;local_machine;;cpu_state=system
kernel_cpu_time_ms;2026-03-25T00:42:17.298541093Z;500;cpu_core;76;local_machine;;cpu_state=idle
kernel_cpu_time_ms;2026-03-25T00:42:17.298541093Z;0;cpu_core;76;local_machine;;cpu_state=irq
kernel_cpu_time_ms;2026-03-25T00:42:17.298541093Z;0;cpu_core;76;local_machine;;cpu_state=softirq
kernel_cpu_time_ms;2026-03-25T00:42:17.298541093Z;0;cpu_core;76;local_machine;;cpu_state=steal
kernel_cpu_time_ms;2026-03-25T00:42:17.298541093Z;0;cpu_core;76;local_machine;;cpu_state=guest
kernel_cpu_time_ms;2026-03-25T00:42:17.298541093Z;0;cpu_core;76;local_machine;;cpu_state=guest_nice
kernel_cpu_time_ms;2026-03-25T00:42:17.298541093Z;0;cpu_core;77;local_machine;;cpu_state=user
kernel_cpu_time_ms;2026-03-25T00:42:17.298541093Z;0;cpu_core;77;local_machine;;cpu_state=nice
kernel_cpu_time_ms;2026-03-25T00:42:17.298541093Z;0;cpu_core;77;local_machine;;cpu_state=system
kernel_cpu_time_ms;2026-03-25T00:42:17.298541093Z;500;cpu_core;77;local_machine;;cpu_state=idle
kernel_cpu_time_ms;2026-03-25T00:42:17.298541093Z;0;cpu_core;77;local_machine;;cpu_state=irq
kernel_cpu_time_ms;2026-03-25T00:42:17.298541093Z;0;cpu_core;77;local_machine;;cpu_state=softirq
kernel_cpu_time_ms;2026-03-25T00:42:17.298541093Z;0;cpu_core;77;local_machine;;cpu_state=steal
kernel_cpu_time_ms;2026-03-25T00:42:17.298541093Z;0;cpu_core;77;local_machine;;cpu_state=guest
kernel_cpu_time_ms;2026-03-25T00:42:17.298541093Z;0;cpu_core;77;local_machine;;cpu_state=guest_nice
kernel_cpu_time_ms;2026-03-25T00:42:17.298541093Z;0;cpu_core;78;local_machine;;cpu_state=user
kernel_cpu_time_ms;2026-03-25T00:42:17.298541093Z;0;cpu_core;78;local_machine;;cpu_state=nice
kernel_cpu_time_ms;2026-03-25T00:42:17.298541093Z;0;cpu_core;78;local_machine;;cpu_state=system
kernel_cpu_time_ms;2026-03-25T00:42:17.298541093Z;500;cpu_core;78;local_machine;;cpu_state=idle
kernel_cpu_time_ms;2026-03-25T00:42:17.298541093Z;0;cpu_core;78;local_machine;;cpu_state=irq
kernel_cpu_time_ms;2026-03-25T00:42:17.298541093Z;0;cpu_core;78;local_machine;;cpu_state=softirq
kernel_cpu_time_ms;2026-03-25T00:42:17.298541093Z;0;cpu_core;78;local_machine;;cpu_state=steal
kernel_cpu_time_ms;2026-03-25T00:42:17.298541093Z;0;cpu_core;78;local_machine;;cpu_state=guest
kernel_cpu_time_ms;2026-03-25T00:42:17.298541093Z;0;cpu_core;78;local_machine;;cpu_state=guest_nice
kernel_cpu_time_ms;2026-03-25T00:42:17.298541093Z;0;cpu_core;79;local_machine;;cpu_state=user
kernel_cpu_time_ms;2026-03-25T00:42:17.298541093Z;0;cpu_core;79;local_machine;;cpu_state=nice
kernel_cpu_time_ms;2026-03-25T00:42:17.298541093Z;0;cpu_core;79;local_machine;;cpu_state=system
kernel_cpu_time_ms;2026-03-25T00:42:17.298541093Z;500;cpu_core;79;local_machine;;cpu_state=idle
kernel_cpu_time_ms;2026-03-25T00:42:17.298541093Z;0;cpu_core;79;local_machine;;cpu_state=irq
kernel_cpu_time_ms;2026-03-25T00:42:17.298541093Z;0;cpu_core;79;local_machine;;cpu_state=softirq
kernel_cpu_time_ms;2026-03-25T00:42:17.298541093Z;0;cpu_core;79;local_machine;;cpu_state=steal
kernel_cpu_time_ms;2026-03-25T00:42:17.298541093Z;0;cpu_core;79;local_machine;;cpu_state=guest
kernel_cpu_time_ms;2026-03-25T00:42:17.298541093Z;0;cpu_core;79;local_machine;;cpu_state=guest_nice
kernel_cpu_time_ms;2026-03-25T00:42:17.298541093Z;0;cpu_core;80;local_machine;;cpu_state=user
kernel_cpu_time_ms;2026-03-25T00:42:17.298541093Z;0;cpu_core;80;local_machine;;cpu_state=nice
kernel_cpu_time_ms;2026-03-25T00:42:17.298541093Z;0;cpu_core;80;local_machine;;cpu_state=system
kernel_cpu_time_ms;2026-03-25T00:42:17.298541093Z;500;cpu_core;80;local_machine;;cpu_state=idle
kernel_cpu_time_ms;2026-03-25T00:42:17.298541093Z;0;cpu_core;80;local_machine;;cpu_state=irq
kernel_cpu_time_ms;2026-03-25T00:42:17.298541093Z;0;cpu_core;80;local_machine;;cpu_state=softirq
kernel_cpu_time_ms;2026-03-25T00:42:17.298541093Z;0;cpu_core;80;local_machine;;cpu_state=steal
kernel_cpu_time_ms;2026-03-25T00:42:17.298541093Z;0;cpu_core;80;local_machine;;cpu_state=guest
kernel_cpu_time_ms;2026-03-25T00:42:17.298541093Z;0;cpu_core;80;local_machine;;cpu_state=guest_nice
kernel_cpu_time_ms;2026-03-25T00:42:17.298541093Z;0;cpu_core;81;local_machine;;cpu_state=user
kernel_cpu_time_ms;2026-03-25T00:42:17.298541093Z;0;cpu_core;81;local_machine;;cpu_state=nice
kernel_cpu_time_ms;2026-03-25T00:42:17.298541093Z;0;cpu_core;81;local_machine;;cpu_state=system
kernel_cpu_time_ms;2026-03-25T00:42:17.298541093Z;500;cpu_core;81;local_machine;;cpu_state=idle
kernel_cpu_time_ms;2026-03-25T00:42:17.298541093Z;0;cpu_core;81;local_machine;;cpu_state=irq
kernel_cpu_time_ms;2026-03-25T00:42:17.298541093Z;0;cpu_core;81;local_machine;;cpu_state=softirq
kernel_cpu_time_ms;2026-03-25T00:42:17.298541093Z;0;cpu_core;81;local_machine;;cpu_state=steal
kernel_cpu_time_ms;2026-03-25T00:42:17.298541093Z;0;cpu_core;81;local_machine;;cpu_state=guest
kernel_cpu_time_ms;2026-03-25T00:42:17.298541093Z;0;cpu_core;81;local_machine;;cpu_state=guest_nice
kernel_cpu_time_ms;2026-03-25T00:42:17.298541093Z;20;cpu_core;82;local_machine;;cpu_state=user
kernel_cpu_time_ms;2026-03-25T00:42:17.298541093Z;0;cpu_core;82;local_machine;;cpu_state=nice
kernel_cpu_time_ms;2026-03-25T00:42:17.298541093Z;0;cpu_core;82;local_machine;;cpu_state=system
kernel_cpu_time_ms;2026-03-25T00:42:17.298541093Z;470;cpu_core;82;local_machine;;cpu_state=idle
kernel_cpu_time_ms;2026-03-25T00:42:17.298541093Z;0;cpu_core;82;local_machine;;cpu_state=irq
kernel_cpu_time_ms;2026-03-25T00:42:17.298541093Z;0;cpu_core;82;local_machine;;cpu_state=softirq
kernel_cpu_time_ms;2026-03-25T00:42:17.298541093Z;0;cpu_core;82;local_machine;;cpu_state=steal
kernel_cpu_time_ms;2026-03-25T00:42:17.298541093Z;0;cpu_core;82;local_machine;;cpu_state=guest
kernel_cpu_time_ms;2026-03-25T00:42:17.298541093Z;0;cpu_core;82;local_machine;;cpu_state=guest_nice
kernel_cpu_time_ms;2026-03-25T00:42:17.298541093Z;0;cpu_core;83;local_machine;;cpu_state=user
kernel_cpu_time_ms;2026-03-25T00:42:17.298541093Z;0;cpu_core;83;local_machine;;cpu_state=nice
kernel_cpu_time_ms;2026-03-25T00:42:17.298541093Z;0;cpu_core;83;local_machine;;cpu_state=system
kernel_cpu_time_ms;2026-03-25T00:42:17.298541093Z;500;cpu_core;83;local_machine;;cpu_state=idle
kernel_cpu_time_ms;2026-03-25T00:42:17.298541093Z;0;cpu_core;83;local_machine;;cpu_state=irq
kernel_cpu_time_ms;2026-03-25T00:42:17.298541093Z;0;cpu_core;83;local_machine;;cpu_state=softirq
kernel_cpu_time_ms;2026-03-25T00:42:17.298541093Z;0;cpu_core;83;local_machine;;cpu_state=steal
kernel_cpu_time_ms;2026-03-25T00:42:17.298541093Z;0;cpu_core;83;local_machine;;cpu_state=guest
kernel_cpu_time_ms;2026-03-25T00:42:17.298541093Z;0;cpu_core;83;local_machine;;cpu_state=guest_nice
kernel_cpu_time_ms;2026-03-25T00:42:17.298541093Z;0;cpu_core;84;local_machine;;cpu_state=user
kernel_cpu_time_ms;2026-03-25T00:42:17.298541093Z;0;cpu_core;84;local_machine;;cpu_state=nice
kernel_cpu_time_ms;2026-03-25T00:42:17.298541093Z;0;cpu_core;84;local_machine;;cpu_state=system
kernel_cpu_time_ms;2026-03-25T00:42:17.298541093Z;500;cpu_core;84;local_machine;;cpu_state=idle
kernel_cpu_time_ms;2026-03-25T00:42:17.298541093Z;0;cpu_core;84;local_machine;;cpu_state=irq
kernel_cpu_time_ms;2026-03-25T00:42:17.298541093Z;0;cpu_core;84;local_machine;;cpu_state=softirq
kernel_cpu_time_ms;2026-03-25T00:42:17.298541093Z;0;cpu_core;84;local_machine;;cpu_state=steal
kernel_cpu_time_ms;2026-03-25T00:42:17.298541093Z;0;cpu_core;84;local_machine;;cpu_state=guest
kernel_cpu_time_ms;2026-03-25T00:42:17.298541093Z;0;cpu_core;84;local_machine;;cpu_state=guest_nice
kernel_cpu_time_ms;2026-03-25T00:42:17.298541093Z;0;cpu_core;85;local_machine;;cpu_state=user
kernel_cpu_time_ms;2026-03-25T00:42:17.298541093Z;0;cpu_core;85;local_machine;;cpu_state=nice
kernel_cpu_time_ms;2026-03-25T00:42:17.298541093Z;0;cpu_core;85;local_machine;;cpu_state=system
kernel_cpu_time_ms;2026-03-25T00:42:17.298541093Z;500;cpu_core;85;local_machine;;cpu_state=idle
kernel_cpu_time_ms;2026-03-25T00:42:17.298541093Z;0;cpu_core;85;local_machine;;cpu_state=irq
kernel_cpu_time_ms;2026-03-25T00:42:17.298541093Z;0;cpu_core;85;local_machine;;cpu_state=softirq
kernel_cpu_time_ms;2026-03-25T00:42:17.298541093Z;0;cpu_core;85;local_machine;;cpu_state=steal
kernel_cpu_time_ms;2026-03-25T00:42:17.298541093Z;0;cpu_core;85;local_machine;;cpu_state=guest
kernel_cpu_time_ms;2026-03-25T00:42:17.298541093Z;0;cpu_core;85;local_machine;;cpu_state=guest_nice
kernel_cpu_time_ms;2026-03-25T00:42:17.298541093Z;0;cpu_core;86;local_machine;;cpu_state=user
kernel_cpu_time_ms;2026-03-25T00:42:17.298541093Z;0;cpu_core;86;local_machine;;cpu_state=nice
kernel_cpu_time_ms;2026-03-25T00:42:17.298541093Z;0;cpu_core;86;local_machine;;cpu_state=system
kernel_cpu_time_ms;2026-03-25T00:42:17.298541093Z;500;cpu_core;86;local_machine;;cpu_state=idle
kernel_cpu_time_ms;2026-03-25T00:42:17.298541093Z;0;cpu_core;86;local_machine;;cpu_state=irq
kernel_cpu_time_ms;2026-03-25T00:42:17.298541093Z;0;cpu_core;86;local_machine;;cpu_state=softirq
kernel_cpu_time_ms;2026-03-25T00:42:17.298541093Z;0;cpu_core;86;local_machine;;cpu_state=steal
kernel_cpu_time_ms;2026-03-25T00:42:17.298541093Z;0;cpu_core;86;local_machine;;cpu_state=guest
kernel_cpu_time_ms;2026-03-25T00:42:17.298541093Z;0;cpu_core;86;local_machine;;cpu_state=guest_nice
kernel_cpu_time_ms;2026-03-25T00:42:17.298541093Z;0;cpu_core;87;local_machine;;cpu_state=user
kernel_cpu_time_ms;2026-03-25T00:42:17.298541093Z;0;cpu_core;87;local_machine;;cpu_state=nice
kernel_cpu_time_ms;2026-03-25T00:42:17.298541093Z;0;cpu_core;87;local_machine;;cpu_state=system
kernel_cpu_time_ms;2026-03-25T00:42:17.298541093Z;500;cpu_core;87;local_machine;;cpu_state=idle
kernel_cpu_time_ms;2026-03-25T00:42:17.298541093Z;0;cpu_core;87;local_machine;;cpu_state=irq
kernel_cpu_time_ms;2026-03-25T00:42:17.298541093Z;0;cpu_core;87;local_machine;;cpu_state=softirq
kernel_cpu_time_ms;2026-03-25T00:42:17.298541093Z;0;cpu_core;87;local_machine;;cpu_state=steal
kernel_cpu_time_ms;2026-03-25T00:42:17.298541093Z;0;cpu_core;87;local_machine;;cpu_state=guest
kernel_cpu_time_ms;2026-03-25T00:42:17.298541093Z;0;cpu_core;87;local_machine;;cpu_state=guest_nice
kernel_cpu_time_ms;2026-03-25T00:42:17.298541093Z;0;cpu_core;88;local_machine;;cpu_state=user
kernel_cpu_time_ms;2026-03-25T00:42:17.298541093Z;0;cpu_core;88;local_machine;;cpu_state=nice
kernel_cpu_time_ms;2026-03-25T00:42:17.298541093Z;0;cpu_core;88;local_machine;;cpu_state=system
kernel_cpu_time_ms;2026-03-25T00:42:17.298541093Z;500;cpu_core;88;local_machine;;cpu_state=idle
kernel_cpu_time_ms;2026-03-25T00:42:17.298541093Z;0;cpu_core;88;local_machine;;cpu_state=irq
kernel_cpu_time_ms;2026-03-25T00:42:17.298541093Z;0;cpu_core;88;local_machine;;cpu_state=softirq
kernel_cpu_time_ms;2026-03-25T00:42:17.298541093Z;0;cpu_core;88;local_machine;;cpu_state=steal
kernel_cpu_time_ms;2026-03-25T00:42:17.298541093Z;0;cpu_core;88;local_machine;;cpu_state=guest
kernel_cpu_time_ms;2026-03-25T00:42:17.298541093Z;0;cpu_core;88;local_machine;;cpu_state=guest_nice
kernel_cpu_time_ms;2026-03-25T00:42:17.298541093Z;0;cpu_core;89;local_machine;;cpu_state=user
kernel_cpu_time_ms;2026-03-25T00:42:17.298541093Z;0;cpu_core;89;local_machine;;cpu_state=nice
kernel_cpu_time_ms;2026-03-25T00:42:17.298541093Z;0;cpu_core;89;local_machine;;cpu_state=system
kernel_cpu_time_ms;2026-03-25T00:42:17.298541093Z;500;cpu_core;89;local_machine;;cpu_state=idle
kernel_cpu_time_ms;2026-03-25T00:42:17.298541093Z;0;cpu_core;89;local_machine;;cpu_state=irq
kernel_cpu_time_ms;2026-03-25T00:42:17.298541093Z;0;cpu_core;89;local_machine;;cpu_state=softirq
kernel_cpu_time_ms;2026-03-25T00:42:17.298541093Z;0;cpu_core;89;local_machine;;cpu_state=steal
kernel_cpu_time_ms;2026-03-25T00:42:17.298541093Z;0;cpu_core;89;local_machine;;cpu_state=guest
kernel_cpu_time_ms;2026-03-25T00:42:17.298541093Z;0;cpu_core;89;local_machine;;cpu_state=guest_nice
kernel_cpu_time_ms;2026-03-25T00:42:17.298541093Z;0;cpu_core;90;local_machine;;cpu_state=user
kernel_cpu_time_ms;2026-03-25T00:42:17.298541093Z;0;cpu_core;90;local_machine;;cpu_state=nice
kernel_cpu_time_ms;2026-03-25T00:42:17.298541093Z;0;cpu_core;90;local_machine;;cpu_state=system
kernel_cpu_time_ms;2026-03-25T00:42:17.298541093Z;500;cpu_core;90;local_machine;;cpu_state=idle
kernel_cpu_time_ms;2026-03-25T00:42:17.298541093Z;0;cpu_core;90;local_machine;;cpu_state=irq
kernel_cpu_time_ms;2026-03-25T00:42:17.298541093Z;0;cpu_core;90;local_machine;;cpu_state=softirq
kernel_cpu_time_ms;2026-03-25T00:42:17.298541093Z;0;cpu_core;90;local_machine;;cpu_state=steal
kernel_cpu_time_ms;2026-03-25T00:42:17.298541093Z;0;cpu_core;90;local_machine;;cpu_state=guest
kernel_cpu_time_ms;2026-03-25T00:42:17.298541093Z;0;cpu_core;90;local_machine;;cpu_state=guest_nice
kernel_cpu_time_ms;2026-03-25T00:42:17.298541093Z;0;cpu_core;91;local_machine;;cpu_state=user
kernel_cpu_time_ms;2026-03-25T00:42:17.298541093Z;0;cpu_core;91;local_machine;;cpu_state=nice
kernel_cpu_time_ms;2026-03-25T00:42:17.298541093Z;0;cpu_core;91;local_machine;;cpu_state=system
kernel_cpu_time_ms;2026-03-25T00:42:17.298541093Z;500;cpu_core;91;local_machine;;cpu_state=idle
kernel_cpu_time_ms;2026-03-25T00:42:17.298541093Z;0;cpu_core;91;local_machine;;cpu_state=irq
kernel_cpu_time_ms;2026-03-25T00:42:17.298541093Z;0;cpu_core;91;local_machine;;cpu_state=softirq
kernel_cpu_time_ms;2026-03-25T00:42:17.298541093Z;0;cpu_core;91;local_machine;;cpu_state=steal
kernel_cpu_time_ms;2026-03-25T00:42:17.298541093Z;0;cpu_core;91;local_machine;;cpu_state=guest
kernel_cpu_time_ms;2026-03-25T00:42:17.298541093Z;0;cpu_core;91;local_machine;;cpu_state=guest_nice
kernel_cpu_time_ms;2026-03-25T00:42:17.298541093Z;0;cpu_core;92;local_machine;;cpu_state=user
kernel_cpu_time_ms;2026-03-25T00:42:17.298541093Z;0;cpu_core;92;local_machine;;cpu_state=nice
kernel_cpu_time_ms;2026-03-25T00:42:17.298541093Z;0;cpu_core;92;local_machine;;cpu_state=system
kernel_cpu_time_ms;2026-03-25T00:42:17.298541093Z;500;cpu_core;92;local_machine;;cpu_state=idle
kernel_cpu_time_ms;2026-03-25T00:42:17.298541093Z;0;cpu_core;92;local_machine;;cpu_state=irq
kernel_cpu_time_ms;2026-03-25T00:42:17.298541093Z;0;cpu_core;92;local_machine;;cpu_state=softirq
kernel_cpu_time_ms;2026-03-25T00:42:17.298541093Z;0;cpu_core;92;local_machine;;cpu_state=steal
kernel_cpu_time_ms;2026-03-25T00:42:17.298541093Z;0;cpu_core;92;local_machine;;cpu_state=guest
kernel_cpu_time_ms;2026-03-25T00:42:17.298541093Z;0;cpu_core;92;local_machine;;cpu_state=guest_nice
kernel_cpu_time_ms;2026-03-25T00:42:17.298541093Z;0;cpu_core;93;local_machine;;cpu_state=user
kernel_cpu_time_ms;2026-03-25T00:42:17.298541093Z;0;cpu_core;93;local_machine;;cpu_state=nice
kernel_cpu_time_ms;2026-03-25T00:42:17.298541093Z;0;cpu_core;93;local_machine;;cpu_state=system
kernel_cpu_time_ms;2026-03-25T00:42:17.298541093Z;500;cpu_core;93;local_machine;;cpu_state=idle
kernel_cpu_time_ms;2026-03-25T00:42:17.298541093Z;0;cpu_core;93;local_machine;;cpu_state=irq
kernel_cpu_time_ms;2026-03-25T00:42:17.298541093Z;0;cpu_core;93;local_machine;;cpu_state=softirq
kernel_cpu_time_ms;2026-03-25T00:42:17.298541093Z;0;cpu_core;93;local_machine;;cpu_state=steal
kernel_cpu_time_ms;2026-03-25T00:42:17.298541093Z;0;cpu_core;93;local_machine;;cpu_state=guest
kernel_cpu_time_ms;2026-03-25T00:42:17.298541093Z;0;cpu_core;93;local_machine;;cpu_state=guest_nice
kernel_cpu_time_ms;2026-03-25T00:42:17.298541093Z;0;cpu_core;94;local_machine;;cpu_state=user
kernel_cpu_time_ms;2026-03-25T00:42:17.298541093Z;0;cpu_core;94;local_machine;;cpu_state=nice
kernel_cpu_time_ms;2026-03-25T00:42:17.298541093Z;0;cpu_core;94;local_machine;;cpu_state=system
kernel_cpu_time_ms;2026-03-25T00:42:17.298541093Z;500;cpu_core;94;local_machine;;cpu_state=idle
kernel_cpu_time_ms;2026-03-25T00:42:17.298541093Z;0;cpu_core;94;local_machine;;cpu_state=irq
kernel_cpu_time_ms;2026-03-25T00:42:17.298541093Z;0;cpu_core;94;local_machine;;cpu_state=softirq
kernel_cpu_time_ms;2026-03-25T00:42:17.298541093Z;0;cpu_core;94;local_machine;;cpu_state=steal
kernel_cpu_time_ms;2026-03-25T00:42:17.298541093Z;0;cpu_core;94;local_machine;;cpu_state=guest
kernel_cpu_time_ms;2026-03-25T00:42:17.298541093Z;0;cpu_core;94;local_machine;;cpu_state=guest_nice
kernel_cpu_time_ms;2026-03-25T00:42:17.298541093Z;0;cpu_core;95;local_machine;;cpu_state=user
kernel_cpu_time_ms;2026-03-25T00:42:17.298541093Z;0;cpu_core;95;local_machine;;cpu_state=nice
kernel_cpu_time_ms;2026-03-25T00:42:17.298541093Z;0;cpu_core;95;local_machine;;cpu_state=system
kernel_cpu_time_ms;2026-03-25T00:42:17.298541093Z;500;cpu_core;95;local_machine;;cpu_state=idle
kernel_cpu_time_ms;2026-03-25T00:42:17.298541093Z;0;cpu_core;95;local_machine;;cpu_state=irq
kernel_cpu_time_ms;2026-03-25T00:42:17.298541093Z;0;cpu_core;95;local_machine;;cpu_state=softirq
kernel_cpu_time_ms;2026-03-25T00:42:17.298541093Z;0;cpu_core;95;local_machine;;cpu_state=steal
kernel_cpu_time_ms;2026-03-25T00:42:17.298541093Z;0;cpu_core;95;local_machine;;cpu_state=guest
kernel_cpu_time_ms;2026-03-25T00:42:17.298541093Z;0;cpu_core;95;local_machine;;cpu_state=guest_nice
kernel_context_switches;2026-03-25T00:42:17.298541093Z;1116;local_machine;;local_machine;;
kernel_new_forks;2026-03-25T00:42:17.298541093Z;0;local_machine;;local_machine;;
kernel_n_procs_running;2026-03-25T00:42:17.298541093Z;8;local_machine;;local_machine;;
kernel_n_procs_blocked;2026-03-25T00:42:17.298541093Z;0;local_machine;;local_machine;;
perf_hardware_CPU_CYCLES;2026-03-25T00:42:16.823656381Z;4637526761;local_machine;;process;900625;
perf_hardware_INSTRUCTIONS;2026-03-25T00:42:16.823656381Z;9193032266;local_machine;;process;900625;
perf_hardware_CACHE_REFERENCES;2026-03-25T00:42:16.823656381Z;31076152;local_machine;;process;900625;
perf_hardware_CACHE_MISSES;2026-03-25T00:42:16.823656381Z;3249958;local_machine;;process;900625;
perf_hardware_BRANCH_INSTRUCTIONS;2026-03-25T00:42:16.823656381Z;1873790949;local_machine;;process;900625;
perf_hardware_BRANCH_MISSES;2026-03-25T00:42:16.823656381Z;38765387;local_machine;;process;900625;
perf_hardware_BUS_CYCLES;2026-03-25T00:42:16.823656381Z;4750688364;local_machine;;process;900625;
perf_hardware_REF_CPU_CYCLES;2026-03-25T00:42:16.823656381Z;4750691952;local_machine;;process;900625;
perf_software_PAGE_FAULTS;2026-03-25T00:42:16.823656381Z;160390;local_machine;;process;900625;
perf_software_CONTEXT_SWITCHES;2026-03-25T00:42:16.823656381Z;0;local_machine;;process;900625;
perf_software_CPU_MIGRATIONS;2026-03-25T00:42:16.823656381Z;0;local_machine;;process;900625;
perf_software_PAGE_FAULTS_MIN;2026-03-25T00:42:16.823656381Z;160390;local_machine;;process;900625;
perf_software_PAGE_FAULTS_MAJ;2026-03-25T00:42:16.823656381Z;0;local_machine;;process;900625;
perf_software_ALIGNMENT_FAULTS;2026-03-25T00:42:16.823656381Z;0;local_machine;;process;900625;
perf_software_EMULATION_FAULTS;2026-03-25T00:42:16.823656381Z;0;local_machine;;process;900625;
perf_software_CGROUP_SWITCHES;2026-03-25T00:42:16.823656381Z;0;local_machine;;process;900625;
perf_hardware_CPU_CYCLES;2026-03-25T00:42:17.323701524Z;4873179483;local_machine;;process;900625;
perf_hardware_INSTRUCTIONS;2026-03-25T00:42:17.323701524Z;9481324581;local_machine;;process;900625;
perf_hardware_CACHE_REFERENCES;2026-03-25T00:42:17.323701524Z;35030092;local_machine;;process;900625;
perf_hardware_CACHE_MISSES;2026-03-25T00:42:17.323701524Z;3268464;local_machine;;process;900625;
perf_hardware_BRANCH_INSTRUCTIONS;2026-03-25T00:42:17.323701524Z;1930641165;local_machine;;process;900625;
perf_hardware_BRANCH_MISSES;2026-03-25T00:42:17.323701524Z;40855351;local_machine;;process;900625;
perf_hardware_BUS_CYCLES;2026-03-25T00:42:17.323701524Z;5396973828;local_machine;;process;900625;
perf_hardware_REF_CPU_CYCLES;2026-03-25T00:42:17.323701524Z;5396976220;local_machine;;process;900625;
perf_software_PAGE_FAULTS;2026-03-25T00:42:17.323701524Z;163673;local_machine;;process;900625;
perf_software_CONTEXT_SWITCHES;2026-03-25T00:42:17.323701524Z;0;local_machine;;process;900625;
perf_software_CPU_MIGRATIONS;2026-03-25T00:42:17.323701524Z;0;local_machine;;process;900625;
perf_software_PAGE_FAULTS_MIN;2026-03-25T00:42:17.323701524Z;163673;local_machine;;process;900625;
perf_software_PAGE_FAULTS_MAJ;2026-03-25T00:42:17.323701524Z;0;local_machine;;process;900625;
perf_software_ALIGNMENT_FAULTS;2026-03-25T00:42:17.323701524Z;0;local_machine;;process;900625;
perf_software_EMULATION_FAULTS;2026-03-25T00:42:17.323701524Z;0;local_machine;;process;900625;
perf_software_CGROUP_SWITCHES;2026-03-25T00:42:17.323701524Z;0;local_machine;;process;900625;
mem_total_kB;2026-03-25T00:42:17.79816701Z;1081669578752;local_machine;;local_machine;;
mem_free_kB;2026-03-25T00:42:17.79816701Z;1026939183104;local_machine;;local_machine;;
mem_available_kB;2026-03-25T00:42:17.79816701Z;1063413379072;local_machine;;local_machine;;
cached_kB;2026-03-25T00:42:17.79816701Z;33541320704;local_machine;;local_machine;;
swap_cached_kB;2026-03-25T00:42:17.79816701Z;0;local_machine;;local_machine;;
active_kB;2026-03-25T00:42:17.79816701Z;7516901376;local_machine;;local_machine;;
inactive_kB;2026-03-25T00:42:17.79816701Z;34537926656;local_machine;;local_machine;;
mapped_kB;2026-03-25T00:42:17.79816701Z;740917248;local_machine;;local_machine;;
rapl_consumed_energy_J;2026-03-25T00:42:17.298258197Z;9.88629150390625;dram;0;local_machine;;domain=dram
rapl_consumed_energy_J;2026-03-25T00:42:17.298258197Z;9.97381591796875;dram;1;local_machine;;domain=dram
rapl_consumed_energy_J;2026-03-25T00:42:17.298258197Z;318;local_machine;;local_machine;;domain=platform
rapl_consumed_energy_J;2026-03-25T00:42:17.298258197Z;0;local_machine;;local_machine;;domain=platform
rapl_consumed_energy_J;2026-03-25T00:42:17.298258197Z;80.13580322265625;cpu_package;0;local_machine;;domain=package
rapl_consumed_energy_J;2026-03-25T00:42:17.298258197Z;74.0404052734375;cpu_package;1;local_machine;;domain=package
rapl_consumed_energy_J;2026-03-25T00:42:17.298258197Z;154.17620849609375;local_machine;;local_machine;;domain=package_total
rapl_consumed_energy_J;2026-03-25T00:42:17.298258197Z;19.860107421875;local_machine;;local_machine;;domain=dram_total
rapl_consumed_energy_J;2026-03-25T00:42:17.298258197Z;318;local_machine;;local_machine;;domain=platform_total
rapl_consumed_energy_J;2026-03-25T00:42:17.798258303Z;9.88677978515625;dram;0;local_machine;;domain=dram
rapl_consumed_energy_J;2026-03-25T00:42:17.798258303Z;10.23406982421875;dram;1;local_machine;;domain=dram
rapl_consumed_energy_J;2026-03-25T00:42:17.798258303Z;317;local_machine;;local_machine;;domain=platform
rapl_consumed_energy_J;2026-03-25T00:42:17.798258303Z;0;local_machine;;local_machine;;domain=platform
rapl_consumed_energy_J;2026-03-25T00:42:17.798258303Z;80.251708984375;cpu_package;0;local_machine;;domain=package
rapl_consumed_energy_J;2026-03-25T00:42:17.798258303Z;75.7879638671875;cpu_package;1;local_machine;;domain=package
rapl_consumed_energy_J;2026-03-25T00:42:17.798258303Z;156.0396728515625;local_machine;;local_machine;;domain=package_total
rapl_consumed_energy_J;2026-03-25T00:42:17.798258303Z;20.120849609375;local_machine;;local_machine;;domain=dram_total
rapl_consumed_energy_J;2026-03-25T00:42:17.798258303Z;317;local_machine;;local_machine;;domain=platform_total
kernel_cpu_time_ms;2026-03-25T00:42:17.798400153Z;980;local_machine;;local_machine;;cpu_state=user
kernel_cpu_time_ms;2026-03-25T00:42:17.798400153Z;0;local_machine;;local_machine;;cpu_state=nice
kernel_cpu_time_ms;2026-03-25T00:42:17.798400153Z;190;local_machine;;local_machine;;cpu_state=system
kernel_cpu_time_ms;2026-03-25T00:42:17.798400153Z;46790;local_machine;;local_machine;;cpu_state=idle
kernel_cpu_time_ms;2026-03-25T00:42:17.798400153Z;0;local_machine;;local_machine;;cpu_state=irq
kernel_cpu_time_ms;2026-03-25T00:42:17.798400153Z;0;local_machine;;local_machine;;cpu_state=softirq
kernel_cpu_time_ms;2026-03-25T00:42:17.798400153Z;0;local_machine;;local_machine;;cpu_state=steal
kernel_cpu_time_ms;2026-03-25T00:42:17.798400153Z;0;local_machine;;local_machine;;cpu_state=guest
kernel_cpu_time_ms;2026-03-25T00:42:17.798400153Z;0;local_machine;;local_machine;;cpu_state=guest_nice
kernel_cpu_time_ms;2026-03-25T00:42:17.798400153Z;10;cpu_core;0;local_machine;;cpu_state=user
kernel_cpu_time_ms;2026-03-25T00:42:17.798400153Z;0;cpu_core;0;local_machine;;cpu_state=nice
kernel_cpu_time_ms;2026-03-25T00:42:17.798400153Z;10;cpu_core;0;local_machine;;cpu_state=system
kernel_cpu_time_ms;2026-03-25T00:42:17.798400153Z;470;cpu_core;0;local_machine;;cpu_state=idle
kernel_cpu_time_ms;2026-03-25T00:42:17.798400153Z;0;cpu_core;0;local_machine;;cpu_state=irq
kernel_cpu_time_ms;2026-03-25T00:42:17.798400153Z;0;cpu_core;0;local_machine;;cpu_state=softirq
kernel_cpu_time_ms;2026-03-25T00:42:17.798400153Z;0;cpu_core;0;local_machine;;cpu_state=steal
kernel_cpu_time_ms;2026-03-25T00:42:17.798400153Z;0;cpu_core;0;local_machine;;cpu_state=guest
kernel_cpu_time_ms;2026-03-25T00:42:17.798400153Z;0;cpu_core;0;local_machine;;cpu_state=guest_nice
kernel_cpu_time_ms;2026-03-25T00:42:17.798400153Z;0;cpu_core;1;local_machine;;cpu_state=user
kernel_cpu_time_ms;2026-03-25T00:42:17.798400153Z;0;cpu_core;1;local_machine;;cpu_state=nice
kernel_cpu_time_ms;2026-03-25T00:42:17.798400153Z;0;cpu_core;1;local_machine;;cpu_state=system
kernel_cpu_time_ms;2026-03-25T00:42:17.798400153Z;500;cpu_core;1;local_machine;;cpu_state=idle
kernel_cpu_time_ms;2026-03-25T00:42:17.798400153Z;0;cpu_core;1;local_machine;;cpu_state=irq
kernel_cpu_time_ms;2026-03-25T00:42:17.798400153Z;0;cpu_core;1;local_machine;;cpu_state=softirq
kernel_cpu_time_ms;2026-03-25T00:42:17.798400153Z;0;cpu_core;1;local_machine;;cpu_state=steal
kernel_cpu_time_ms;2026-03-25T00:42:17.798400153Z;0;cpu_core;1;local_machine;;cpu_state=guest
kernel_cpu_time_ms;2026-03-25T00:42:17.798400153Z;0;cpu_core;1;local_machine;;cpu_state=guest_nice
kernel_cpu_time_ms;2026-03-25T00:42:17.798400153Z;0;cpu_core;2;local_machine;;cpu_state=user
kernel_cpu_time_ms;2026-03-25T00:42:17.798400153Z;0;cpu_core;2;local_machine;;cpu_state=nice
kernel_cpu_time_ms;2026-03-25T00:42:17.798400153Z;0;cpu_core;2;local_machine;;cpu_state=system
kernel_cpu_time_ms;2026-03-25T00:42:17.798400153Z;500;cpu_core;2;local_machine;;cpu_state=idle
kernel_cpu_time_ms;2026-03-25T00:42:17.798400153Z;0;cpu_core;2;local_machine;;cpu_state=irq
kernel_cpu_time_ms;2026-03-25T00:42:17.798400153Z;0;cpu_core;2;local_machine;;cpu_state=softirq
kernel_cpu_time_ms;2026-03-25T00:42:17.798400153Z;0;cpu_core;2;local_machine;;cpu_state=steal
kernel_cpu_time_ms;2026-03-25T00:42:17.798400153Z;0;cpu_core;2;local_machine;;cpu_state=guest
kernel_cpu_time_ms;2026-03-25T00:42:17.798400153Z;0;cpu_core;2;local_machine;;cpu_state=guest_nice
kernel_cpu_time_ms;2026-03-25T00:42:17.798400153Z;0;cpu_core;3;local_machine;;cpu_state=user
kernel_cpu_time_ms;2026-03-25T00:42:17.798400153Z;0;cpu_core;3;local_machine;;cpu_state=nice
kernel_cpu_time_ms;2026-03-25T00:42:17.798400153Z;0;cpu_core;3;local_machine;;cpu_state=system
kernel_cpu_time_ms;2026-03-25T00:42:17.798400153Z;500;cpu_core;3;local_machine;;cpu_state=idle
kernel_cpu_time_ms;2026-03-25T00:42:17.798400153Z;0;cpu_core;3;local_machine;;cpu_state=irq
kernel_cpu_time_ms;2026-03-25T00:42:17.798400153Z;0;cpu_core;3;local_machine;;cpu_state=softirq
kernel_cpu_time_ms;2026-03-25T00:42:17.798400153Z;0;cpu_core;3;local_machine;;cpu_state=steal
kernel_cpu_time_ms;2026-03-25T00:42:17.798400153Z;0;cpu_core;3;local_machine;;cpu_state=guest
kernel_cpu_time_ms;2026-03-25T00:42:17.798400153Z;0;cpu_core;3;local_machine;;cpu_state=guest_nice
kernel_cpu_time_ms;2026-03-25T00:42:17.798400153Z;0;cpu_core;4;local_machine;;cpu_state=user
kernel_cpu_time_ms;2026-03-25T00:42:17.798400153Z;0;cpu_core;4;local_machine;;cpu_state=nice
kernel_cpu_time_ms;2026-03-25T00:42:17.798400153Z;0;cpu_core;4;local_machine;;cpu_state=system
kernel_cpu_time_ms;2026-03-25T00:42:17.798400153Z;500;cpu_core;4;local_machine;;cpu_state=idle
kernel_cpu_time_ms;2026-03-25T00:42:17.798400153Z;0;cpu_core;4;local_machine;;cpu_state=irq
kernel_cpu_time_ms;2026-03-25T00:42:17.798400153Z;0;cpu_core;4;local_machine;;cpu_state=softirq
kernel_cpu_time_ms;2026-03-25T00:42:17.798400153Z;0;cpu_core;4;local_machine;;cpu_state=steal
kernel_cpu_time_ms;2026-03-25T00:42:17.798400153Z;0;cpu_core;4;local_machine;;cpu_state=guest
kernel_cpu_time_ms;2026-03-25T00:42:17.798400153Z;0;cpu_core;4;local_machine;;cpu_state=guest_nice
kernel_cpu_time_ms;2026-03-25T00:42:17.798400153Z;0;cpu_core;5;local_machine;;cpu_state=user
kernel_cpu_time_ms;2026-03-25T00:42:17.798400153Z;0;cpu_core;5;local_machine;;cpu_state=nice
kernel_cpu_time_ms;2026-03-25T00:42:17.798400153Z;0;cpu_core;5;local_machine;;cpu_state=system
kernel_cpu_time_ms;2026-03-25T00:42:17.798400153Z;500;cpu_core;5;local_machine;;cpu_state=idle
kernel_cpu_time_ms;2026-03-25T00:42:17.798400153Z;0;cpu_core;5;local_machine;;cpu_state=irq
kernel_cpu_time_ms;2026-03-25T00:42:17.798400153Z;0;cpu_core;5;local_machine;;cpu_state=softirq
kernel_cpu_time_ms;2026-03-25T00:42:17.798400153Z;0;cpu_core;5;local_machine;;cpu_state=steal
kernel_cpu_time_ms;2026-03-25T00:42:17.798400153Z;0;cpu_core;5;local_machine;;cpu_state=guest
kernel_cpu_time_ms;2026-03-25T00:42:17.798400153Z;0;cpu_core;5;local_machine;;cpu_state=guest_nice
kernel_cpu_time_ms;2026-03-25T00:42:17.798400153Z;20;cpu_core;6;local_machine;;cpu_state=user
kernel_cpu_time_ms;2026-03-25T00:42:17.798400153Z;0;cpu_core;6;local_machine;;cpu_state=nice
kernel_cpu_time_ms;2026-03-25T00:42:17.798400153Z;0;cpu_core;6;local_machine;;cpu_state=system
kernel_cpu_time_ms;2026-03-25T00:42:17.798400153Z;480;cpu_core;6;local_machine;;cpu_state=idle
kernel_cpu_time_ms;2026-03-25T00:42:17.798400153Z;0;cpu_core;6;local_machine;;cpu_state=irq
kernel_cpu_time_ms;2026-03-25T00:42:17.798400153Z;0;cpu_core;6;local_machine;;cpu_state=softirq
kernel_cpu_time_ms;2026-03-25T00:42:17.798400153Z;0;cpu_core;6;local_machine;;cpu_state=steal
kernel_cpu_time_ms;2026-03-25T00:42:17.798400153Z;0;cpu_core;6;local_machine;;cpu_state=guest
kernel_cpu_time_ms;2026-03-25T00:42:17.798400153Z;0;cpu_core;6;local_machine;;cpu_state=guest_nice
kernel_cpu_time_ms;2026-03-25T00:42:17.798400153Z;0;cpu_core;7;local_machine;;cpu_state=user
kernel_cpu_time_ms;2026-03-25T00:42:17.798400153Z;0;cpu_core;7;local_machine;;cpu_state=nice
kernel_cpu_time_ms;2026-03-25T00:42:17.798400153Z;0;cpu_core;7;local_machine;;cpu_state=system
kernel_cpu_time_ms;2026-03-25T00:42:17.798400153Z;500;cpu_core;7;local_machine;;cpu_state=idle
kernel_cpu_time_ms;2026-03-25T00:42:17.798400153Z;0;cpu_core;7;local_machine;;cpu_state=irq
kernel_cpu_time_ms;2026-03-25T00:42:17.798400153Z;0;cpu_core;7;local_machine;;cpu_state=softirq
kernel_cpu_time_ms;2026-03-25T00:42:17.798400153Z;0;cpu_core;7;local_machine;;cpu_state=steal
kernel_cpu_time_ms;2026-03-25T00:42:17.798400153Z;0;cpu_core;7;local_machine;;cpu_state=guest
kernel_cpu_time_ms;2026-03-25T00:42:17.798400153Z;0;cpu_core;7;local_machine;;cpu_state=guest_nice
kernel_cpu_time_ms;2026-03-25T00:42:17.798400153Z;10;cpu_core;8;local_machine;;cpu_state=user
kernel_cpu_time_ms;2026-03-25T00:42:17.798400153Z;0;cpu_core;8;local_machine;;cpu_state=nice
kernel_cpu_time_ms;2026-03-25T00:42:17.798400153Z;0;cpu_core;8;local_machine;;cpu_state=system
kernel_cpu_time_ms;2026-03-25T00:42:17.798400153Z;480;cpu_core;8;local_machine;;cpu_state=idle
kernel_cpu_time_ms;2026-03-25T00:42:17.798400153Z;0;cpu_core;8;local_machine;;cpu_state=irq
kernel_cpu_time_ms;2026-03-25T00:42:17.798400153Z;0;cpu_core;8;local_machine;;cpu_state=softirq
kernel_cpu_time_ms;2026-03-25T00:42:17.798400153Z;0;cpu_core;8;local_machine;;cpu_state=steal
kernel_cpu_time_ms;2026-03-25T00:42:17.798400153Z;0;cpu_core;8;local_machine;;cpu_state=guest
kernel_cpu_time_ms;2026-03-25T00:42:17.798400153Z;0;cpu_core;8;local_machine;;cpu_state=guest_nice
kernel_cpu_time_ms;2026-03-25T00:42:17.798400153Z;0;cpu_core;9;local_machine;;cpu_state=user
kernel_cpu_time_ms;2026-03-25T00:42:17.798400153Z;0;cpu_core;9;local_machine;;cpu_state=nice
kernel_cpu_time_ms;2026-03-25T00:42:17.798400153Z;0;cpu_core;9;local_machine;;cpu_state=system
kernel_cpu_time_ms;2026-03-25T00:42:17.798400153Z;500;cpu_core;9;local_machine;;cpu_state=idle
kernel_cpu_time_ms;2026-03-25T00:42:17.798400153Z;0;cpu_core;9;local_machine;;cpu_state=irq
kernel_cpu_time_ms;2026-03-25T00:42:17.798400153Z;0;cpu_core;9;local_machine;;cpu_state=softirq
kernel_cpu_time_ms;2026-03-25T00:42:17.798400153Z;0;cpu_core;9;local_machine;;cpu_state=steal
kernel_cpu_time_ms;2026-03-25T00:42:17.798400153Z;0;cpu_core;9;local_machine;;cpu_state=guest
kernel_cpu_time_ms;2026-03-25T00:42:17.798400153Z;0;cpu_core;9;local_machine;;cpu_state=guest_nice
kernel_cpu_time_ms;2026-03-25T00:42:17.798400153Z;20;cpu_core;10;local_machine;;cpu_state=user
kernel_cpu_time_ms;2026-03-25T00:42:17.798400153Z;0;cpu_core;10;local_machine;;cpu_state=nice
kernel_cpu_time_ms;2026-03-25T00:42:17.798400153Z;0;cpu_core;10;local_machine;;cpu_state=system
kernel_cpu_time_ms;2026-03-25T00:42:17.798400153Z;480;cpu_core;10;local_machine;;cpu_state=idle
kernel_cpu_time_ms;2026-03-25T00:42:17.798400153Z;0;cpu_core;10;local_machine;;cpu_state=irq
kernel_cpu_time_ms;2026-03-25T00:42:17.798400153Z;0;cpu_core;10;local_machine;;cpu_state=softirq
kernel_cpu_time_ms;2026-03-25T00:42:17.798400153Z;0;cpu_core;10;local_machine;;cpu_state=steal
kernel_cpu_time_ms;2026-03-25T00:42:17.798400153Z;0;cpu_core;10;local_machine;;cpu_state=guest
kernel_cpu_time_ms;2026-03-25T00:42:17.798400153Z;0;cpu_core;10;local_machine;;cpu_state=guest_nice
kernel_cpu_time_ms;2026-03-25T00:42:17.798400153Z;0;cpu_core;11;local_machine;;cpu_state=user
kernel_cpu_time_ms;2026-03-25T00:42:17.798400153Z;0;cpu_core;11;local_machine;;cpu_state=nice
kernel_cpu_time_ms;2026-03-25T00:42:17.798400153Z;0;cpu_core;11;local_machine;;cpu_state=system
kernel_cpu_time_ms;2026-03-25T00:42:17.798400153Z;500;cpu_core;11;local_machine;;cpu_state=idle
kernel_cpu_time_ms;2026-03-25T00:42:17.798400153Z;0;cpu_core;11;local_machine;;cpu_state=irq
kernel_cpu_time_ms;2026-03-25T00:42:17.798400153Z;0;cpu_core;11;local_machine;;cpu_state=softirq
kernel_cpu_time_ms;2026-03-25T00:42:17.798400153Z;0;cpu_core;11;local_machine;;cpu_state=steal
kernel_cpu_time_ms;2026-03-25T00:42:17.798400153Z;0;cpu_core;11;local_machine;;cpu_state=guest
kernel_cpu_time_ms;2026-03-25T00:42:17.798400153Z;0;cpu_core;11;local_machine;;cpu_state=guest_nice
kernel_cpu_time_ms;2026-03-25T00:42:17.798400153Z;10;cpu_core;12;local_machine;;cpu_state=user
kernel_cpu_time_ms;2026-03-25T00:42:17.798400153Z;0;cpu_core;12;local_machine;;cpu_state=nice
kernel_cpu_time_ms;2026-03-25T00:42:17.798400153Z;0;cpu_core;12;local_machine;;cpu_state=system
kernel_cpu_time_ms;2026-03-25T00:42:17.798400153Z;490;cpu_core;12;local_machine;;cpu_state=idle
kernel_cpu_time_ms;2026-03-25T00:42:17.798400153Z;0;cpu_core;12;local_machine;;cpu_state=irq
kernel_cpu_time_ms;2026-03-25T00:42:17.798400153Z;0;cpu_core;12;local_machine;;cpu_state=softirq
kernel_cpu_time_ms;2026-03-25T00:42:17.798400153Z;0;cpu_core;12;local_machine;;cpu_state=steal
kernel_cpu_time_ms;2026-03-25T00:42:17.798400153Z;0;cpu_core;12;local_machine;;cpu_state=guest
kernel_cpu_time_ms;2026-03-25T00:42:17.798400153Z;0;cpu_core;12;local_machine;;cpu_state=guest_nice
kernel_cpu_time_ms;2026-03-25T00:42:17.798400153Z;0;cpu_core;13;local_machine;;cpu_state=user
kernel_cpu_time_ms;2026-03-25T00:42:17.798400153Z;0;cpu_core;13;local_machine;;cpu_state=nice
kernel_cpu_time_ms;2026-03-25T00:42:17.798400153Z;0;cpu_core;13;local_machine;;cpu_state=system
kernel_cpu_time_ms;2026-03-25T00:42:17.798400153Z;500;cpu_core;13;local_machine;;cpu_state=idle
kernel_cpu_time_ms;2026-03-25T00:42:17.798400153Z;0;cpu_core;13;local_machine;;cpu_state=irq
kernel_cpu_time_ms;2026-03-25T00:42:17.798400153Z;0;cpu_core;13;local_machine;;cpu_state=softirq
kernel_cpu_time_ms;2026-03-25T00:42:17.798400153Z;0;cpu_core;13;local_machine;;cpu_state=steal
kernel_cpu_time_ms;2026-03-25T00:42:17.798400153Z;0;cpu_core;13;local_machine;;cpu_state=guest
kernel_cpu_time_ms;2026-03-25T00:42:17.798400153Z;0;cpu_core;13;local_machine;;cpu_state=guest_nice
kernel_cpu_time_ms;2026-03-25T00:42:17.798400153Z;20;cpu_core;14;local_machine;;cpu_state=user
kernel_cpu_time_ms;2026-03-25T00:42:17.798400153Z;0;cpu_core;14;local_machine;;cpu_state=nice
kernel_cpu_time_ms;2026-03-25T00:42:17.798400153Z;0;cpu_core;14;local_machine;;cpu_state=system
kernel_cpu_time_ms;2026-03-25T00:42:17.798400153Z;480;cpu_core;14;local_machine;;cpu_state=idle
kernel_cpu_time_ms;2026-03-25T00:42:17.798400153Z;0;cpu_core;14;local_machine;;cpu_state=irq
kernel_cpu_time_ms;2026-03-25T00:42:17.798400153Z;0;cpu_core;14;local_machine;;cpu_state=softirq
kernel_cpu_time_ms;2026-03-25T00:42:17.798400153Z;0;cpu_core;14;local_machine;;cpu_state=steal
kernel_cpu_time_ms;2026-03-25T00:42:17.798400153Z;0;cpu_core;14;local_machine;;cpu_state=guest
kernel_cpu_time_ms;2026-03-25T00:42:17.798400153Z;0;cpu_core;14;local_machine;;cpu_state=guest_nice
kernel_cpu_time_ms;2026-03-25T00:42:17.798400153Z;0;cpu_core;15;local_machine;;cpu_state=user
kernel_cpu_time_ms;2026-03-25T00:42:17.798400153Z;0;cpu_core;15;local_machine;;cpu_state=nice
kernel_cpu_time_ms;2026-03-25T00:42:17.798400153Z;0;cpu_core;15;local_machine;;cpu_state=system
kernel_cpu_time_ms;2026-03-25T00:42:17.798400153Z;500;cpu_core;15;local_machine;;cpu_state=idle
kernel_cpu_time_ms;2026-03-25T00:42:17.798400153Z;0;cpu_core;15;local_machine;;cpu_state=irq
kernel_cpu_time_ms;2026-03-25T00:42:17.798400153Z;0;cpu_core;15;local_machine;;cpu_state=softirq
kernel_cpu_time_ms;2026-03-25T00:42:17.798400153Z;0;cpu_core;15;local_machine;;cpu_state=steal
kernel_cpu_time_ms;2026-03-25T00:42:17.798400153Z;0;cpu_core;15;local_machine;;cpu_state=guest
kernel_cpu_time_ms;2026-03-25T00:42:17.798400153Z;0;cpu_core;15;local_machine;;cpu_state=guest_nice
kernel_cpu_time_ms;2026-03-25T00:42:17.798400153Z;0;cpu_core;16;local_machine;;cpu_state=user
kernel_cpu_time_ms;2026-03-25T00:42:17.798400153Z;0;cpu_core;16;local_machine;;cpu_state=nice
kernel_cpu_time_ms;2026-03-25T00:42:17.798400153Z;0;cpu_core;16;local_machine;;cpu_state=system
kernel_cpu_time_ms;2026-03-25T00:42:17.798400153Z;500;cpu_core;16;local_machine;;cpu_state=idle
kernel_cpu_time_ms;2026-03-25T00:42:17.798400153Z;0;cpu_core;16;local_machine;;cpu_state=irq
kernel_cpu_time_ms;2026-03-25T00:42:17.798400153Z;0;cpu_core;16;local_machine;;cpu_state=softirq
kernel_cpu_time_ms;2026-03-25T00:42:17.798400153Z;0;cpu_core;16;local_machine;;cpu_state=steal
kernel_cpu_time_ms;2026-03-25T00:42:17.798400153Z;0;cpu_core;16;local_machine;;cpu_state=guest
kernel_cpu_time_ms;2026-03-25T00:42:17.798400153Z;0;cpu_core;16;local_machine;;cpu_state=guest_nice
kernel_cpu_time_ms;2026-03-25T00:42:17.798400153Z;0;cpu_core;17;local_machine;;cpu_state=user
kernel_cpu_time_ms;2026-03-25T00:42:17.798400153Z;0;cpu_core;17;local_machine;;cpu_state=nice
kernel_cpu_time_ms;2026-03-25T00:42:17.798400153Z;0;cpu_core;17;local_machine;;cpu_state=system
kernel_cpu_time_ms;2026-03-25T00:42:17.798400153Z;500;cpu_core;17;local_machine;;cpu_state=idle
kernel_cpu_time_ms;2026-03-25T00:42:17.798400153Z;0;cpu_core;17;local_machine;;cpu_state=irq
kernel_cpu_time_ms;2026-03-25T00:42:17.798400153Z;0;cpu_core;17;local_machine;;cpu_state=softirq
kernel_cpu_time_ms;2026-03-25T00:42:17.798400153Z;0;cpu_core;17;local_machine;;cpu_state=steal
kernel_cpu_time_ms;2026-03-25T00:42:17.798400153Z;0;cpu_core;17;local_machine;;cpu_state=guest
kernel_cpu_time_ms;2026-03-25T00:42:17.798400153Z;0;cpu_core;17;local_machine;;cpu_state=guest_nice
kernel_cpu_time_ms;2026-03-25T00:42:17.798400153Z;0;cpu_core;18;local_machine;;cpu_state=user
kernel_cpu_time_ms;2026-03-25T00:42:17.798400153Z;0;cpu_core;18;local_machine;;cpu_state=nice
kernel_cpu_time_ms;2026-03-25T00:42:17.798400153Z;0;cpu_core;18;local_machine;;cpu_state=system
kernel_cpu_time_ms;2026-03-25T00:42:17.798400153Z;500;cpu_core;18;local_machine;;cpu_state=idle
kernel_cpu_time_ms;2026-03-25T00:42:17.798400153Z;0;cpu_core;18;local_machine;;cpu_state=irq
kernel_cpu_time_ms;2026-03-25T00:42:17.798400153Z;0;cpu_core;18;local_machine;;cpu_state=softirq
kernel_cpu_time_ms;2026-03-25T00:42:17.798400153Z;0;cpu_core;18;local_machine;;cpu_state=steal
kernel_cpu_time_ms;2026-03-25T00:42:17.798400153Z;0;cpu_core;18;local_machine;;cpu_state=guest
kernel_cpu_time_ms;2026-03-25T00:42:17.798400153Z;0;cpu_core;18;local_machine;;cpu_state=guest_nice
kernel_cpu_time_ms;2026-03-25T00:42:17.798400153Z;0;cpu_core;19;local_machine;;cpu_state=user
kernel_cpu_time_ms;2026-03-25T00:42:17.798400153Z;0;cpu_core;19;local_machine;;cpu_state=nice
kernel_cpu_time_ms;2026-03-25T00:42:17.798400153Z;0;cpu_core;19;local_machine;;cpu_state=system
kernel_cpu_time_ms;2026-03-25T00:42:17.798400153Z;500;cpu_core;19;local_machine;;cpu_state=idle
kernel_cpu_time_ms;2026-03-25T00:42:17.798400153Z;0;cpu_core;19;local_machine;;cpu_state=irq
kernel_cpu_time_ms;2026-03-25T00:42:17.798400153Z;0;cpu_core;19;local_machine;;cpu_state=softirq
kernel_cpu_time_ms;2026-03-25T00:42:17.798400153Z;0;cpu_core;19;local_machine;;cpu_state=steal
kernel_cpu_time_ms;2026-03-25T00:42:17.798400153Z;0;cpu_core;19;local_machine;;cpu_state=guest
kernel_cpu_time_ms;2026-03-25T00:42:17.798400153Z;0;cpu_core;19;local_machine;;cpu_state=guest_nice
kernel_cpu_time_ms;2026-03-25T00:42:17.798400153Z;0;cpu_core;20;local_machine;;cpu_state=user
kernel_cpu_time_ms;2026-03-25T00:42:17.798400153Z;0;cpu_core;20;local_machine;;cpu_state=nice
kernel_cpu_time_ms;2026-03-25T00:42:17.798400153Z;0;cpu_core;20;local_machine;;cpu_state=system
kernel_cpu_time_ms;2026-03-25T00:42:17.798400153Z;500;cpu_core;20;local_machine;;cpu_state=idle
kernel_cpu_time_ms;2026-03-25T00:42:17.798400153Z;0;cpu_core;20;local_machine;;cpu_state=irq
kernel_cpu_time_ms;2026-03-25T00:42:17.798400153Z;0;cpu_core;20;local_machine;;cpu_state=softirq
kernel_cpu_time_ms;2026-03-25T00:42:17.798400153Z;0;cpu_core;20;local_machine;;cpu_state=steal
kernel_cpu_time_ms;2026-03-25T00:42:17.798400153Z;0;cpu_core;20;local_machine;;cpu_state=guest
kernel_cpu_time_ms;2026-03-25T00:42:17.798400153Z;0;cpu_core;20;local_machine;;cpu_state=guest_nice
kernel_cpu_time_ms;2026-03-25T00:42:17.798400153Z;0;cpu_core;21;local_machine;;cpu_state=user
kernel_cpu_time_ms;2026-03-25T00:42:17.798400153Z;0;cpu_core;21;local_machine;;cpu_state=nice
kernel_cpu_time_ms;2026-03-25T00:42:17.798400153Z;0;cpu_core;21;local_machine;;cpu_state=system
kernel_cpu_time_ms;2026-03-25T00:42:17.798400153Z;500;cpu_core;21;local_machine;;cpu_state=idle
kernel_cpu_time_ms;2026-03-25T00:42:17.798400153Z;0;cpu_core;21;local_machine;;cpu_state=irq
kernel_cpu_time_ms;2026-03-25T00:42:17.798400153Z;0;cpu_core;21;local_machine;;cpu_state=softirq
kernel_cpu_time_ms;2026-03-25T00:42:17.798400153Z;0;cpu_core;21;local_machine;;cpu_state=steal
kernel_cpu_time_ms;2026-03-25T00:42:17.798400153Z;0;cpu_core;21;local_machine;;cpu_state=guest
kernel_cpu_time_ms;2026-03-25T00:42:17.798400153Z;0;cpu_core;21;local_machine;;cpu_state=guest_nice
kernel_cpu_time_ms;2026-03-25T00:42:17.798400153Z;0;cpu_core;22;local_machine;;cpu_state=user
kernel_cpu_time_ms;2026-03-25T00:42:17.798400153Z;0;cpu_core;22;local_machine;;cpu_state=nice
kernel_cpu_time_ms;2026-03-25T00:42:17.798400153Z;0;cpu_core;22;local_machine;;cpu_state=system
kernel_cpu_time_ms;2026-03-25T00:42:17.798400153Z;500;cpu_core;22;local_machine;;cpu_state=idle
kernel_cpu_time_ms;2026-03-25T00:42:17.798400153Z;0;cpu_core;22;local_machine;;cpu_state=irq
kernel_cpu_time_ms;2026-03-25T00:42:17.798400153Z;0;cpu_core;22;local_machine;;cpu_state=softirq
kernel_cpu_time_ms;2026-03-25T00:42:17.798400153Z;0;cpu_core;22;local_machine;;cpu_state=steal
kernel_cpu_time_ms;2026-03-25T00:42:17.798400153Z;0;cpu_core;22;local_machine;;cpu_state=guest
kernel_cpu_time_ms;2026-03-25T00:42:17.798400153Z;0;cpu_core;22;local_machine;;cpu_state=guest_nice
kernel_cpu_time_ms;2026-03-25T00:42:17.798400153Z;0;cpu_core;23;local_machine;;cpu_state=user
kernel_cpu_time_ms;2026-03-25T00:42:17.798400153Z;0;cpu_core;23;local_machine;;cpu_state=nice
kernel_cpu_time_ms;2026-03-25T00:42:17.798400153Z;0;cpu_core;23;local_machine;;cpu_state=system
kernel_cpu_time_ms;2026-03-25T00:42:17.798400153Z;500;cpu_core;23;local_machine;;cpu_state=idle
kernel_cpu_time_ms;2026-03-25T00:42:17.798400153Z;0;cpu_core;23;local_machine;;cpu_state=irq
kernel_cpu_time_ms;2026-03-25T00:42:17.798400153Z;0;cpu_core;23;local_machine;;cpu_state=softirq
kernel_cpu_time_ms;2026-03-25T00:42:17.798400153Z;0;cpu_core;23;local_machine;;cpu_state=steal
kernel_cpu_time_ms;2026-03-25T00:42:17.798400153Z;0;cpu_core;23;local_machine;;cpu_state=guest
kernel_cpu_time_ms;2026-03-25T00:42:17.798400153Z;0;cpu_core;23;local_machine;;cpu_state=guest_nice
kernel_cpu_time_ms;2026-03-25T00:42:17.798400153Z;0;cpu_core;24;local_machine;;cpu_state=user
kernel_cpu_time_ms;2026-03-25T00:42:17.798400153Z;0;cpu_core;24;local_machine;;cpu_state=nice
kernel_cpu_time_ms;2026-03-25T00:42:17.798400153Z;0;cpu_core;24;local_machine;;cpu_state=system
kernel_cpu_time_ms;2026-03-25T00:42:17.798400153Z;500;cpu_core;24;local_machine;;cpu_state=idle
kernel_cpu_time_ms;2026-03-25T00:42:17.798400153Z;0;cpu_core;24;local_machine;;cpu_state=irq
kernel_cpu_time_ms;2026-03-25T00:42:17.798400153Z;0;cpu_core;24;local_machine;;cpu_state=softirq
kernel_cpu_time_ms;2026-03-25T00:42:17.798400153Z;0;cpu_core;24;local_machine;;cpu_state=steal
kernel_cpu_time_ms;2026-03-25T00:42:17.798400153Z;0;cpu_core;24;local_machine;;cpu_state=guest
kernel_cpu_time_ms;2026-03-25T00:42:17.798400153Z;0;cpu_core;24;local_machine;;cpu_state=guest_nice
kernel_cpu_time_ms;2026-03-25T00:42:17.798400153Z;0;cpu_core;25;local_machine;;cpu_state=user
kernel_cpu_time_ms;2026-03-25T00:42:17.798400153Z;0;cpu_core;25;local_machine;;cpu_state=nice
kernel_cpu_time_ms;2026-03-25T00:42:17.798400153Z;0;cpu_core;25;local_machine;;cpu_state=system
kernel_cpu_time_ms;2026-03-25T00:42:17.798400153Z;500;cpu_core;25;local_machine;;cpu_state=idle
kernel_cpu_time_ms;2026-03-25T00:42:17.798400153Z;0;cpu_core;25;local_machine;;cpu_state=irq
kernel_cpu_time_ms;2026-03-25T00:42:17.798400153Z;0;cpu_core;25;local_machine;;cpu_state=softirq
kernel_cpu_time_ms;2026-03-25T00:42:17.798400153Z;0;cpu_core;25;local_machine;;cpu_state=steal
kernel_cpu_time_ms;2026-03-25T00:42:17.798400153Z;0;cpu_core;25;local_machine;;cpu_state=guest
kernel_cpu_time_ms;2026-03-25T00:42:17.798400153Z;0;cpu_core;25;local_machine;;cpu_state=guest_nice
kernel_cpu_time_ms;2026-03-25T00:42:17.798400153Z;0;cpu_core;26;local_machine;;cpu_state=user
kernel_cpu_time_ms;2026-03-25T00:42:17.798400153Z;0;cpu_core;26;local_machine;;cpu_state=nice
kernel_cpu_time_ms;2026-03-25T00:42:17.798400153Z;0;cpu_core;26;local_machine;;cpu_state=system
kernel_cpu_time_ms;2026-03-25T00:42:17.798400153Z;500;cpu_core;26;local_machine;;cpu_state=idle
kernel_cpu_time_ms;2026-03-25T00:42:17.798400153Z;0;cpu_core;26;local_machine;;cpu_state=irq
kernel_cpu_time_ms;2026-03-25T00:42:17.798400153Z;0;cpu_core;26;local_machine;;cpu_state=softirq
kernel_cpu_time_ms;2026-03-25T00:42:17.798400153Z;0;cpu_core;26;local_machine;;cpu_state=steal
kernel_cpu_time_ms;2026-03-25T00:42:17.798400153Z;0;cpu_core;26;local_machine;;cpu_state=guest
kernel_cpu_time_ms;2026-03-25T00:42:17.798400153Z;0;cpu_core;26;local_machine;;cpu_state=guest_nice
kernel_cpu_time_ms;2026-03-25T00:42:17.798400153Z;0;cpu_core;27;local_machine;;cpu_state=user
kernel_cpu_time_ms;2026-03-25T00:42:17.798400153Z;0;cpu_core;27;local_machine;;cpu_state=nice
kernel_cpu_time_ms;2026-03-25T00:42:17.798400153Z;0;cpu_core;27;local_machine;;cpu_state=system
kernel_cpu_time_ms;2026-03-25T00:42:17.798400153Z;500;cpu_core;27;local_machine;;cpu_state=idle
kernel_cpu_time_ms;2026-03-25T00:42:17.798400153Z;0;cpu_core;27;local_machine;;cpu_state=irq
kernel_cpu_time_ms;2026-03-25T00:42:17.798400153Z;0;cpu_core;27;local_machine;;cpu_state=softirq
kernel_cpu_time_ms;2026-03-25T00:42:17.798400153Z;0;cpu_core;27;local_machine;;cpu_state=steal
kernel_cpu_time_ms;2026-03-25T00:42:17.798400153Z;0;cpu_core;27;local_machine;;cpu_state=guest
kernel_cpu_time_ms;2026-03-25T00:42:17.798400153Z;0;cpu_core;27;local_machine;;cpu_state=guest_nice
kernel_cpu_time_ms;2026-03-25T00:42:17.798400153Z;0;cpu_core;28;local_machine;;cpu_state=user
kernel_cpu_time_ms;2026-03-25T00:42:17.798400153Z;0;cpu_core;28;local_machine;;cpu_state=nice
kernel_cpu_time_ms;2026-03-25T00:42:17.798400153Z;0;cpu_core;28;local_machine;;cpu_state=system
kernel_cpu_time_ms;2026-03-25T00:42:17.798400153Z;500;cpu_core;28;local_machine;;cpu_state=idle
kernel_cpu_time_ms;2026-03-25T00:42:17.798400153Z;0;cpu_core;28;local_machine;;cpu_state=irq
kernel_cpu_time_ms;2026-03-25T00:42:17.798400153Z;0;cpu_core;28;local_machine;;cpu_state=softirq
kernel_cpu_time_ms;2026-03-25T00:42:17.798400153Z;0;cpu_core;28;local_machine;;cpu_state=steal
kernel_cpu_time_ms;2026-03-25T00:42:17.798400153Z;0;cpu_core;28;local_machine;;cpu_state=guest
kernel_cpu_time_ms;2026-03-25T00:42:17.798400153Z;0;cpu_core;28;local_machine;;cpu_state=guest_nice
kernel_cpu_time_ms;2026-03-25T00:42:17.798400153Z;10;cpu_core;29;local_machine;;cpu_state=user
kernel_cpu_time_ms;2026-03-25T00:42:17.798400153Z;0;cpu_core;29;local_machine;;cpu_state=nice
kernel_cpu_time_ms;2026-03-25T00:42:17.798400153Z;0;cpu_core;29;local_machine;;cpu_state=system
kernel_cpu_time_ms;2026-03-25T00:42:17.798400153Z;500;cpu_core;29;local_machine;;cpu_state=idle
kernel_cpu_time_ms;2026-03-25T00:42:17.798400153Z;0;cpu_core;29;local_machine;;cpu_state=irq
kernel_cpu_time_ms;2026-03-25T00:42:17.798400153Z;0;cpu_core;29;local_machine;;cpu_state=softirq
kernel_cpu_time_ms;2026-03-25T00:42:17.798400153Z;0;cpu_core;29;local_machine;;cpu_state=steal
kernel_cpu_time_ms;2026-03-25T00:42:17.798400153Z;0;cpu_core;29;local_machine;;cpu_state=guest
kernel_cpu_time_ms;2026-03-25T00:42:17.798400153Z;0;cpu_core;29;local_machine;;cpu_state=guest_nice
kernel_cpu_time_ms;2026-03-25T00:42:17.798400153Z;0;cpu_core;30;local_machine;;cpu_state=user
kernel_cpu_time_ms;2026-03-25T00:42:17.798400153Z;0;cpu_core;30;local_machine;;cpu_state=nice
kernel_cpu_time_ms;2026-03-25T00:42:17.798400153Z;0;cpu_core;30;local_machine;;cpu_state=system
kernel_cpu_time_ms;2026-03-25T00:42:17.798400153Z;500;cpu_core;30;local_machine;;cpu_state=idle
kernel_cpu_time_ms;2026-03-25T00:42:17.798400153Z;0;cpu_core;30;local_machine;;cpu_state=irq
kernel_cpu_time_ms;2026-03-25T00:42:17.798400153Z;0;cpu_core;30;local_machine;;cpu_state=softirq
kernel_cpu_time_ms;2026-03-25T00:42:17.798400153Z;0;cpu_core;30;local_machine;;cpu_state=steal
kernel_cpu_time_ms;2026-03-25T00:42:17.798400153Z;0;cpu_core;30;local_machine;;cpu_state=guest
kernel_cpu_time_ms;2026-03-25T00:42:17.798400153Z;0;cpu_core;30;local_machine;;cpu_state=guest_nice
kernel_cpu_time_ms;2026-03-25T00:42:17.798400153Z;0;cpu_core;31;local_machine;;cpu_state=user
kernel_cpu_time_ms;2026-03-25T00:42:17.798400153Z;0;cpu_core;31;local_machine;;cpu_state=nice
kernel_cpu_time_ms;2026-03-25T00:42:17.798400153Z;0;cpu_core;31;local_machine;;cpu_state=system
kernel_cpu_time_ms;2026-03-25T00:42:17.798400153Z;500;cpu_core;31;local_machine;;cpu_state=idle
kernel_cpu_time_ms;2026-03-25T00:42:17.798400153Z;0;cpu_core;31;local_machine;;cpu_state=irq
kernel_cpu_time_ms;2026-03-25T00:42:17.798400153Z;0;cpu_core;31;local_machine;;cpu_state=softirq
kernel_cpu_time_ms;2026-03-25T00:42:17.798400153Z;0;cpu_core;31;local_machine;;cpu_state=steal
kernel_cpu_time_ms;2026-03-25T00:42:17.798400153Z;0;cpu_core;31;local_machine;;cpu_state=guest
kernel_cpu_time_ms;2026-03-25T00:42:17.798400153Z;0;cpu_core;31;local_machine;;cpu_state=guest_nice
kernel_cpu_time_ms;2026-03-25T00:42:17.798400153Z;0;cpu_core;32;local_machine;;cpu_state=user
kernel_cpu_time_ms;2026-03-25T00:42:17.798400153Z;0;cpu_core;32;local_machine;;cpu_state=nice
kernel_cpu_time_ms;2026-03-25T00:42:17.798400153Z;0;cpu_core;32;local_machine;;cpu_state=system
kernel_cpu_time_ms;2026-03-25T00:42:17.798400153Z;500;cpu_core;32;local_machine;;cpu_state=idle
kernel_cpu_time_ms;2026-03-25T00:42:17.798400153Z;0;cpu_core;32;local_machine;;cpu_state=irq
kernel_cpu_time_ms;2026-03-25T00:42:17.798400153Z;0;cpu_core;32;local_machine;;cpu_state=softirq
kernel_cpu_time_ms;2026-03-25T00:42:17.798400153Z;0;cpu_core;32;local_machine;;cpu_state=steal
kernel_cpu_time_ms;2026-03-25T00:42:17.798400153Z;0;cpu_core;32;local_machine;;cpu_state=guest
kernel_cpu_time_ms;2026-03-25T00:42:17.798400153Z;0;cpu_core;32;local_machine;;cpu_state=guest_nice
kernel_cpu_time_ms;2026-03-25T00:42:17.798400153Z;0;cpu_core;33;local_machine;;cpu_state=user
kernel_cpu_time_ms;2026-03-25T00:42:17.798400153Z;0;cpu_core;33;local_machine;;cpu_state=nice
kernel_cpu_time_ms;2026-03-25T00:42:17.798400153Z;0;cpu_core;33;local_machine;;cpu_state=system
kernel_cpu_time_ms;2026-03-25T00:42:17.798400153Z;500;cpu_core;33;local_machine;;cpu_state=idle
kernel_cpu_time_ms;2026-03-25T00:42:17.798400153Z;0;cpu_core;33;local_machine;;cpu_state=irq
kernel_cpu_time_ms;2026-03-25T00:42:17.798400153Z;0;cpu_core;33;local_machine;;cpu_state=softirq
kernel_cpu_time_ms;2026-03-25T00:42:17.798400153Z;0;cpu_core;33;local_machine;;cpu_state=steal
kernel_cpu_time_ms;2026-03-25T00:42:17.798400153Z;0;cpu_core;33;local_machine;;cpu_state=guest
kernel_cpu_time_ms;2026-03-25T00:42:17.798400153Z;0;cpu_core;33;local_machine;;cpu_state=guest_nice
kernel_cpu_time_ms;2026-03-25T00:42:17.798400153Z;0;cpu_core;34;local_machine;;cpu_state=user
kernel_cpu_time_ms;2026-03-25T00:42:17.798400153Z;0;cpu_core;34;local_machine;;cpu_state=nice
kernel_cpu_time_ms;2026-03-25T00:42:17.798400153Z;0;cpu_core;34;local_machine;;cpu_state=system
kernel_cpu_time_ms;2026-03-25T00:42:17.798400153Z;500;cpu_core;34;local_machine;;cpu_state=idle
kernel_cpu_time_ms;2026-03-25T00:42:17.798400153Z;0;cpu_core;34;local_machine;;cpu_state=irq
kernel_cpu_time_ms;2026-03-25T00:42:17.798400153Z;0;cpu_core;34;local_machine;;cpu_state=softirq
kernel_cpu_time_ms;2026-03-25T00:42:17.798400153Z;0;cpu_core;34;local_machine;;cpu_state=steal
kernel_cpu_time_ms;2026-03-25T00:42:17.798400153Z;0;cpu_core;34;local_machine;;cpu_state=guest
kernel_cpu_time_ms;2026-03-25T00:42:17.798400153Z;0;cpu_core;34;local_machine;;cpu_state=guest_nice
kernel_cpu_time_ms;2026-03-25T00:42:17.798400153Z;0;cpu_core;35;local_machine;;cpu_state=user
kernel_cpu_time_ms;2026-03-25T00:42:17.798400153Z;0;cpu_core;35;local_machine;;cpu_state=nice
kernel_cpu_time_ms;2026-03-25T00:42:17.798400153Z;0;cpu_core;35;local_machine;;cpu_state=system
kernel_cpu_time_ms;2026-03-25T00:42:17.798400153Z;490;cpu_core;35;local_machine;;cpu_state=idle
kernel_cpu_time_ms;2026-03-25T00:42:17.798400153Z;0;cpu_core;35;local_machine;;cpu_state=irq
kernel_cpu_time_ms;2026-03-25T00:42:17.798400153Z;0;cpu_core;35;local_machine;;cpu_state=softirq
kernel_cpu_time_ms;2026-03-25T00:42:17.798400153Z;0;cpu_core;35;local_machine;;cpu_state=steal
kernel_cpu_time_ms;2026-03-25T00:42:17.798400153Z;0;cpu_core;35;local_machine;;cpu_state=guest
kernel_cpu_time_ms;2026-03-25T00:42:17.798400153Z;0;cpu_core;35;local_machine;;cpu_state=guest_nice
kernel_cpu_time_ms;2026-03-25T00:42:17.798400153Z;0;cpu_core;36;local_machine;;cpu_state=user
kernel_cpu_time_ms;2026-03-25T00:42:17.798400153Z;0;cpu_core;36;local_machine;;cpu_state=nice
kernel_cpu_time_ms;2026-03-25T00:42:17.798400153Z;0;cpu_core;36;local_machine;;cpu_state=system
kernel_cpu_time_ms;2026-03-25T00:42:17.798400153Z;500;cpu_core;36;local_machine;;cpu_state=idle
kernel_cpu_time_ms;2026-03-25T00:42:17.798400153Z;0;cpu_core;36;local_machine;;cpu_state=irq
kernel_cpu_time_ms;2026-03-25T00:42:17.798400153Z;0;cpu_core;36;local_machine;;cpu_state=softirq
kernel_cpu_time_ms;2026-03-25T00:42:17.798400153Z;0;cpu_core;36;local_machine;;cpu_state=steal
kernel_cpu_time_ms;2026-03-25T00:42:17.798400153Z;0;cpu_core;36;local_machine;;cpu_state=guest
kernel_cpu_time_ms;2026-03-25T00:42:17.798400153Z;0;cpu_core;36;local_machine;;cpu_state=guest_nice
kernel_cpu_time_ms;2026-03-25T00:42:17.798400153Z;0;cpu_core;37;local_machine;;cpu_state=user
kernel_cpu_time_ms;2026-03-25T00:42:17.798400153Z;0;cpu_core;37;local_machine;;cpu_state=nice
kernel_cpu_time_ms;2026-03-25T00:42:17.798400153Z;0;cpu_core;37;local_machine;;cpu_state=system
kernel_cpu_time_ms;2026-03-25T00:42:17.798400153Z;500;cpu_core;37;local_machine;;cpu_state=idle
kernel_cpu_time_ms;2026-03-25T00:42:17.798400153Z;0;cpu_core;37;local_machine;;cpu_state=irq
kernel_cpu_time_ms;2026-03-25T00:42:17.798400153Z;0;cpu_core;37;local_machine;;cpu_state=softirq
kernel_cpu_time_ms;2026-03-25T00:42:17.798400153Z;0;cpu_core;37;local_machine;;cpu_state=steal
kernel_cpu_time_ms;2026-03-25T00:42:17.798400153Z;0;cpu_core;37;local_machine;;cpu_state=guest
kernel_cpu_time_ms;2026-03-25T00:42:17.798400153Z;0;cpu_core;37;local_machine;;cpu_state=guest_nice
kernel_cpu_time_ms;2026-03-25T00:42:17.798400153Z;0;cpu_core;38;local_machine;;cpu_state=user
kernel_cpu_time_ms;2026-03-25T00:42:17.798400153Z;0;cpu_core;38;local_machine;;cpu_state=nice
kernel_cpu_time_ms;2026-03-25T00:42:17.798400153Z;0;cpu_core;38;local_machine;;cpu_state=system
kernel_cpu_time_ms;2026-03-25T00:42:17.798400153Z;500;cpu_core;38;local_machine;;cpu_state=idle
kernel_cpu_time_ms;2026-03-25T00:42:17.798400153Z;0;cpu_core;38;local_machine;;cpu_state=irq
kernel_cpu_time_ms;2026-03-25T00:42:17.798400153Z;0;cpu_core;38;local_machine;;cpu_state=softirq
kernel_cpu_time_ms;2026-03-25T00:42:17.798400153Z;0;cpu_core;38;local_machine;;cpu_state=steal
kernel_cpu_time_ms;2026-03-25T00:42:17.798400153Z;0;cpu_core;38;local_machine;;cpu_state=guest
kernel_cpu_time_ms;2026-03-25T00:42:17.798400153Z;0;cpu_core;38;local_machine;;cpu_state=guest_nice
kernel_cpu_time_ms;2026-03-25T00:42:17.798400153Z;0;cpu_core;39;local_machine;;cpu_state=user
kernel_cpu_time_ms;2026-03-25T00:42:17.798400153Z;0;cpu_core;39;local_machine;;cpu_state=nice
kernel_cpu_time_ms;2026-03-25T00:42:17.798400153Z;0;cpu_core;39;local_machine;;cpu_state=system
kernel_cpu_time_ms;2026-03-25T00:42:17.798400153Z;500;cpu_core;39;local_machine;;cpu_state=idle
kernel_cpu_time_ms;2026-03-25T00:42:17.798400153Z;0;cpu_core;39;local_machine;;cpu_state=irq
kernel_cpu_time_ms;2026-03-25T00:42:17.798400153Z;0;cpu_core;39;local_machine;;cpu_state=softirq
kernel_cpu_time_ms;2026-03-25T00:42:17.798400153Z;0;cpu_core;39;local_machine;;cpu_state=steal
kernel_cpu_time_ms;2026-03-25T00:42:17.798400153Z;0;cpu_core;39;local_machine;;cpu_state=guest
kernel_cpu_time_ms;2026-03-25T00:42:17.798400153Z;0;cpu_core;39;local_machine;;cpu_state=guest_nice
kernel_cpu_time_ms;2026-03-25T00:42:17.798400153Z;500;cpu_core;40;local_machine;;cpu_state=user
kernel_cpu_time_ms;2026-03-25T00:42:17.798400153Z;0;cpu_core;40;local_machine;;cpu_state=nice
kernel_cpu_time_ms;2026-03-25T00:42:17.798400153Z;0;cpu_core;40;local_machine;;cpu_state=system
kernel_cpu_time_ms;2026-03-25T00:42:17.798400153Z;0;cpu_core;40;local_machine;;cpu_state=idle
kernel_cpu_time_ms;2026-03-25T00:42:17.798400153Z;0;cpu_core;40;local_machine;;cpu_state=irq
kernel_cpu_time_ms;2026-03-25T00:42:17.798400153Z;0;cpu_core;40;local_machine;;cpu_state=softirq
kernel_cpu_time_ms;2026-03-25T00:42:17.798400153Z;0;cpu_core;40;local_machine;;cpu_state=steal
kernel_cpu_time_ms;2026-03-25T00:42:17.798400153Z;0;cpu_core;40;local_machine;;cpu_state=guest
kernel_cpu_time_ms;2026-03-25T00:42:17.798400153Z;0;cpu_core;40;local_machine;;cpu_state=guest_nice
kernel_cpu_time_ms;2026-03-25T00:42:17.798400153Z;0;cpu_core;41;local_machine;;cpu_state=user
kernel_cpu_time_ms;2026-03-25T00:42:17.798400153Z;0;cpu_core;41;local_machine;;cpu_state=nice
kernel_cpu_time_ms;2026-03-25T00:42:17.798400153Z;0;cpu_core;41;local_machine;;cpu_state=system
kernel_cpu_time_ms;2026-03-25T00:42:17.798400153Z;500;cpu_core;41;local_machine;;cpu_state=idle
kernel_cpu_time_ms;2026-03-25T00:42:17.798400153Z;0;cpu_core;41;local_machine;;cpu_state=irq
kernel_cpu_time_ms;2026-03-25T00:42:17.798400153Z;0;cpu_core;41;local_machine;;cpu_state=softirq
kernel_cpu_time_ms;2026-03-25T00:42:17.798400153Z;0;cpu_core;41;local_machine;;cpu_state=steal
kernel_cpu_time_ms;2026-03-25T00:42:17.798400153Z;0;cpu_core;41;local_machine;;cpu_state=guest
kernel_cpu_time_ms;2026-03-25T00:42:17.798400153Z;0;cpu_core;41;local_machine;;cpu_state=guest_nice
kernel_cpu_time_ms;2026-03-25T00:42:17.798400153Z;0;cpu_core;42;local_machine;;cpu_state=user
kernel_cpu_time_ms;2026-03-25T00:42:17.798400153Z;0;cpu_core;42;local_machine;;cpu_state=nice
kernel_cpu_time_ms;2026-03-25T00:42:17.798400153Z;0;cpu_core;42;local_machine;;cpu_state=system
kernel_cpu_time_ms;2026-03-25T00:42:17.798400153Z;500;cpu_core;42;local_machine;;cpu_state=idle
kernel_cpu_time_ms;2026-03-25T00:42:17.798400153Z;0;cpu_core;42;local_machine;;cpu_state=irq
kernel_cpu_time_ms;2026-03-25T00:42:17.798400153Z;0;cpu_core;42;local_machine;;cpu_state=softirq
kernel_cpu_time_ms;2026-03-25T00:42:17.798400153Z;0;cpu_core;42;local_machine;;cpu_state=steal
kernel_cpu_time_ms;2026-03-25T00:42:17.798400153Z;0;cpu_core;42;local_machine;;cpu_state=guest
kernel_cpu_time_ms;2026-03-25T00:42:17.798400153Z;0;cpu_core;42;local_machine;;cpu_state=guest_nice
kernel_cpu_time_ms;2026-03-25T00:42:17.798400153Z;0;cpu_core;43;local_machine;;cpu_state=user
kernel_cpu_time_ms;2026-03-25T00:42:17.798400153Z;0;cpu_core;43;local_machine;;cpu_state=nice
kernel_cpu_time_ms;2026-03-25T00:42:17.798400153Z;0;cpu_core;43;local_machine;;cpu_state=system
kernel_cpu_time_ms;2026-03-25T00:42:17.798400153Z;500;cpu_core;43;local_machine;;cpu_state=idle
kernel_cpu_time_ms;2026-03-25T00:42:17.798400153Z;0;cpu_core;43;local_machine;;cpu_state=irq
kernel_cpu_time_ms;2026-03-25T00:42:17.798400153Z;0;cpu_core;43;local_machine;;cpu_state=softirq
kernel_cpu_time_ms;2026-03-25T00:42:17.798400153Z;0;cpu_core;43;local_machine;;cpu_state=steal
kernel_cpu_time_ms;2026-03-25T00:42:17.798400153Z;0;cpu_core;43;local_machine;;cpu_state=guest
kernel_cpu_time_ms;2026-03-25T00:42:17.798400153Z;0;cpu_core;43;local_machine;;cpu_state=guest_nice
kernel_cpu_time_ms;2026-03-25T00:42:17.798400153Z;0;cpu_core;44;local_machine;;cpu_state=user
kernel_cpu_time_ms;2026-03-25T00:42:17.798400153Z;0;cpu_core;44;local_machine;;cpu_state=nice
kernel_cpu_time_ms;2026-03-25T00:42:17.798400153Z;0;cpu_core;44;local_machine;;cpu_state=system
kernel_cpu_time_ms;2026-03-25T00:42:17.798400153Z;500;cpu_core;44;local_machine;;cpu_state=idle
kernel_cpu_time_ms;2026-03-25T00:42:17.798400153Z;0;cpu_core;44;local_machine;;cpu_state=irq
kernel_cpu_time_ms;2026-03-25T00:42:17.798400153Z;0;cpu_core;44;local_machine;;cpu_state=softirq
kernel_cpu_time_ms;2026-03-25T00:42:17.798400153Z;0;cpu_core;44;local_machine;;cpu_state=steal
kernel_cpu_time_ms;2026-03-25T00:42:17.798400153Z;0;cpu_core;44;local_machine;;cpu_state=guest
kernel_cpu_time_ms;2026-03-25T00:42:17.798400153Z;0;cpu_core;44;local_machine;;cpu_state=guest_nice
kernel_cpu_time_ms;2026-03-25T00:42:17.798400153Z;0;cpu_core;45;local_machine;;cpu_state=user
kernel_cpu_time_ms;2026-03-25T00:42:17.798400153Z;0;cpu_core;45;local_machine;;cpu_state=nice
kernel_cpu_time_ms;2026-03-25T00:42:17.798400153Z;0;cpu_core;45;local_machine;;cpu_state=system
kernel_cpu_time_ms;2026-03-25T00:42:17.798400153Z;500;cpu_core;45;local_machine;;cpu_state=idle
kernel_cpu_time_ms;2026-03-25T00:42:17.798400153Z;0;cpu_core;45;local_machine;;cpu_state=irq
kernel_cpu_time_ms;2026-03-25T00:42:17.798400153Z;0;cpu_core;45;local_machine;;cpu_state=softirq
kernel_cpu_time_ms;2026-03-25T00:42:17.798400153Z;0;cpu_core;45;local_machine;;cpu_state=steal
kernel_cpu_time_ms;2026-03-25T00:42:17.798400153Z;0;cpu_core;45;local_machine;;cpu_state=guest
kernel_cpu_time_ms;2026-03-25T00:42:17.798400153Z;0;cpu_core;45;local_machine;;cpu_state=guest_nice
kernel_cpu_time_ms;2026-03-25T00:42:17.798400153Z;0;cpu_core;46;local_machine;;cpu_state=user
kernel_cpu_time_ms;2026-03-25T00:42:17.798400153Z;0;cpu_core;46;local_machine;;cpu_state=nice
kernel_cpu_time_ms;2026-03-25T00:42:17.798400153Z;0;cpu_core;46;local_machine;;cpu_state=system
kernel_cpu_time_ms;2026-03-25T00:42:17.798400153Z;490;cpu_core;46;local_machine;;cpu_state=idle
kernel_cpu_time_ms;2026-03-25T00:42:17.798400153Z;0;cpu_core;46;local_machine;;cpu_state=irq
kernel_cpu_time_ms;2026-03-25T00:42:17.798400153Z;0;cpu_core;46;local_machine;;cpu_state=softirq
kernel_cpu_time_ms;2026-03-25T00:42:17.798400153Z;0;cpu_core;46;local_machine;;cpu_state=steal
kernel_cpu_time_ms;2026-03-25T00:42:17.798400153Z;0;cpu_core;46;local_machine;;cpu_state=guest
kernel_cpu_time_ms;2026-03-25T00:42:17.798400153Z;0;cpu_core;46;local_machine;;cpu_state=guest_nice
kernel_cpu_time_ms;2026-03-25T00:42:17.798400153Z;0;cpu_core;47;local_machine;;cpu_state=user
kernel_cpu_time_ms;2026-03-25T00:42:17.798400153Z;0;cpu_core;47;local_machine;;cpu_state=nice
kernel_cpu_time_ms;2026-03-25T00:42:17.798400153Z;0;cpu_core;47;local_machine;;cpu_state=system
kernel_cpu_time_ms;2026-03-25T00:42:17.798400153Z;500;cpu_core;47;local_machine;;cpu_state=idle
kernel_cpu_time_ms;2026-03-25T00:42:17.798400153Z;0;cpu_core;47;local_machine;;cpu_state=irq
kernel_cpu_time_ms;2026-03-25T00:42:17.798400153Z;0;cpu_core;47;local_machine;;cpu_state=softirq
kernel_cpu_time_ms;2026-03-25T00:42:17.798400153Z;0;cpu_core;47;local_machine;;cpu_state=steal
kernel_cpu_time_ms;2026-03-25T00:42:17.798400153Z;0;cpu_core;47;local_machine;;cpu_state=guest
kernel_cpu_time_ms;2026-03-25T00:42:17.798400153Z;0;cpu_core;47;local_machine;;cpu_state=guest_nice
kernel_cpu_time_ms;2026-03-25T00:42:17.798400153Z;0;cpu_core;48;local_machine;;cpu_state=user
kernel_cpu_time_ms;2026-03-25T00:42:17.798400153Z;0;cpu_core;48;local_machine;;cpu_state=nice
kernel_cpu_time_ms;2026-03-25T00:42:17.798400153Z;0;cpu_core;48;local_machine;;cpu_state=system
kernel_cpu_time_ms;2026-03-25T00:42:17.798400153Z;500;cpu_core;48;local_machine;;cpu_state=idle
kernel_cpu_time_ms;2026-03-25T00:42:17.798400153Z;0;cpu_core;48;local_machine;;cpu_state=irq
kernel_cpu_time_ms;2026-03-25T00:42:17.798400153Z;0;cpu_core;48;local_machine;;cpu_state=softirq
kernel_cpu_time_ms;2026-03-25T00:42:17.798400153Z;0;cpu_core;48;local_machine;;cpu_state=steal
kernel_cpu_time_ms;2026-03-25T00:42:17.798400153Z;0;cpu_core;48;local_machine;;cpu_state=guest
kernel_cpu_time_ms;2026-03-25T00:42:17.798400153Z;0;cpu_core;48;local_machine;;cpu_state=guest_nice
kernel_cpu_time_ms;2026-03-25T00:42:17.798400153Z;0;cpu_core;49;local_machine;;cpu_state=user
kernel_cpu_time_ms;2026-03-25T00:42:17.798400153Z;0;cpu_core;49;local_machine;;cpu_state=nice
kernel_cpu_time_ms;2026-03-25T00:42:17.798400153Z;0;cpu_core;49;local_machine;;cpu_state=system
kernel_cpu_time_ms;2026-03-25T00:42:17.798400153Z;500;cpu_core;49;local_machine;;cpu_state=idle
kernel_cpu_time_ms;2026-03-25T00:42:17.798400153Z;0;cpu_core;49;local_machine;;cpu_state=irq
kernel_cpu_time_ms;2026-03-25T00:42:17.798400153Z;0;cpu_core;49;local_machine;;cpu_state=softirq
kernel_cpu_time_ms;2026-03-25T00:42:17.798400153Z;0;cpu_core;49;local_machine;;cpu_state=steal
kernel_cpu_time_ms;2026-03-25T00:42:17.798400153Z;0;cpu_core;49;local_machine;;cpu_state=guest
kernel_cpu_time_ms;2026-03-25T00:42:17.798400153Z;0;cpu_core;49;local_machine;;cpu_state=guest_nice
kernel_cpu_time_ms;2026-03-25T00:42:17.798400153Z;0;cpu_core;50;local_machine;;cpu_state=user
kernel_cpu_time_ms;2026-03-25T00:42:17.798400153Z;0;cpu_core;50;local_machine;;cpu_state=nice
kernel_cpu_time_ms;2026-03-25T00:42:17.798400153Z;10;cpu_core;50;local_machine;;cpu_state=system
kernel_cpu_time_ms;2026-03-25T00:42:17.798400153Z;500;cpu_core;50;local_machine;;cpu_state=idle
kernel_cpu_time_ms;2026-03-25T00:42:17.798400153Z;0;cpu_core;50;local_machine;;cpu_state=irq
kernel_cpu_time_ms;2026-03-25T00:42:17.798400153Z;0;cpu_core;50;local_machine;;cpu_state=softirq
kernel_cpu_time_ms;2026-03-25T00:42:17.798400153Z;0;cpu_core;50;local_machine;;cpu_state=steal
kernel_cpu_time_ms;2026-03-25T00:42:17.798400153Z;0;cpu_core;50;local_machine;;cpu_state=guest
kernel_cpu_time_ms;2026-03-25T00:42:17.798400153Z;0;cpu_core;50;local_machine;;cpu_state=guest_nice
kernel_cpu_time_ms;2026-03-25T00:42:17.798400153Z;0;cpu_core;51;local_machine;;cpu_state=user
kernel_cpu_time_ms;2026-03-25T00:42:17.798400153Z;0;cpu_core;51;local_machine;;cpu_state=nice
kernel_cpu_time_ms;2026-03-25T00:42:17.798400153Z;0;cpu_core;51;local_machine;;cpu_state=system
kernel_cpu_time_ms;2026-03-25T00:42:17.798400153Z;500;cpu_core;51;local_machine;;cpu_state=idle
kernel_cpu_time_ms;2026-03-25T00:42:17.798400153Z;0;cpu_core;51;local_machine;;cpu_state=irq
kernel_cpu_time_ms;2026-03-25T00:42:17.798400153Z;0;cpu_core;51;local_machine;;cpu_state=softirq
kernel_cpu_time_ms;2026-03-25T00:42:17.798400153Z;0;cpu_core;51;local_machine;;cpu_state=steal
kernel_cpu_time_ms;2026-03-25T00:42:17.798400153Z;0;cpu_core;51;local_machine;;cpu_state=guest
kernel_cpu_time_ms;2026-03-25T00:42:17.798400153Z;0;cpu_core;51;local_machine;;cpu_state=guest_nice
kernel_cpu_time_ms;2026-03-25T00:42:17.798400153Z;0;cpu_core;52;local_machine;;cpu_state=user
kernel_cpu_time_ms;2026-03-25T00:42:17.798400153Z;0;cpu_core;52;local_machine;;cpu_state=nice
kernel_cpu_time_ms;2026-03-25T00:42:17.798400153Z;0;cpu_core;52;local_machine;;cpu_state=system
kernel_cpu_time_ms;2026-03-25T00:42:17.798400153Z;500;cpu_core;52;local_machine;;cpu_state=idle
kernel_cpu_time_ms;2026-03-25T00:42:17.798400153Z;0;cpu_core;52;local_machine;;cpu_state=irq
kernel_cpu_time_ms;2026-03-25T00:42:17.798400153Z;0;cpu_core;52;local_machine;;cpu_state=softirq
kernel_cpu_time_ms;2026-03-25T00:42:17.798400153Z;0;cpu_core;52;local_machine;;cpu_state=steal
kernel_cpu_time_ms;2026-03-25T00:42:17.798400153Z;0;cpu_core;52;local_machine;;cpu_state=guest
kernel_cpu_time_ms;2026-03-25T00:42:17.798400153Z;0;cpu_core;52;local_machine;;cpu_state=guest_nice
kernel_cpu_time_ms;2026-03-25T00:42:17.798400153Z;0;cpu_core;53;local_machine;;cpu_state=user
kernel_cpu_time_ms;2026-03-25T00:42:17.798400153Z;0;cpu_core;53;local_machine;;cpu_state=nice
kernel_cpu_time_ms;2026-03-25T00:42:17.798400153Z;10;cpu_core;53;local_machine;;cpu_state=system
kernel_cpu_time_ms;2026-03-25T00:42:17.798400153Z;500;cpu_core;53;local_machine;;cpu_state=idle
kernel_cpu_time_ms;2026-03-25T00:42:17.798400153Z;0;cpu_core;53;local_machine;;cpu_state=irq
kernel_cpu_time_ms;2026-03-25T00:42:17.798400153Z;0;cpu_core;53;local_machine;;cpu_state=softirq
kernel_cpu_time_ms;2026-03-25T00:42:17.798400153Z;0;cpu_core;53;local_machine;;cpu_state=steal
kernel_cpu_time_ms;2026-03-25T00:42:17.798400153Z;0;cpu_core;53;local_machine;;cpu_state=guest
kernel_cpu_time_ms;2026-03-25T00:42:17.798400153Z;0;cpu_core;53;local_machine;;cpu_state=guest_nice
kernel_cpu_time_ms;2026-03-25T00:42:17.798400153Z;0;cpu_core;54;local_machine;;cpu_state=user
kernel_cpu_time_ms;2026-03-25T00:42:17.798400153Z;0;cpu_core;54;local_machine;;cpu_state=nice
kernel_cpu_time_ms;2026-03-25T00:42:17.798400153Z;0;cpu_core;54;local_machine;;cpu_state=system
kernel_cpu_time_ms;2026-03-25T00:42:17.798400153Z;500;cpu_core;54;local_machine;;cpu_state=idle
kernel_cpu_time_ms;2026-03-25T00:42:17.798400153Z;0;cpu_core;54;local_machine;;cpu_state=irq
kernel_cpu_time_ms;2026-03-25T00:42:17.798400153Z;0;cpu_core;54;local_machine;;cpu_state=softirq
kernel_cpu_time_ms;2026-03-25T00:42:17.798400153Z;0;cpu_core;54;local_machine;;cpu_state=steal
kernel_cpu_time_ms;2026-03-25T00:42:17.798400153Z;0;cpu_core;54;local_machine;;cpu_state=guest
kernel_cpu_time_ms;2026-03-25T00:42:17.798400153Z;0;cpu_core;54;local_machine;;cpu_state=guest_nice
kernel_cpu_time_ms;2026-03-25T00:42:17.798400153Z;0;cpu_core;55;local_machine;;cpu_state=user
kernel_cpu_time_ms;2026-03-25T00:42:17.798400153Z;0;cpu_core;55;local_machine;;cpu_state=nice
kernel_cpu_time_ms;2026-03-25T00:42:17.798400153Z;0;cpu_core;55;local_machine;;cpu_state=system
kernel_cpu_time_ms;2026-03-25T00:42:17.798400153Z;500;cpu_core;55;local_machine;;cpu_state=idle
kernel_cpu_time_ms;2026-03-25T00:42:17.798400153Z;0;cpu_core;55;local_machine;;cpu_state=irq
kernel_cpu_time_ms;2026-03-25T00:42:17.798400153Z;0;cpu_core;55;local_machine;;cpu_state=softirq
kernel_cpu_time_ms;2026-03-25T00:42:17.798400153Z;0;cpu_core;55;local_machine;;cpu_state=steal
kernel_cpu_time_ms;2026-03-25T00:42:17.798400153Z;0;cpu_core;55;local_machine;;cpu_state=guest
kernel_cpu_time_ms;2026-03-25T00:42:17.798400153Z;0;cpu_core;55;local_machine;;cpu_state=guest_nice
kernel_cpu_time_ms;2026-03-25T00:42:17.798400153Z;0;cpu_core;56;local_machine;;cpu_state=user
kernel_cpu_time_ms;2026-03-25T00:42:17.798400153Z;0;cpu_core;56;local_machine;;cpu_state=nice
kernel_cpu_time_ms;2026-03-25T00:42:17.798400153Z;0;cpu_core;56;local_machine;;cpu_state=system
kernel_cpu_time_ms;2026-03-25T00:42:17.798400153Z;500;cpu_core;56;local_machine;;cpu_state=idle
kernel_cpu_time_ms;2026-03-25T00:42:17.798400153Z;0;cpu_core;56;local_machine;;cpu_state=irq
kernel_cpu_time_ms;2026-03-25T00:42:17.798400153Z;0;cpu_core;56;local_machine;;cpu_state=softirq
kernel_cpu_time_ms;2026-03-25T00:42:17.798400153Z;0;cpu_core;56;local_machine;;cpu_state=steal
kernel_cpu_time_ms;2026-03-25T00:42:17.798400153Z;0;cpu_core;56;local_machine;;cpu_state=guest
kernel_cpu_time_ms;2026-03-25T00:42:17.798400153Z;0;cpu_core;56;local_machine;;cpu_state=guest_nice
kernel_cpu_time_ms;2026-03-25T00:42:17.798400153Z;0;cpu_core;57;local_machine;;cpu_state=user
kernel_cpu_time_ms;2026-03-25T00:42:17.798400153Z;0;cpu_core;57;local_machine;;cpu_state=nice
kernel_cpu_time_ms;2026-03-25T00:42:17.798400153Z;0;cpu_core;57;local_machine;;cpu_state=system
kernel_cpu_time_ms;2026-03-25T00:42:17.798400153Z;500;cpu_core;57;local_machine;;cpu_state=idle
kernel_cpu_time_ms;2026-03-25T00:42:17.798400153Z;0;cpu_core;57;local_machine;;cpu_state=irq
kernel_cpu_time_ms;2026-03-25T00:42:17.798400153Z;0;cpu_core;57;local_machine;;cpu_state=softirq
kernel_cpu_time_ms;2026-03-25T00:42:17.798400153Z;0;cpu_core;57;local_machine;;cpu_state=steal
kernel_cpu_time_ms;2026-03-25T00:42:17.798400153Z;0;cpu_core;57;local_machine;;cpu_state=guest
kernel_cpu_time_ms;2026-03-25T00:42:17.798400153Z;0;cpu_core;57;local_machine;;cpu_state=guest_nice
kernel_cpu_time_ms;2026-03-25T00:42:17.798400153Z;0;cpu_core;58;local_machine;;cpu_state=user
kernel_cpu_time_ms;2026-03-25T00:42:17.798400153Z;0;cpu_core;58;local_machine;;cpu_state=nice
kernel_cpu_time_ms;2026-03-25T00:42:17.798400153Z;0;cpu_core;58;local_machine;;cpu_state=system
kernel_cpu_time_ms;2026-03-25T00:42:17.798400153Z;500;cpu_core;58;local_machine;;cpu_state=idle
kernel_cpu_time_ms;2026-03-25T00:42:17.798400153Z;0;cpu_core;58;local_machine;;cpu_state=irq
kernel_cpu_time_ms;2026-03-25T00:42:17.798400153Z;0;cpu_core;58;local_machine;;cpu_state=softirq
kernel_cpu_time_ms;2026-03-25T00:42:17.798400153Z;0;cpu_core;58;local_machine;;cpu_state=steal
kernel_cpu_time_ms;2026-03-25T00:42:17.798400153Z;0;cpu_core;58;local_machine;;cpu_state=guest
kernel_cpu_time_ms;2026-03-25T00:42:17.798400153Z;0;cpu_core;58;local_machine;;cpu_state=guest_nice
kernel_cpu_time_ms;2026-03-25T00:42:17.798400153Z;0;cpu_core;59;local_machine;;cpu_state=user
kernel_cpu_time_ms;2026-03-25T00:42:17.798400153Z;0;cpu_core;59;local_machine;;cpu_state=nice
kernel_cpu_time_ms;2026-03-25T00:42:17.798400153Z;0;cpu_core;59;local_machine;;cpu_state=system
kernel_cpu_time_ms;2026-03-25T00:42:17.798400153Z;500;cpu_core;59;local_machine;;cpu_state=idle
kernel_cpu_time_ms;2026-03-25T00:42:17.798400153Z;0;cpu_core;59;local_machine;;cpu_state=irq
kernel_cpu_time_ms;2026-03-25T00:42:17.798400153Z;0;cpu_core;59;local_machine;;cpu_state=softirq
kernel_cpu_time_ms;2026-03-25T00:42:17.798400153Z;0;cpu_core;59;local_machine;;cpu_state=steal
kernel_cpu_time_ms;2026-03-25T00:42:17.798400153Z;0;cpu_core;59;local_machine;;cpu_state=guest
kernel_cpu_time_ms;2026-03-25T00:42:17.798400153Z;0;cpu_core;59;local_machine;;cpu_state=guest_nice
kernel_cpu_time_ms;2026-03-25T00:42:17.798400153Z;0;cpu_core;60;local_machine;;cpu_state=user
kernel_cpu_time_ms;2026-03-25T00:42:17.798400153Z;0;cpu_core;60;local_machine;;cpu_state=nice
kernel_cpu_time_ms;2026-03-25T00:42:17.798400153Z;0;cpu_core;60;local_machine;;cpu_state=system
kernel_cpu_time_ms;2026-03-25T00:42:17.798400153Z;500;cpu_core;60;local_machine;;cpu_state=idle
kernel_cpu_time_ms;2026-03-25T00:42:17.798400153Z;0;cpu_core;60;local_machine;;cpu_state=irq
kernel_cpu_time_ms;2026-03-25T00:42:17.798400153Z;0;cpu_core;60;local_machine;;cpu_state=softirq
kernel_cpu_time_ms;2026-03-25T00:42:17.798400153Z;0;cpu_core;60;local_machine;;cpu_state=steal
kernel_cpu_time_ms;2026-03-25T00:42:17.798400153Z;0;cpu_core;60;local_machine;;cpu_state=guest
kernel_cpu_time_ms;2026-03-25T00:42:17.798400153Z;0;cpu_core;60;local_machine;;cpu_state=guest_nice
kernel_cpu_time_ms;2026-03-25T00:42:17.798400153Z;350;cpu_core;61;local_machine;;cpu_state=user
kernel_cpu_time_ms;2026-03-25T00:42:17.798400153Z;0;cpu_core;61;local_machine;;cpu_state=nice
kernel_cpu_time_ms;2026-03-25T00:42:17.798400153Z;90;cpu_core;61;local_machine;;cpu_state=system
kernel_cpu_time_ms;2026-03-25T00:42:17.798400153Z;60;cpu_core;61;local_machine;;cpu_state=idle
kernel_cpu_time_ms;2026-03-25T00:42:17.798400153Z;0;cpu_core;61;local_machine;;cpu_state=irq
kernel_cpu_time_ms;2026-03-25T00:42:17.798400153Z;0;cpu_core;61;local_machine;;cpu_state=softirq
kernel_cpu_time_ms;2026-03-25T00:42:17.798400153Z;0;cpu_core;61;local_machine;;cpu_state=steal
kernel_cpu_time_ms;2026-03-25T00:42:17.798400153Z;0;cpu_core;61;local_machine;;cpu_state=guest
kernel_cpu_time_ms;2026-03-25T00:42:17.798400153Z;0;cpu_core;61;local_machine;;cpu_state=guest_nice
kernel_cpu_time_ms;2026-03-25T00:42:17.798400153Z;20;cpu_core;62;local_machine;;cpu_state=user
kernel_cpu_time_ms;2026-03-25T00:42:17.798400153Z;0;cpu_core;62;local_machine;;cpu_state=nice
kernel_cpu_time_ms;2026-03-25T00:42:17.798400153Z;10;cpu_core;62;local_machine;;cpu_state=system
kernel_cpu_time_ms;2026-03-25T00:42:17.798400153Z;470;cpu_core;62;local_machine;;cpu_state=idle
kernel_cpu_time_ms;2026-03-25T00:42:17.798400153Z;0;cpu_core;62;local_machine;;cpu_state=irq
kernel_cpu_time_ms;2026-03-25T00:42:17.798400153Z;0;cpu_core;62;local_machine;;cpu_state=softirq
kernel_cpu_time_ms;2026-03-25T00:42:17.798400153Z;0;cpu_core;62;local_machine;;cpu_state=steal
kernel_cpu_time_ms;2026-03-25T00:42:17.798400153Z;0;cpu_core;62;local_machine;;cpu_state=guest
kernel_cpu_time_ms;2026-03-25T00:42:17.798400153Z;0;cpu_core;62;local_machine;;cpu_state=guest_nice
kernel_cpu_time_ms;2026-03-25T00:42:17.798400153Z;0;cpu_core;63;local_machine;;cpu_state=user
kernel_cpu_time_ms;2026-03-25T00:42:17.798400153Z;0;cpu_core;63;local_machine;;cpu_state=nice
kernel_cpu_time_ms;2026-03-25T00:42:17.798400153Z;50;cpu_core;63;local_machine;;cpu_state=system
kernel_cpu_time_ms;2026-03-25T00:42:17.798400153Z;450;cpu_core;63;local_machine;;cpu_state=idle
kernel_cpu_time_ms;2026-03-25T00:42:17.798400153Z;0;cpu_core;63;local_machine;;cpu_state=irq
kernel_cpu_time_ms;2026-03-25T00:42:17.798400153Z;0;cpu_core;63;local_machine;;cpu_state=softirq
kernel_cpu_time_ms;2026-03-25T00:42:17.798400153Z;0;cpu_core;63;local_machine;;cpu_state=steal
kernel_cpu_time_ms;2026-03-25T00:42:17.798400153Z;0;cpu_core;63;local_machine;;cpu_state=guest
kernel_cpu_time_ms;2026-03-25T00:42:17.798400153Z;0;cpu_core;63;local_machine;;cpu_state=guest_nice
kernel_cpu_time_ms;2026-03-25T00:42:17.798400153Z;0;cpu_core;64;local_machine;;cpu_state=user
kernel_cpu_time_ms;2026-03-25T00:42:17.798400153Z;0;cpu_core;64;local_machine;;cpu_state=nice
kernel_cpu_time_ms;2026-03-25T00:42:17.798400153Z;0;cpu_core;64;local_machine;;cpu_state=system
kernel_cpu_time_ms;2026-03-25T00:42:17.798400153Z;500;cpu_core;64;local_machine;;cpu_state=idle
kernel_cpu_time_ms;2026-03-25T00:42:17.798400153Z;0;cpu_core;64;local_machine;;cpu_state=irq
kernel_cpu_time_ms;2026-03-25T00:42:17.798400153Z;0;cpu_core;64;local_machine;;cpu_state=softirq
kernel_cpu_time_ms;2026-03-25T00:42:17.798400153Z;0;cpu_core;64;local_machine;;cpu_state=steal
kernel_cpu_time_ms;2026-03-25T00:42:17.798400153Z;0;cpu_core;64;local_machine;;cpu_state=guest
kernel_cpu_time_ms;2026-03-25T00:42:17.798400153Z;0;cpu_core;64;local_machine;;cpu_state=guest_nice
kernel_cpu_time_ms;2026-03-25T00:42:17.798400153Z;10;cpu_core;65;local_machine;;cpu_state=user
kernel_cpu_time_ms;2026-03-25T00:42:17.798400153Z;0;cpu_core;65;local_machine;;cpu_state=nice
kernel_cpu_time_ms;2026-03-25T00:42:17.798400153Z;0;cpu_core;65;local_machine;;cpu_state=system
kernel_cpu_time_ms;2026-03-25T00:42:17.798400153Z;490;cpu_core;65;local_machine;;cpu_state=idle
kernel_cpu_time_ms;2026-03-25T00:42:17.798400153Z;0;cpu_core;65;local_machine;;cpu_state=irq
kernel_cpu_time_ms;2026-03-25T00:42:17.798400153Z;0;cpu_core;65;local_machine;;cpu_state=softirq
kernel_cpu_time_ms;2026-03-25T00:42:17.798400153Z;0;cpu_core;65;local_machine;;cpu_state=steal
kernel_cpu_time_ms;2026-03-25T00:42:17.798400153Z;0;cpu_core;65;local_machine;;cpu_state=guest
kernel_cpu_time_ms;2026-03-25T00:42:17.798400153Z;0;cpu_core;65;local_machine;;cpu_state=guest_nice
kernel_cpu_time_ms;2026-03-25T00:42:17.798400153Z;0;cpu_core;66;local_machine;;cpu_state=user
kernel_cpu_time_ms;2026-03-25T00:42:17.798400153Z;0;cpu_core;66;local_machine;;cpu_state=nice
kernel_cpu_time_ms;2026-03-25T00:42:17.798400153Z;0;cpu_core;66;local_machine;;cpu_state=system
kernel_cpu_time_ms;2026-03-25T00:42:17.798400153Z;500;cpu_core;66;local_machine;;cpu_state=idle
kernel_cpu_time_ms;2026-03-25T00:42:17.798400153Z;0;cpu_core;66;local_machine;;cpu_state=irq
kernel_cpu_time_ms;2026-03-25T00:42:17.798400153Z;0;cpu_core;66;local_machine;;cpu_state=softirq
kernel_cpu_time_ms;2026-03-25T00:42:17.798400153Z;0;cpu_core;66;local_machine;;cpu_state=steal
kernel_cpu_time_ms;2026-03-25T00:42:17.798400153Z;0;cpu_core;66;local_machine;;cpu_state=guest
kernel_cpu_time_ms;2026-03-25T00:42:17.798400153Z;0;cpu_core;66;local_machine;;cpu_state=guest_nice
kernel_cpu_time_ms;2026-03-25T00:42:17.798400153Z;0;cpu_core;67;local_machine;;cpu_state=user
kernel_cpu_time_ms;2026-03-25T00:42:17.798400153Z;0;cpu_core;67;local_machine;;cpu_state=nice
kernel_cpu_time_ms;2026-03-25T00:42:17.798400153Z;0;cpu_core;67;local_machine;;cpu_state=system
kernel_cpu_time_ms;2026-03-25T00:42:17.798400153Z;500;cpu_core;67;local_machine;;cpu_state=idle
kernel_cpu_time_ms;2026-03-25T00:42:17.798400153Z;0;cpu_core;67;local_machine;;cpu_state=irq
kernel_cpu_time_ms;2026-03-25T00:42:17.798400153Z;0;cpu_core;67;local_machine;;cpu_state=softirq
kernel_cpu_time_ms;2026-03-25T00:42:17.798400153Z;0;cpu_core;67;local_machine;;cpu_state=steal
kernel_cpu_time_ms;2026-03-25T00:42:17.798400153Z;0;cpu_core;67;local_machine;;cpu_state=guest
kernel_cpu_time_ms;2026-03-25T00:42:17.798400153Z;0;cpu_core;67;local_machine;;cpu_state=guest_nice
kernel_cpu_time_ms;2026-03-25T00:42:17.798400153Z;0;cpu_core;68;local_machine;;cpu_state=user
kernel_cpu_time_ms;2026-03-25T00:42:17.798400153Z;0;cpu_core;68;local_machine;;cpu_state=nice
kernel_cpu_time_ms;2026-03-25T00:42:17.798400153Z;0;cpu_core;68;local_machine;;cpu_state=system
kernel_cpu_time_ms;2026-03-25T00:42:17.798400153Z;490;cpu_core;68;local_machine;;cpu_state=idle
kernel_cpu_time_ms;2026-03-25T00:42:17.798400153Z;0;cpu_core;68;local_machine;;cpu_state=irq
kernel_cpu_time_ms;2026-03-25T00:42:17.798400153Z;0;cpu_core;68;local_machine;;cpu_state=softirq
kernel_cpu_time_ms;2026-03-25T00:42:17.798400153Z;0;cpu_core;68;local_machine;;cpu_state=steal
kernel_cpu_time_ms;2026-03-25T00:42:17.798400153Z;0;cpu_core;68;local_machine;;cpu_state=guest
kernel_cpu_time_ms;2026-03-25T00:42:17.798400153Z;0;cpu_core;68;local_machine;;cpu_state=guest_nice
kernel_cpu_time_ms;2026-03-25T00:42:17.798400153Z;0;cpu_core;69;local_machine;;cpu_state=user
kernel_cpu_time_ms;2026-03-25T00:42:17.798400153Z;0;cpu_core;69;local_machine;;cpu_state=nice
kernel_cpu_time_ms;2026-03-25T00:42:17.798400153Z;0;cpu_core;69;local_machine;;cpu_state=system
kernel_cpu_time_ms;2026-03-25T00:42:17.798400153Z;500;cpu_core;69;local_machine;;cpu_state=idle
kernel_cpu_time_ms;2026-03-25T00:42:17.798400153Z;0;cpu_core;69;local_machine;;cpu_state=irq
kernel_cpu_time_ms;2026-03-25T00:42:17.798400153Z;0;cpu_core;69;local_machine;;cpu_state=softirq
kernel_cpu_time_ms;2026-03-25T00:42:17.798400153Z;0;cpu_core;69;local_machine;;cpu_state=steal
kernel_cpu_time_ms;2026-03-25T00:42:17.798400153Z;0;cpu_core;69;local_machine;;cpu_state=guest
kernel_cpu_time_ms;2026-03-25T00:42:17.798400153Z;0;cpu_core;69;local_machine;;cpu_state=guest_nice
kernel_cpu_time_ms;2026-03-25T00:42:17.798400153Z;0;cpu_core;70;local_machine;;cpu_state=user
kernel_cpu_time_ms;2026-03-25T00:42:17.798400153Z;0;cpu_core;70;local_machine;;cpu_state=nice
kernel_cpu_time_ms;2026-03-25T00:42:17.798400153Z;0;cpu_core;70;local_machine;;cpu_state=system
kernel_cpu_time_ms;2026-03-25T00:42:17.798400153Z;500;cpu_core;70;local_machine;;cpu_state=idle
kernel_cpu_time_ms;2026-03-25T00:42:17.798400153Z;0;cpu_core;70;local_machine;;cpu_state=irq
kernel_cpu_time_ms;2026-03-25T00:42:17.798400153Z;0;cpu_core;70;local_machine;;cpu_state=softirq
kernel_cpu_time_ms;2026-03-25T00:42:17.798400153Z;0;cpu_core;70;local_machine;;cpu_state=steal
kernel_cpu_time_ms;2026-03-25T00:42:17.798400153Z;0;cpu_core;70;local_machine;;cpu_state=guest
kernel_cpu_time_ms;2026-03-25T00:42:17.798400153Z;0;cpu_core;70;local_machine;;cpu_state=guest_nice
kernel_cpu_time_ms;2026-03-25T00:42:17.798400153Z;0;cpu_core;71;local_machine;;cpu_state=user
kernel_cpu_time_ms;2026-03-25T00:42:17.798400153Z;0;cpu_core;71;local_machine;;cpu_state=nice
kernel_cpu_time_ms;2026-03-25T00:42:17.798400153Z;10;cpu_core;71;local_machine;;cpu_state=system
kernel_cpu_time_ms;2026-03-25T00:42:17.798400153Z;500;cpu_core;71;local_machine;;cpu_state=idle
kernel_cpu_time_ms;2026-03-25T00:42:17.798400153Z;0;cpu_core;71;local_machine;;cpu_state=irq
kernel_cpu_time_ms;2026-03-25T00:42:17.798400153Z;0;cpu_core;71;local_machine;;cpu_state=softirq
kernel_cpu_time_ms;2026-03-25T00:42:17.798400153Z;0;cpu_core;71;local_machine;;cpu_state=steal
kernel_cpu_time_ms;2026-03-25T00:42:17.798400153Z;0;cpu_core;71;local_machine;;cpu_state=guest
kernel_cpu_time_ms;2026-03-25T00:42:17.798400153Z;0;cpu_core;71;local_machine;;cpu_state=guest_nice
kernel_cpu_time_ms;2026-03-25T00:42:17.798400153Z;10;cpu_core;72;local_machine;;cpu_state=user
kernel_cpu_time_ms;2026-03-25T00:42:17.798400153Z;0;cpu_core;72;local_machine;;cpu_state=nice
kernel_cpu_time_ms;2026-03-25T00:42:17.798400153Z;10;cpu_core;72;local_machine;;cpu_state=system
kernel_cpu_time_ms;2026-03-25T00:42:17.798400153Z;490;cpu_core;72;local_machine;;cpu_state=idle
kernel_cpu_time_ms;2026-03-25T00:42:17.798400153Z;0;cpu_core;72;local_machine;;cpu_state=irq
kernel_cpu_time_ms;2026-03-25T00:42:17.798400153Z;0;cpu_core;72;local_machine;;cpu_state=softirq
kernel_cpu_time_ms;2026-03-25T00:42:17.798400153Z;0;cpu_core;72;local_machine;;cpu_state=steal
kernel_cpu_time_ms;2026-03-25T00:42:17.798400153Z;0;cpu_core;72;local_machine;;cpu_state=guest
kernel_cpu_time_ms;2026-03-25T00:42:17.798400153Z;0;cpu_core;72;local_machine;;cpu_state=guest_nice
kernel_cpu_time_ms;2026-03-25T00:42:17.798400153Z;0;cpu_core;73;local_machine;;cpu_state=user
kernel_cpu_time_ms;2026-03-25T00:42:17.798400153Z;0;cpu_core;73;local_machine;;cpu_state=nice
kernel_cpu_time_ms;2026-03-25T00:42:17.798400153Z;10;cpu_core;73;local_machine;;cpu_state=system
kernel_cpu_time_ms;2026-03-25T00:42:17.798400153Z;490;cpu_core;73;local_machine;;cpu_state=idle
kernel_cpu_time_ms;2026-03-25T00:42:17.798400153Z;0;cpu_core;73;local_machine;;cpu_state=irq
kernel_cpu_time_ms;2026-03-25T00:42:17.798400153Z;0;cpu_core;73;local_machine;;cpu_state=softirq
kernel_cpu_time_ms;2026-03-25T00:42:17.798400153Z;0;cpu_core;73;local_machine;;cpu_state=steal
kernel_cpu_time_ms;2026-03-25T00:42:17.798400153Z;0;cpu_core;73;local_machine;;cpu_state=guest
kernel_cpu_time_ms;2026-03-25T00:42:17.798400153Z;0;cpu_core;73;local_machine;;cpu_state=guest_nice
kernel_cpu_time_ms;2026-03-25T00:42:17.798400153Z;0;cpu_core;74;local_machine;;cpu_state=user
kernel_cpu_time_ms;2026-03-25T00:42:17.798400153Z;0;cpu_core;74;local_machine;;cpu_state=nice
kernel_cpu_time_ms;2026-03-25T00:42:17.798400153Z;0;cpu_core;74;local_machine;;cpu_state=system
kernel_cpu_time_ms;2026-03-25T00:42:17.798400153Z;500;cpu_core;74;local_machine;;cpu_state=idle
kernel_cpu_time_ms;2026-03-25T00:42:17.798400153Z;0;cpu_core;74;local_machine;;cpu_state=irq
kernel_cpu_time_ms;2026-03-25T00:42:17.798400153Z;0;cpu_core;74;local_machine;;cpu_state=softirq
kernel_cpu_time_ms;2026-03-25T00:42:17.798400153Z;0;cpu_core;74;local_machine;;cpu_state=steal
kernel_cpu_time_ms;2026-03-25T00:42:17.798400153Z;0;cpu_core;74;local_machine;;cpu_state=guest
kernel_cpu_time_ms;2026-03-25T00:42:17.798400153Z;0;cpu_core;74;local_machine;;cpu_state=guest_nice
kernel_cpu_time_ms;2026-03-25T00:42:17.798400153Z;0;cpu_core;75;local_machine;;cpu_state=user
kernel_cpu_time_ms;2026-03-25T00:42:17.798400153Z;0;cpu_core;75;local_machine;;cpu_state=nice
kernel_cpu_time_ms;2026-03-25T00:42:17.798400153Z;0;cpu_core;75;local_machine;;cpu_state=system
kernel_cpu_time_ms;2026-03-25T00:42:17.798400153Z;500;cpu_core;75;local_machine;;cpu_state=idle
kernel_cpu_time_ms;2026-03-25T00:42:17.798400153Z;0;cpu_core;75;local_machine;;cpu_state=irq
kernel_cpu_time_ms;2026-03-25T00:42:17.798400153Z;0;cpu_core;75;local_machine;;cpu_state=softirq
kernel_cpu_time_ms;2026-03-25T00:42:17.798400153Z;0;cpu_core;75;local_machine;;cpu_state=steal
kernel_cpu_time_ms;2026-03-25T00:42:17.798400153Z;0;cpu_core;75;local_machine;;cpu_state=guest
kernel_cpu_time_ms;2026-03-25T00:42:17.798400153Z;0;cpu_core;75;local_machine;;cpu_state=guest_nice
kernel_cpu_time_ms;2026-03-25T00:42:17.798400153Z;0;cpu_core;76;local_machine;;cpu_state=user
kernel_cpu_time_ms;2026-03-25T00:42:17.798400153Z;0;cpu_core;76;local_machine;;cpu_state=nice
kernel_cpu_time_ms;2026-03-25T00:42:17.798400153Z;0;cpu_core;76;local_machine;;cpu_state=system
kernel_cpu_time_ms;2026-03-25T00:42:17.798400153Z;500;cpu_core;76;local_machine;;cpu_state=idle
kernel_cpu_time_ms;2026-03-25T00:42:17.798400153Z;0;cpu_core;76;local_machine;;cpu_state=irq
kernel_cpu_time_ms;2026-03-25T00:42:17.798400153Z;0;cpu_core;76;local_machine;;cpu_state=softirq
kernel_cpu_time_ms;2026-03-25T00:42:17.798400153Z;0;cpu_core;76;local_machine;;cpu_state=steal
kernel_cpu_time_ms;2026-03-25T00:42:17.798400153Z;0;cpu_core;76;local_machine;;cpu_state=guest
kernel_cpu_time_ms;2026-03-25T00:42:17.798400153Z;0;cpu_core;76;local_machine;;cpu_state=guest_nice
kernel_cpu_time_ms;2026-03-25T00:42:17.798400153Z;0;cpu_core;77;local_machine;;cpu_state=user
kernel_cpu_time_ms;2026-03-25T00:42:17.798400153Z;0;cpu_core;77;local_machine;;cpu_state=nice
kernel_cpu_time_ms;2026-03-25T00:42:17.798400153Z;0;cpu_core;77;local_machine;;cpu_state=system
kernel_cpu_time_ms;2026-03-25T00:42:17.798400153Z;500;cpu_core;77;local_machine;;cpu_state=idle
kernel_cpu_time_ms;2026-03-25T00:42:17.798400153Z;0;cpu_core;77;local_machine;;cpu_state=irq
kernel_cpu_time_ms;2026-03-25T00:42:17.798400153Z;0;cpu_core;77;local_machine;;cpu_state=softirq
kernel_cpu_time_ms;2026-03-25T00:42:17.798400153Z;0;cpu_core;77;local_machine;;cpu_state=steal
kernel_cpu_time_ms;2026-03-25T00:42:17.798400153Z;0;cpu_core;77;local_machine;;cpu_state=guest
kernel_cpu_time_ms;2026-03-25T00:42:17.798400153Z;0;cpu_core;77;local_machine;;cpu_state=guest_nice
kernel_cpu_time_ms;2026-03-25T00:42:17.798400153Z;0;cpu_core;78;local_machine;;cpu_state=user
kernel_cpu_time_ms;2026-03-25T00:42:17.798400153Z;0;cpu_core;78;local_machine;;cpu_state=nice
kernel_cpu_time_ms;2026-03-25T00:42:17.798400153Z;0;cpu_core;78;local_machine;;cpu_state=system
kernel_cpu_time_ms;2026-03-25T00:42:17.798400153Z;500;cpu_core;78;local_machine;;cpu_state=idle
kernel_cpu_time_ms;2026-03-25T00:42:17.798400153Z;0;cpu_core;78;local_machine;;cpu_state=irq
kernel_cpu_time_ms;2026-03-25T00:42:17.798400153Z;0;cpu_core;78;local_machine;;cpu_state=softirq
kernel_cpu_time_ms;2026-03-25T00:42:17.798400153Z;0;cpu_core;78;local_machine;;cpu_state=steal
kernel_cpu_time_ms;2026-03-25T00:42:17.798400153Z;0;cpu_core;78;local_machine;;cpu_state=guest
kernel_cpu_time_ms;2026-03-25T00:42:17.798400153Z;0;cpu_core;78;local_machine;;cpu_state=guest_nice
kernel_cpu_time_ms;2026-03-25T00:42:17.798400153Z;0;cpu_core;79;local_machine;;cpu_state=user
kernel_cpu_time_ms;2026-03-25T00:42:17.798400153Z;0;cpu_core;79;local_machine;;cpu_state=nice
kernel_cpu_time_ms;2026-03-25T00:42:17.798400153Z;0;cpu_core;79;local_machine;;cpu_state=system
kernel_cpu_time_ms;2026-03-25T00:42:17.798400153Z;500;cpu_core;79;local_machine;;cpu_state=idle
kernel_cpu_time_ms;2026-03-25T00:42:17.798400153Z;0;cpu_core;79;local_machine;;cpu_state=irq
kernel_cpu_time_ms;2026-03-25T00:42:17.798400153Z;0;cpu_core;79;local_machine;;cpu_state=softirq
kernel_cpu_time_ms;2026-03-25T00:42:17.798400153Z;0;cpu_core;79;local_machine;;cpu_state=steal
kernel_cpu_time_ms;2026-03-25T00:42:17.798400153Z;0;cpu_core;79;local_machine;;cpu_state=guest
kernel_cpu_time_ms;2026-03-25T00:42:17.798400153Z;0;cpu_core;79;local_machine;;cpu_state=guest_nice
kernel_cpu_time_ms;2026-03-25T00:42:17.798400153Z;0;cpu_core;80;local_machine;;cpu_state=user
kernel_cpu_time_ms;2026-03-25T00:42:17.798400153Z;0;cpu_core;80;local_machine;;cpu_state=nice
kernel_cpu_time_ms;2026-03-25T00:42:17.798400153Z;0;cpu_core;80;local_machine;;cpu_state=system
kernel_cpu_time_ms;2026-03-25T00:42:17.798400153Z;500;cpu_core;80;local_machine;;cpu_state=idle
kernel_cpu_time_ms;2026-03-25T00:42:17.798400153Z;0;cpu_core;80;local_machine;;cpu_state=irq
kernel_cpu_time_ms;2026-03-25T00:42:17.798400153Z;0;cpu_core;80;local_machine;;cpu_state=softirq
kernel_cpu_time_ms;2026-03-25T00:42:17.798400153Z;0;cpu_core;80;local_machine;;cpu_state=steal
kernel_cpu_time_ms;2026-03-25T00:42:17.798400153Z;0;cpu_core;80;local_machine;;cpu_state=guest
kernel_cpu_time_ms;2026-03-25T00:42:17.798400153Z;0;cpu_core;80;local_machine;;cpu_state=guest_nice
kernel_cpu_time_ms;2026-03-25T00:42:17.798400153Z;0;cpu_core;81;local_machine;;cpu_state=user
kernel_cpu_time_ms;2026-03-25T00:42:17.798400153Z;0;cpu_core;81;local_machine;;cpu_state=nice
kernel_cpu_time_ms;2026-03-25T00:42:17.798400153Z;0;cpu_core;81;local_machine;;cpu_state=system
kernel_cpu_time_ms;2026-03-25T00:42:17.798400153Z;500;cpu_core;81;local_machine;;cpu_state=idle
kernel_cpu_time_ms;2026-03-25T00:42:17.798400153Z;0;cpu_core;81;local_machine;;cpu_state=irq
kernel_cpu_time_ms;2026-03-25T00:42:17.798400153Z;0;cpu_core;81;local_machine;;cpu_state=softirq
kernel_cpu_time_ms;2026-03-25T00:42:17.798400153Z;0;cpu_core;81;local_machine;;cpu_state=steal
kernel_cpu_time_ms;2026-03-25T00:42:17.798400153Z;0;cpu_core;81;local_machine;;cpu_state=guest
kernel_cpu_time_ms;2026-03-25T00:42:17.798400153Z;0;cpu_core;81;local_machine;;cpu_state=guest_nice
kernel_cpu_time_ms;2026-03-25T00:42:17.798400153Z;30;cpu_core;82;local_machine;;cpu_state=user
kernel_cpu_time_ms;2026-03-25T00:42:17.798400153Z;0;cpu_core;82;local_machine;;cpu_state=nice
kernel_cpu_time_ms;2026-03-25T00:42:17.798400153Z;0;cpu_core;82;local_machine;;cpu_state=system
kernel_cpu_time_ms;2026-03-25T00:42:17.798400153Z;480;cpu_core;82;local_machine;;cpu_state=idle
kernel_cpu_time_ms;2026-03-25T00:42:17.798400153Z;0;cpu_core;82;local_machine;;cpu_state=irq
kernel_cpu_time_ms;2026-03-25T00:42:17.798400153Z;0;cpu_core;82;local_machine;;cpu_state=softirq
kernel_cpu_time_ms;2026-03-25T00:42:17.798400153Z;0;cpu_core;82;local_machine;;cpu_state=steal
kernel_cpu_time_ms;2026-03-25T00:42:17.798400153Z;0;cpu_core;82;local_machine;;cpu_state=guest
kernel_cpu_time_ms;2026-03-25T00:42:17.798400153Z;0;cpu_core;82;local_machine;;cpu_state=guest_nice
kernel_cpu_time_ms;2026-03-25T00:42:17.798400153Z;0;cpu_core;83;local_machine;;cpu_state=user
kernel_cpu_time_ms;2026-03-25T00:42:17.798400153Z;0;cpu_core;83;local_machine;;cpu_state=nice
kernel_cpu_time_ms;2026-03-25T00:42:17.798400153Z;0;cpu_core;83;local_machine;;cpu_state=system
kernel_cpu_time_ms;2026-03-25T00:42:17.798400153Z;500;cpu_core;83;local_machine;;cpu_state=idle
kernel_cpu_time_ms;2026-03-25T00:42:17.798400153Z;0;cpu_core;83;local_machine;;cpu_state=irq
kernel_cpu_time_ms;2026-03-25T00:42:17.798400153Z;0;cpu_core;83;local_machine;;cpu_state=softirq
kernel_cpu_time_ms;2026-03-25T00:42:17.798400153Z;0;cpu_core;83;local_machine;;cpu_state=steal
kernel_cpu_time_ms;2026-03-25T00:42:17.798400153Z;0;cpu_core;83;local_machine;;cpu_state=guest
kernel_cpu_time_ms;2026-03-25T00:42:17.798400153Z;0;cpu_core;83;local_machine;;cpu_state=guest_nice
kernel_cpu_time_ms;2026-03-25T00:42:17.798400153Z;0;cpu_core;84;local_machine;;cpu_state=user
kernel_cpu_time_ms;2026-03-25T00:42:17.798400153Z;0;cpu_core;84;local_machine;;cpu_state=nice
kernel_cpu_time_ms;2026-03-25T00:42:17.798400153Z;0;cpu_core;84;local_machine;;cpu_state=system
kernel_cpu_time_ms;2026-03-25T00:42:17.798400153Z;500;cpu_core;84;local_machine;;cpu_state=idle
kernel_cpu_time_ms;2026-03-25T00:42:17.798400153Z;0;cpu_core;84;local_machine;;cpu_state=irq
kernel_cpu_time_ms;2026-03-25T00:42:17.798400153Z;0;cpu_core;84;local_machine;;cpu_state=softirq
kernel_cpu_time_ms;2026-03-25T00:42:17.798400153Z;0;cpu_core;84;local_machine;;cpu_state=steal
kernel_cpu_time_ms;2026-03-25T00:42:17.798400153Z;0;cpu_core;84;local_machine;;cpu_state=guest
kernel_cpu_time_ms;2026-03-25T00:42:17.798400153Z;0;cpu_core;84;local_machine;;cpu_state=guest_nice
kernel_cpu_time_ms;2026-03-25T00:42:17.798400153Z;0;cpu_core;85;local_machine;;cpu_state=user
kernel_cpu_time_ms;2026-03-25T00:42:17.798400153Z;0;cpu_core;85;local_machine;;cpu_state=nice
kernel_cpu_time_ms;2026-03-25T00:42:17.798400153Z;0;cpu_core;85;local_machine;;cpu_state=system
kernel_cpu_time_ms;2026-03-25T00:42:17.798400153Z;500;cpu_core;85;local_machine;;cpu_state=idle
kernel_cpu_time_ms;2026-03-25T00:42:17.798400153Z;0;cpu_core;85;local_machine;;cpu_state=irq
kernel_cpu_time_ms;2026-03-25T00:42:17.798400153Z;0;cpu_core;85;local_machine;;cpu_state=softirq
kernel_cpu_time_ms;2026-03-25T00:42:17.798400153Z;0;cpu_core;85;local_machine;;cpu_state=steal
kernel_cpu_time_ms;2026-03-25T00:42:17.798400153Z;0;cpu_core;85;local_machine;;cpu_state=guest
kernel_cpu_time_ms;2026-03-25T00:42:17.798400153Z;0;cpu_core;85;local_machine;;cpu_state=guest_nice
kernel_cpu_time_ms;2026-03-25T00:42:17.798400153Z;0;cpu_core;86;local_machine;;cpu_state=user
kernel_cpu_time_ms;2026-03-25T00:42:17.798400153Z;0;cpu_core;86;local_machine;;cpu_state=nice
kernel_cpu_time_ms;2026-03-25T00:42:17.798400153Z;0;cpu_core;86;local_machine;;cpu_state=system
kernel_cpu_time_ms;2026-03-25T00:42:17.798400153Z;500;cpu_core;86;local_machine;;cpu_state=idle
kernel_cpu_time_ms;2026-03-25T00:42:17.798400153Z;0;cpu_core;86;local_machine;;cpu_state=irq
kernel_cpu_time_ms;2026-03-25T00:42:17.798400153Z;0;cpu_core;86;local_machine;;cpu_state=softirq
kernel_cpu_time_ms;2026-03-25T00:42:17.798400153Z;0;cpu_core;86;local_machine;;cpu_state=steal
kernel_cpu_time_ms;2026-03-25T00:42:17.798400153Z;0;cpu_core;86;local_machine;;cpu_state=guest
kernel_cpu_time_ms;2026-03-25T00:42:17.798400153Z;0;cpu_core;86;local_machine;;cpu_state=guest_nice
kernel_cpu_time_ms;2026-03-25T00:42:17.798400153Z;0;cpu_core;87;local_machine;;cpu_state=user
kernel_cpu_time_ms;2026-03-25T00:42:17.798400153Z;0;cpu_core;87;local_machine;;cpu_state=nice
kernel_cpu_time_ms;2026-03-25T00:42:17.798400153Z;0;cpu_core;87;local_machine;;cpu_state=system
kernel_cpu_time_ms;2026-03-25T00:42:17.798400153Z;500;cpu_core;87;local_machine;;cpu_state=idle
kernel_cpu_time_ms;2026-03-25T00:42:17.798400153Z;0;cpu_core;87;local_machine;;cpu_state=irq
kernel_cpu_time_ms;2026-03-25T00:42:17.798400153Z;0;cpu_core;87;local_machine;;cpu_state=softirq
kernel_cpu_time_ms;2026-03-25T00:42:17.798400153Z;0;cpu_core;87;local_machine;;cpu_state=steal
kernel_cpu_time_ms;2026-03-25T00:42:17.798400153Z;0;cpu_core;87;local_machine;;cpu_state=guest
kernel_cpu_time_ms;2026-03-25T00:42:17.798400153Z;0;cpu_core;87;local_machine;;cpu_state=guest_nice
kernel_cpu_time_ms;2026-03-25T00:42:17.798400153Z;0;cpu_core;88;local_machine;;cpu_state=user
kernel_cpu_time_ms;2026-03-25T00:42:17.798400153Z;0;cpu_core;88;local_machine;;cpu_state=nice
kernel_cpu_time_ms;2026-03-25T00:42:17.798400153Z;0;cpu_core;88;local_machine;;cpu_state=system
kernel_cpu_time_ms;2026-03-25T00:42:17.798400153Z;500;cpu_core;88;local_machine;;cpu_state=idle
kernel_cpu_time_ms;2026-03-25T00:42:17.798400153Z;0;cpu_core;88;local_machine;;cpu_state=irq
kernel_cpu_time_ms;2026-03-25T00:42:17.798400153Z;0;cpu_core;88;local_machine;;cpu_state=softirq
kernel_cpu_time_ms;2026-03-25T00:42:17.798400153Z;0;cpu_core;88;local_machine;;cpu_state=steal
kernel_cpu_time_ms;2026-03-25T00:42:17.798400153Z;0;cpu_core;88;local_machine;;cpu_state=guest
kernel_cpu_time_ms;2026-03-25T00:42:17.798400153Z;0;cpu_core;88;local_machine;;cpu_state=guest_nice
kernel_cpu_time_ms;2026-03-25T00:42:17.798400153Z;0;cpu_core;89;local_machine;;cpu_state=user
kernel_cpu_time_ms;2026-03-25T00:42:17.798400153Z;0;cpu_core;89;local_machine;;cpu_state=nice
kernel_cpu_time_ms;2026-03-25T00:42:17.798400153Z;0;cpu_core;89;local_machine;;cpu_state=system
kernel_cpu_time_ms;2026-03-25T00:42:17.798400153Z;500;cpu_core;89;local_machine;;cpu_state=idle
kernel_cpu_time_ms;2026-03-25T00:42:17.798400153Z;0;cpu_core;89;local_machine;;cpu_state=irq
kernel_cpu_time_ms;2026-03-25T00:42:17.798400153Z;0;cpu_core;89;local_machine;;cpu_state=softirq
kernel_cpu_time_ms;2026-03-25T00:42:17.798400153Z;0;cpu_core;89;local_machine;;cpu_state=steal
kernel_cpu_time_ms;2026-03-25T00:42:17.798400153Z;0;cpu_core;89;local_machine;;cpu_state=guest
kernel_cpu_time_ms;2026-03-25T00:42:17.798400153Z;0;cpu_core;89;local_machine;;cpu_state=guest_nice
kernel_cpu_time_ms;2026-03-25T00:42:17.798400153Z;0;cpu_core;90;local_machine;;cpu_state=user
kernel_cpu_time_ms;2026-03-25T00:42:17.798400153Z;0;cpu_core;90;local_machine;;cpu_state=nice
kernel_cpu_time_ms;2026-03-25T00:42:17.798400153Z;0;cpu_core;90;local_machine;;cpu_state=system
kernel_cpu_time_ms;2026-03-25T00:42:17.798400153Z;500;cpu_core;90;local_machine;;cpu_state=idle
kernel_cpu_time_ms;2026-03-25T00:42:17.798400153Z;0;cpu_core;90;local_machine;;cpu_state=irq
kernel_cpu_time_ms;2026-03-25T00:42:17.798400153Z;0;cpu_core;90;local_machine;;cpu_state=softirq
kernel_cpu_time_ms;2026-03-25T00:42:17.798400153Z;0;cpu_core;90;local_machine;;cpu_state=steal
kernel_cpu_time_ms;2026-03-25T00:42:17.798400153Z;0;cpu_core;90;local_machine;;cpu_state=guest
kernel_cpu_time_ms;2026-03-25T00:42:17.798400153Z;0;cpu_core;90;local_machine;;cpu_state=guest_nice
kernel_cpu_time_ms;2026-03-25T00:42:17.798400153Z;0;cpu_core;91;local_machine;;cpu_state=user
kernel_cpu_time_ms;2026-03-25T00:42:17.798400153Z;0;cpu_core;91;local_machine;;cpu_state=nice
kernel_cpu_time_ms;2026-03-25T00:42:17.798400153Z;0;cpu_core;91;local_machine;;cpu_state=system
kernel_cpu_time_ms;2026-03-25T00:42:17.798400153Z;500;cpu_core;91;local_machine;;cpu_state=idle
kernel_cpu_time_ms;2026-03-25T00:42:17.798400153Z;0;cpu_core;91;local_machine;;cpu_state=irq
kernel_cpu_time_ms;2026-03-25T00:42:17.798400153Z;0;cpu_core;91;local_machine;;cpu_state=softirq
kernel_cpu_time_ms;2026-03-25T00:42:17.798400153Z;0;cpu_core;91;local_machine;;cpu_state=steal
kernel_cpu_time_ms;2026-03-25T00:42:17.798400153Z;0;cpu_core;91;local_machine;;cpu_state=guest
kernel_cpu_time_ms;2026-03-25T00:42:17.798400153Z;0;cpu_core;91;local_machine;;cpu_state=guest_nice
kernel_cpu_time_ms;2026-03-25T00:42:17.798400153Z;0;cpu_core;92;local_machine;;cpu_state=user
kernel_cpu_time_ms;2026-03-25T00:42:17.798400153Z;0;cpu_core;92;local_machine;;cpu_state=nice
kernel_cpu_time_ms;2026-03-25T00:42:17.798400153Z;0;cpu_core;92;local_machine;;cpu_state=system
kernel_cpu_time_ms;2026-03-25T00:42:17.798400153Z;500;cpu_core;92;local_machine;;cpu_state=idle
kernel_cpu_time_ms;2026-03-25T00:42:17.798400153Z;0;cpu_core;92;local_machine;;cpu_state=irq
kernel_cpu_time_ms;2026-03-25T00:42:17.798400153Z;0;cpu_core;92;local_machine;;cpu_state=softirq
kernel_cpu_time_ms;2026-03-25T00:42:17.798400153Z;0;cpu_core;92;local_machine;;cpu_state=steal
kernel_cpu_time_ms;2026-03-25T00:42:17.798400153Z;0;cpu_core;92;local_machine;;cpu_state=guest
kernel_cpu_time_ms;2026-03-25T00:42:17.798400153Z;0;cpu_core;92;local_machine;;cpu_state=guest_nice
kernel_cpu_time_ms;2026-03-25T00:42:17.798400153Z;0;cpu_core;93;local_machine;;cpu_state=user
kernel_cpu_time_ms;2026-03-25T00:42:17.798400153Z;0;cpu_core;93;local_machine;;cpu_state=nice
kernel_cpu_time_ms;2026-03-25T00:42:17.798400153Z;0;cpu_core;93;local_machine;;cpu_state=system
kernel_cpu_time_ms;2026-03-25T00:42:17.798400153Z;500;cpu_core;93;local_machine;;cpu_state=idle
kernel_cpu_time_ms;2026-03-25T00:42:17.798400153Z;0;cpu_core;93;local_machine;;cpu_state=irq
kernel_cpu_time_ms;2026-03-25T00:42:17.798400153Z;0;cpu_core;93;local_machine;;cpu_state=softirq
kernel_cpu_time_ms;2026-03-25T00:42:17.798400153Z;0;cpu_core;93;local_machine;;cpu_state=steal
kernel_cpu_time_ms;2026-03-25T00:42:17.798400153Z;0;cpu_core;93;local_machine;;cpu_state=guest
kernel_cpu_time_ms;2026-03-25T00:42:17.798400153Z;0;cpu_core;93;local_machine;;cpu_state=guest_nice
kernel_cpu_time_ms;2026-03-25T00:42:17.798400153Z;0;cpu_core;94;local_machine;;cpu_state=user
kernel_cpu_time_ms;2026-03-25T00:42:17.798400153Z;0;cpu_core;94;local_machine;;cpu_state=nice
kernel_cpu_time_ms;2026-03-25T00:42:17.798400153Z;0;cpu_core;94;local_machine;;cpu_state=system
kernel_cpu_time_ms;2026-03-25T00:42:17.798400153Z;500;cpu_core;94;local_machine;;cpu_state=idle
kernel_cpu_time_ms;2026-03-25T00:42:17.798400153Z;0;cpu_core;94;local_machine;;cpu_state=irq
kernel_cpu_time_ms;2026-03-25T00:42:17.798400153Z;0;cpu_core;94;local_machine;;cpu_state=softirq
kernel_cpu_time_ms;2026-03-25T00:42:17.798400153Z;0;cpu_core;94;local_machine;;cpu_state=steal
kernel_cpu_time_ms;2026-03-25T00:42:17.798400153Z;0;cpu_core;94;local_machine;;cpu_state=guest
kernel_cpu_time_ms;2026-03-25T00:42:17.798400153Z;0;cpu_core;94;local_machine;;cpu_state=guest_nice
kernel_cpu_time_ms;2026-03-25T00:42:17.798400153Z;0;cpu_core;95;local_machine;;cpu_state=user
kernel_cpu_time_ms;2026-03-25T00:42:17.798400153Z;0;cpu_core;95;local_machine;;cpu_state=nice
kernel_cpu_time_ms;2026-03-25T00:42:17.798400153Z;0;cpu_core;95;local_machine;;cpu_state=system
kernel_cpu_time_ms;2026-03-25T00:42:17.798400153Z;500;cpu_core;95;local_machine;;cpu_state=idle
kernel_cpu_time_ms;2026-03-25T00:42:17.798400153Z;0;cpu_core;95;local_machine;;cpu_state=irq
kernel_cpu_time_ms;2026-03-25T00:42:17.798400153Z;0;cpu_core;95;local_machine;;cpu_state=softirq
kernel_cpu_time_ms;2026-03-25T00:42:17.798400153Z;0;cpu_core;95;local_machine;;cpu_state=steal
kernel_cpu_time_ms;2026-03-25T00:42:17.798400153Z;0;cpu_core;95;local_machine;;cpu_state=guest
kernel_cpu_time_ms;2026-03-25T00:42:17.798400153Z;0;cpu_core;95;local_machine;;cpu_state=guest_nice
kernel_context_switches;2026-03-25T00:42:17.798400153Z;1016;local_machine;;local_machine;;
kernel_new_forks;2026-03-25T00:42:17.798400153Z;0;local_machine;;local_machine;;
kernel_n_procs_running;2026-03-25T00:42:17.798400153Z;11;local_machine;;local_machine;;
kernel_n_procs_blocked;2026-03-25T00:42:17.798400153Z;0;local_machine;;local_machine;;
cpu_time_delta_ns;2026-03-25T00:42:17.299083004Z;470000000;local_machine;;process;900625;kind=user
cpu_time_delta_ns;2026-03-25T00:42:17.299083004Z;10000000;local_machine;;process;900625;kind=system
cpu_time_delta_ns;2026-03-25T00:42:17.299083004Z;0;local_machine;;process;900625;kind=guest
cpu_percent_%;2026-03-25T00:42:17.299083004Z;94.00972380177171;local_machine;;process;900625;kind=user
cpu_percent_%;2026-03-25T00:42:17.299083004Z;94.00972380177171;local_machine;;process;900625;kind=system
cpu_percent_%;2026-03-25T00:42:17.299083004Z;96.0099306911711;local_machine;;process;900625;kind=total
memory_usage_B;2026-03-25T00:42:17.299083004Z;1031778304;local_machine;;process;900625;kind=resident
memory_usage_B;2026-03-25T00:42:17.299083004Z;361144320;local_machine;;process;900625;kind=shared
memory_usage_B;2026-03-25T00:42:17.299083004Z;23251116032;local_machine;;process;900625;kind=virtual
cpu_time_delta_ns;2026-03-25T00:42:17.799084246Z;360000000;local_machine;;process;900625;kind=user
cpu_time_delta_ns;2026-03-25T00:42:17.799084246Z;150000000;local_machine;;process;900625;kind=system
cpu_time_delta_ns;2026-03-25T00:42:17.799084246Z;0;local_machine;;process;900625;kind=guest
cpu_percent_%;2026-03-25T00:42:17.799084246Z;71.99982115244426;local_machine;;process;900625;kind=user
cpu_percent_%;2026-03-25T00:42:17.799084246Z;71.99982115244426;local_machine;;process;900625;kind=system
cpu_percent_%;2026-03-25T00:42:17.799084246Z;101.99974663262937;local_machine;;process;900625;kind=total
memory_usage_B;2026-03-25T00:42:17.799084246Z;0;local_machine;;process;900625;kind=resident
memory_usage_B;2026-03-25T00:42:17.799084246Z;0;local_machine;;process;900625;kind=shared
memory_usage_B;2026-03-25T00:42:17.799084246Z;0;local_machine;;process;900625;kind=virtual
attributed_energy_cpu_J;2026-03-25T00:42:17.298258197Z;148.0346255819704;local_machine;;process;900625;domain=package_total,kind=total
attributed_energy_cpu_J;2026-03-25T00:42:17.798258303Z;159.14463165867096;local_machine;;process;900625;domain=package_total,kind=total
nvml_energy_consumption_mJ;2026-03-25T00:42:17.298917023Z;17054;gpu;00000000:C3:00.0;local_machine;;
nvml_instant_power_mW;2026-03-25T00:42:17.298917023Z;34230;gpu;00000000:C3:00.0;local_machine;;
nvml_temperature_gpu_°C;2026-03-25T00:42:17.298917023Z;27;gpu;00000000:C3:00.0;local_machine;;
nvml_gpu_utilization_%;2026-03-25T00:42:17.298917023Z;0;gpu;00000000:C3:00.0;local_machine;;
nvml_memory_utilization_%;2026-03-25T00:42:17.298917023Z;0;gpu;00000000:C3:00.0;local_machine;;
nvml_decoder_utilization_%;2026-03-25T00:42:17.298917023Z;0;gpu;00000000:C3:00.0;local_machine;;
nvml_decoder_sampling_period_μs;2026-03-25T00:42:17.298917023Z;100000;gpu;00000000:C3:00.0;local_machine;;
nvml_encoder_utilization_%;2026-03-25T00:42:17.298917023Z;0;gpu;00000000:C3:00.0;local_machine;;
nvml_encoder_sampling_period_μs;2026-03-25T00:42:17.298917023Z;100000;gpu;00000000:C3:00.0;local_machine;;
nvml_n_compute_processes;2026-03-25T00:42:17.298917023Z;0;gpu;00000000:C3:00.0;local_machine;;
nvml_n_graphic_processes;2026-03-25T00:42:17.298917023Z;0;gpu;00000000:C3:00.0;local_machine;;
nvml_energy_consumption_mJ;2026-03-25T00:42:17.798909585Z;17075;gpu;00000000:C3:00.0;local_machine;;
nvml_instant_power_mW;2026-03-25T00:42:17.798909585Z;34230;gpu;00000000:C3:00.0;local_machine;;
nvml_temperature_gpu_°C;2026-03-25T00:42:17.798909585Z;27;gpu;00000000:C3:00.0;local_machine;;
nvml_gpu_utilization_%;2026-03-25T00:42:17.798909585Z;0;gpu;00000000:C3:00.0;local_machine;;
nvml_memory_utilization_%;2026-03-25T00:42:17.798909585Z;0;gpu;00000000:C3:00.0;local_machine;;
nvml_decoder_utilization_%;2026-03-25T00:42:17.798909585Z;0;gpu;00000000:C3:00.0;local_machine;;
nvml_decoder_sampling_period_μs;2026-03-25T00:42:17.798909585Z;100000;gpu;00000000:C3:00.0;local_machine;;
nvml_encoder_utilization_%;2026-03-25T00:42:17.798909585Z;0;gpu;00000000:C3:00.0;local_machine;;
nvml_encoder_sampling_period_μs;2026-03-25T00:42:17.798909585Z;100000;gpu;00000000:C3:00.0;local_machine;;
nvml_n_compute_processes;2026-03-25T00:42:17.798909585Z;0;gpu;00000000:C3:00.0;local_machine;;
nvml_n_graphic_processes;2026-03-25T00:42:17.798909585Z;0;gpu;00000000:C3:00.0;local_machine;;
nvml_energy_consumption_mJ;2026-03-25T00:42:17.298538666Z;44001;gpu;00000000:3F:00.0;local_machine;;
nvml_instant_power_mW;2026-03-25T00:42:17.298538666Z;84260;gpu;00000000:3F:00.0;local_machine;;
nvml_temperature_gpu_°C;2026-03-25T00:42:17.298538666Z;30;gpu;00000000:3F:00.0;local_machine;;
nvml_gpu_utilization_%;2026-03-25T00:42:17.298538666Z;9;gpu;00000000:3F:00.0;local_machine;;
nvml_memory_utilization_%;2026-03-25T00:42:17.298538666Z;0;gpu;00000000:3F:00.0;local_machine;;
nvml_decoder_utilization_%;2026-03-25T00:42:17.298538666Z;0;gpu;00000000:3F:00.0;local_machine;;
nvml_decoder_sampling_period_μs;2026-03-25T00:42:17.298538666Z;100000;gpu;00000000:3F:00.0;local_machine;;
nvml_encoder_utilization_%;2026-03-25T00:42:17.298538666Z;0;gpu;00000000:3F:00.0;local_machine;;
nvml_encoder_sampling_period_μs;2026-03-25T00:42:17.298538666Z;100000;gpu;00000000:3F:00.0;local_machine;;
nvml_n_compute_processes;2026-03-25T00:42:17.298538666Z;1;gpu;00000000:3F:00.0;local_machine;;
nvml_n_graphic_processes;2026-03-25T00:42:17.298538666Z;0;gpu;00000000:3F:00.0;local_machine;;
nvml_sm_utilization_%;2026-03-25T00:42:17.298538666Z;4;gpu;00000000:3F:00.0;process;900625;
nvml_memory_utilization_%;2026-03-25T00:42:17.298538666Z;0;gpu;00000000:3F:00.0;process;900625;
nvml_encoder_utilization_%;2026-03-25T00:42:17.298538666Z;0;gpu;00000000:3F:00.0;process;900625;
nvml_decoder_utilization_%;2026-03-25T00:42:17.298538666Z;0;gpu;00000000:3F:00.0;process;900625;
nvml_energy_consumption_mJ;2026-03-25T00:42:17.798523741Z;40764;gpu;00000000:3F:00.0;local_machine;;
nvml_instant_power_mW;2026-03-25T00:42:17.798523741Z;85030;gpu;00000000:3F:00.0;local_machine;;
nvml_temperature_gpu_°C;2026-03-25T00:42:17.798523741Z;30;gpu;00000000:3F:00.0;local_machine;;
nvml_gpu_utilization_%;2026-03-25T00:42:17.798523741Z;0;gpu;00000000:3F:00.0;local_machine;;
nvml_memory_utilization_%;2026-03-25T00:42:17.798523741Z;0;gpu;00000000:3F:00.0;local_machine;;
nvml_decoder_utilization_%;2026-03-25T00:42:17.798523741Z;0;gpu;00000000:3F:00.0;local_machine;;
nvml_decoder_sampling_period_μs;2026-03-25T00:42:17.798523741Z;100000;gpu;00000000:3F:00.0;local_machine;;
nvml_encoder_utilization_%;2026-03-25T00:42:17.798523741Z;0;gpu;00000000:3F:00.0;local_machine;;
nvml_encoder_sampling_period_μs;2026-03-25T00:42:17.798523741Z;100000;gpu;00000000:3F:00.0;local_machine;;
nvml_n_compute_processes;2026-03-25T00:42:17.798523741Z;1;gpu;00000000:3F:00.0;local_machine;;
nvml_n_graphic_processes;2026-03-25T00:42:17.798523741Z;0;gpu;00000000:3F:00.0;local_machine;;
nvml_sm_utilization_%;2026-03-25T00:42:17.798523741Z;4;gpu;00000000:3F:00.0;process;900625;
nvml_memory_utilization_%;2026-03-25T00:42:17.798523741Z;0;gpu;00000000:3F:00.0;process;900625;
nvml_encoder_utilization_%;2026-03-25T00:42:17.798523741Z;0;gpu;00000000:3F:00.0;process;900625;
nvml_decoder_utilization_%;2026-03-25T00:42:17.798523741Z;0;gpu;00000000:3F:00.0;process;900625;
attributed_energy_gpu_J;2026-03-25T00:42:17.298538666Z;1.76004;gpu;00000000:3F:00.0;process;900625;
attributed_energy_gpu_J;2026-03-25T00:42:17.798523741Z;1.63056;gpu;00000000:3F:00.0;process;900625;
nvml_energy_consumption_mJ;2026-03-25T00:42:17.298350331Z;16145;gpu;00000000:56:00.0;local_machine;;
nvml_instant_power_mW;2026-03-25T00:42:17.298350331Z;32337;gpu;00000000:56:00.0;local_machine;;
nvml_temperature_gpu_°C;2026-03-25T00:42:17.298350331Z;28;gpu;00000000:56:00.0;local_machine;;
nvml_gpu_utilization_%;2026-03-25T00:42:17.298350331Z;0;gpu;00000000:56:00.0;local_machine;;
nvml_memory_utilization_%;2026-03-25T00:42:17.298350331Z;0;gpu;00000000:56:00.0;local_machine;;
nvml_decoder_utilization_%;2026-03-25T00:42:17.298350331Z;0;gpu;00000000:56:00.0;local_machine;;
nvml_decoder_sampling_period_μs;2026-03-25T00:42:17.298350331Z;100000;gpu;00000000:56:00.0;local_machine;;
nvml_encoder_utilization_%;2026-03-25T00:42:17.298350331Z;0;gpu;00000000:56:00.0;local_machine;;
nvml_encoder_sampling_period_μs;2026-03-25T00:42:17.298350331Z;100000;gpu;00000000:56:00.0;local_machine;;
nvml_n_compute_processes;2026-03-25T00:42:17.298350331Z;0;gpu;00000000:56:00.0;local_machine;;
nvml_n_graphic_processes;2026-03-25T00:42:17.298350331Z;0;gpu;00000000:56:00.0;local_machine;;
nvml_energy_consumption_mJ;2026-03-25T00:42:17.798362344Z;16248;gpu;00000000:56:00.0;local_machine;;
nvml_instant_power_mW;2026-03-25T00:42:17.798362344Z;32337;gpu;00000000:56:00.0;local_machine;;
nvml_temperature_gpu_°C;2026-03-25T00:42:17.798362344Z;28;gpu;00000000:56:00.0;local_machine;;
nvml_gpu_utilization_%;2026-03-25T00:42:17.798362344Z;0;gpu;00000000:56:00.0;local_machine;;
nvml_memory_utilization_%;2026-03-25T00:42:17.798362344Z;0;gpu;00000000:56:00.0;local_machine;;
nvml_decoder_utilization_%;2026-03-25T00:42:17.798362344Z;0;gpu;00000000:56:00.0;local_machine;;
nvml_decoder_sampling_period_μs;2026-03-25T00:42:17.798362344Z;100000;gpu;00000000:56:00.0;local_machine;;
nvml_encoder_utilization_%;2026-03-25T00:42:17.798362344Z;0;gpu;00000000:56:00.0;local_machine;;
nvml_encoder_sampling_period_μs;2026-03-25T00:42:17.798362344Z;100000;gpu;00000000:56:00.0;local_machine;;
nvml_n_compute_processes;2026-03-25T00:42:17.798362344Z;0;gpu;00000000:56:00.0;local_machine;;
nvml_n_graphic_processes;2026-03-25T00:42:17.798362344Z;0;gpu;00000000:56:00.0;local_machine;;
nvml_energy_consumption_mJ;2026-03-25T00:42:17.298808548Z;17178;gpu;00000000:DA:00.0;local_machine;;
nvml_instant_power_mW;2026-03-25T00:42:17.298808548Z;34561;gpu;00000000:DA:00.0;local_machine;;
nvml_temperature_gpu_°C;2026-03-25T00:42:17.298808548Z;27;gpu;00000000:DA:00.0;local_machine;;
nvml_gpu_utilization_%;2026-03-25T00:42:17.298808548Z;0;gpu;00000000:DA:00.0;local_machine;;
nvml_memory_utilization_%;2026-03-25T00:42:17.298808548Z;0;gpu;00000000:DA:00.0;local_machine;;
nvml_decoder_utilization_%;2026-03-25T00:42:17.298808548Z;0;gpu;00000000:DA:00.0;local_machine;;
nvml_decoder_sampling_period_μs;2026-03-25T00:42:17.298808548Z;100000;gpu;00000000:DA:00.0;local_machine;;
nvml_encoder_utilization_%;2026-03-25T00:42:17.298808548Z;0;gpu;00000000:DA:00.0;local_machine;;
nvml_encoder_sampling_period_μs;2026-03-25T00:42:17.298808548Z;100000;gpu;00000000:DA:00.0;local_machine;;
nvml_n_compute_processes;2026-03-25T00:42:17.298808548Z;0;gpu;00000000:DA:00.0;local_machine;;
nvml_n_graphic_processes;2026-03-25T00:42:17.298808548Z;0;gpu;00000000:DA:00.0;local_machine;;
nvml_energy_consumption_mJ;2026-03-25T00:42:17.798804237Z;17191;gpu;00000000:DA:00.0;local_machine;;
nvml_instant_power_mW;2026-03-25T00:42:17.798804237Z;34516;gpu;00000000:DA:00.0;local_machine;;
nvml_temperature_gpu_°C;2026-03-25T00:42:17.798804237Z;27;gpu;00000000:DA:00.0;local_machine;;
nvml_gpu_utilization_%;2026-03-25T00:42:17.798804237Z;0;gpu;00000000:DA:00.0;local_machine;;
nvml_memory_utilization_%;2026-03-25T00:42:17.798804237Z;0;gpu;00000000:DA:00.0;local_machine;;
nvml_decoder_utilization_%;2026-03-25T00:42:17.798804237Z;0;gpu;00000000:DA:00.0;local_machine;;
nvml_decoder_sampling_period_μs;2026-03-25T00:42:17.798804237Z;100000;gpu;00000000:DA:00.0;local_machine;;
nvml_encoder_utilization_%;2026-03-25T00:42:17.798804237Z;0;gpu;00000000:DA:00.0;local_machine;;
nvml_encoder_sampling_period_μs;2026-03-25T00:42:17.798804237Z;100000;gpu;00000000:DA:00.0;local_machine;;
nvml_n_compute_processes;2026-03-25T00:42:17.798804237Z;0;gpu;00000000:DA:00.0;local_machine;;
nvml_n_graphic_processes;2026-03-25T00:42:17.798804237Z;0;gpu;00000000:DA:00.0;local_machine;;
perf_hardware_CPU_CYCLES;2026-03-25T00:42:17.823751445Z;5675149143;local_machine;;process;900625;
perf_hardware_INSTRUCTIONS;2026-03-25T00:42:17.823751445Z;10388068642;local_machine;;process;900625;
perf_hardware_CACHE_REFERENCES;2026-03-25T00:42:17.823751445Z;59550745;local_machine;;process;900625;
perf_hardware_CACHE_MISSES;2026-03-25T00:42:17.823751445Z;4996388;local_machine;;process;900625;
perf_hardware_BRANCH_INSTRUCTIONS;2026-03-25T00:42:17.823751445Z;2160819640;local_machine;;process;900625;
perf_hardware_BRANCH_MISSES;2026-03-25T00:42:17.823751445Z;44510604;local_machine;;process;900625;
perf_hardware_BUS_CYCLES;2026-03-25T00:42:17.823751445Z;6202302728;local_machine;;process;900625;
perf_hardware_REF_CPU_CYCLES;2026-03-25T00:42:17.823751445Z;6202304568;local_machine;;process;900625;
perf_software_PAGE_FAULTS;2026-03-25T00:42:17.823751445Z;211706;local_machine;;process;900625;
perf_software_CONTEXT_SWITCHES;2026-03-25T00:42:17.823751445Z;0;local_machine;;process;900625;
perf_software_CPU_MIGRATIONS;2026-03-25T00:42:17.823751445Z;0;local_machine;;process;900625;
perf_software_PAGE_FAULTS_MIN;2026-03-25T00:42:17.823751445Z;211706;local_machine;;process;900625;
perf_software_PAGE_FAULTS_MAJ;2026-03-25T00:42:17.823751445Z;0;local_machine;;process;900625;
perf_software_ALIGNMENT_FAULTS;2026-03-25T00:42:17.823751445Z;0;local_machine;;process;900625;
perf_software_EMULATION_FAULTS;2026-03-25T00:42:17.823751445Z;0;local_machine;;process;900625;
perf_software_CGROUP_SWITCHES;2026-03-25T00:42:17.823751445Z;0;local_machine;;process;900625;
perf_hardware_CPU_CYCLES;2026-03-25T00:42:17.927220265Z;5675149143;local_machine;;process;900625;
perf_hardware_INSTRUCTIONS;2026-03-25T00:42:17.927220265Z;10388068642;local_machine;;process;900625;
perf_hardware_CACHE_REFERENCES;2026-03-25T00:42:17.927220265Z;59550745;local_machine;;process;900625;
perf_hardware_CACHE_MISSES;2026-03-25T00:42:17.927220265Z;4996388;local_machine;;process;900625;
perf_hardware_BRANCH_INSTRUCTIONS;2026-03-25T00:42:17.927220265Z;2160819640;local_machine;;process;900625;
perf_hardware_BRANCH_MISSES;2026-03-25T00:42:17.927220265Z;44510604;local_machine;;process;900625;
perf_hardware_BUS_CYCLES;2026-03-25T00:42:17.927220265Z;6202302728;local_machine;;process;900625;
perf_hardware_REF_CPU_CYCLES;2026-03-25T00:42:17.927220265Z;6202304568;local_machine;;process;900625;
perf_software_PAGE_FAULTS;2026-03-25T00:42:17.927220265Z;211706;local_machine;;process;900625;
perf_software_CONTEXT_SWITCHES;2026-03-25T00:42:17.927220265Z;0;local_machine;;process;900625;
perf_software_CPU_MIGRATIONS;2026-03-25T00:42:17.927220265Z;0;local_machine;;process;900625;
perf_software_PAGE_FAULTS_MIN;2026-03-25T00:42:17.927220265Z;211706;local_machine;;process;900625;
perf_software_PAGE_FAULTS_MAJ;2026-03-25T00:42:17.927220265Z;0;local_machine;;process;900625;
perf_software_ALIGNMENT_FAULTS;2026-03-25T00:42:17.927220265Z;0;local_machine;;process;900625;
perf_software_EMULATION_FAULTS;2026-03-25T00:42:17.927220265Z;0;local_machine;;process;900625;
perf_software_CGROUP_SWITCHES;2026-03-25T00:42:17.927220265Z;0;local_machine;;process;900625;
mem_total_kB;2026-03-25T00:42:17.927558222Z;1081669578752;local_machine;;local_machine;;
mem_free_kB;2026-03-25T00:42:17.927558222Z;1027319418880;local_machine;;local_machine;;
mem_available_kB;2026-03-25T00:42:17.927558222Z;1063793676288;local_machine;;local_machine;;
cached_kB;2026-03-25T00:42:17.927558222Z;33521848320;local_machine;;local_machine;;
swap_cached_kB;2026-03-25T00:42:17.927558222Z;0;local_machine;;local_machine;;
active_kB;2026-03-25T00:42:17.927558222Z;7332794368;local_machine;;local_machine;;
inactive_kB;2026-03-25T00:42:17.927558222Z;34537988096;local_machine;;local_machine;;
mapped_kB;2026-03-25T00:42:17.927558222Z;468480000;local_machine;;local_machine;;
kernel_cpu_time_ms;2026-03-25T00:42:17.927301184Z;170;local_machine;;local_machine;;cpu_state=user
kernel_cpu_time_ms;2026-03-25T00:42:17.927301184Z;0;local_machine;;local_machine;;cpu_state=nice
kernel_cpu_time_ms;2026-03-25T00:42:17.927301184Z;170;local_machine;;local_machine;;cpu_state=system
kernel_cpu_time_ms;2026-03-25T00:42:17.927301184Z;12030;local_machine;;local_machine;;cpu_state=idle
kernel_cpu_time_ms;2026-03-25T00:42:17.927301184Z;0;local_machine;;local_machine;;cpu_state=irq
kernel_cpu_time_ms;2026-03-25T00:42:17.927301184Z;0;local_machine;;local_machine;;cpu_state=softirq
kernel_cpu_time_ms;2026-03-25T00:42:17.927301184Z;0;local_machine;;local_machine;;cpu_state=steal
kernel_cpu_time_ms;2026-03-25T00:42:17.927301184Z;0;local_machine;;local_machine;;cpu_state=guest
kernel_cpu_time_ms;2026-03-25T00:42:17.927301184Z;0;local_machine;;local_machine;;cpu_state=guest_nice
kernel_cpu_time_ms;2026-03-25T00:42:17.927301184Z;0;cpu_core;0;local_machine;;cpu_state=user
kernel_cpu_time_ms;2026-03-25T00:42:17.927301184Z;0;cpu_core;0;local_machine;;cpu_state=nice
kernel_cpu_time_ms;2026-03-25T00:42:17.927301184Z;30;cpu_core;0;local_machine;;cpu_state=system
kernel_cpu_time_ms;2026-03-25T00:42:17.927301184Z;100;cpu_core;0;local_machine;;cpu_state=idle
kernel_cpu_time_ms;2026-03-25T00:42:17.927301184Z;0;cpu_core;0;local_machine;;cpu_state=irq
kernel_cpu_time_ms;2026-03-25T00:42:17.927301184Z;0;cpu_core;0;local_machine;;cpu_state=softirq
kernel_cpu_time_ms;2026-03-25T00:42:17.927301184Z;0;cpu_core;0;local_machine;;cpu_state=steal
kernel_cpu_time_ms;2026-03-25T00:42:17.927301184Z;0;cpu_core;0;local_machine;;cpu_state=guest
kernel_cpu_time_ms;2026-03-25T00:42:17.927301184Z;0;cpu_core;0;local_machine;;cpu_state=guest_nice
kernel_cpu_time_ms;2026-03-25T00:42:17.927301184Z;0;cpu_core;1;local_machine;;cpu_state=user
kernel_cpu_time_ms;2026-03-25T00:42:17.927301184Z;0;cpu_core;1;local_machine;;cpu_state=nice
kernel_cpu_time_ms;2026-03-25T00:42:17.927301184Z;0;cpu_core;1;local_machine;;cpu_state=system
kernel_cpu_time_ms;2026-03-25T00:42:17.927301184Z;130;cpu_core;1;local_machine;;cpu_state=idle
kernel_cpu_time_ms;2026-03-25T00:42:17.927301184Z;0;cpu_core;1;local_machine;;cpu_state=irq
kernel_cpu_time_ms;2026-03-25T00:42:17.927301184Z;0;cpu_core;1;local_machine;;cpu_state=softirq
kernel_cpu_time_ms;2026-03-25T00:42:17.927301184Z;0;cpu_core;1;local_machine;;cpu_state=steal
kernel_cpu_time_ms;2026-03-25T00:42:17.927301184Z;0;cpu_core;1;local_machine;;cpu_state=guest
kernel_cpu_time_ms;2026-03-25T00:42:17.927301184Z;0;cpu_core;1;local_machine;;cpu_state=guest_nice
kernel_cpu_time_ms;2026-03-25T00:42:17.927301184Z;0;cpu_core;2;local_machine;;cpu_state=user
kernel_cpu_time_ms;2026-03-25T00:42:17.927301184Z;0;cpu_core;2;local_machine;;cpu_state=nice
kernel_cpu_time_ms;2026-03-25T00:42:17.927301184Z;0;cpu_core;2;local_machine;;cpu_state=system
kernel_cpu_time_ms;2026-03-25T00:42:17.927301184Z;120;cpu_core;2;local_machine;;cpu_state=idle
kernel_cpu_time_ms;2026-03-25T00:42:17.927301184Z;0;cpu_core;2;local_machine;;cpu_state=irq
kernel_cpu_time_ms;2026-03-25T00:42:17.927301184Z;0;cpu_core;2;local_machine;;cpu_state=softirq
kernel_cpu_time_ms;2026-03-25T00:42:17.927301184Z;0;cpu_core;2;local_machine;;cpu_state=steal
kernel_cpu_time_ms;2026-03-25T00:42:17.927301184Z;0;cpu_core;2;local_machine;;cpu_state=guest
kernel_cpu_time_ms;2026-03-25T00:42:17.927301184Z;0;cpu_core;2;local_machine;;cpu_state=guest_nice
kernel_cpu_time_ms;2026-03-25T00:42:17.927301184Z;0;cpu_core;3;local_machine;;cpu_state=user
kernel_cpu_time_ms;2026-03-25T00:42:17.927301184Z;0;cpu_core;3;local_machine;;cpu_state=nice
kernel_cpu_time_ms;2026-03-25T00:42:17.927301184Z;0;cpu_core;3;local_machine;;cpu_state=system
kernel_cpu_time_ms;2026-03-25T00:42:17.927301184Z;130;cpu_core;3;local_machine;;cpu_state=idle
kernel_cpu_time_ms;2026-03-25T00:42:17.927301184Z;0;cpu_core;3;local_machine;;cpu_state=irq
kernel_cpu_time_ms;2026-03-25T00:42:17.927301184Z;0;cpu_core;3;local_machine;;cpu_state=softirq
kernel_cpu_time_ms;2026-03-25T00:42:17.927301184Z;0;cpu_core;3;local_machine;;cpu_state=steal
kernel_cpu_time_ms;2026-03-25T00:42:17.927301184Z;0;cpu_core;3;local_machine;;cpu_state=guest
kernel_cpu_time_ms;2026-03-25T00:42:17.927301184Z;0;cpu_core;3;local_machine;;cpu_state=guest_nice
kernel_cpu_time_ms;2026-03-25T00:42:17.927301184Z;0;cpu_core;4;local_machine;;cpu_state=user
kernel_cpu_time_ms;2026-03-25T00:42:17.927301184Z;0;cpu_core;4;local_machine;;cpu_state=nice
kernel_cpu_time_ms;2026-03-25T00:42:17.927301184Z;0;cpu_core;4;local_machine;;cpu_state=system
kernel_cpu_time_ms;2026-03-25T00:42:17.927301184Z;130;cpu_core;4;local_machine;;cpu_state=idle
kernel_cpu_time_ms;2026-03-25T00:42:17.927301184Z;0;cpu_core;4;local_machine;;cpu_state=irq
kernel_cpu_time_ms;2026-03-25T00:42:17.927301184Z;0;cpu_core;4;local_machine;;cpu_state=softirq
kernel_cpu_time_ms;2026-03-25T00:42:17.927301184Z;0;cpu_core;4;local_machine;;cpu_state=steal
kernel_cpu_time_ms;2026-03-25T00:42:17.927301184Z;0;cpu_core;4;local_machine;;cpu_state=guest
kernel_cpu_time_ms;2026-03-25T00:42:17.927301184Z;0;cpu_core;4;local_machine;;cpu_state=guest_nice
kernel_cpu_time_ms;2026-03-25T00:42:17.927301184Z;0;cpu_core;5;local_machine;;cpu_state=user
kernel_cpu_time_ms;2026-03-25T00:42:17.927301184Z;0;cpu_core;5;local_machine;;cpu_state=nice
kernel_cpu_time_ms;2026-03-25T00:42:17.927301184Z;0;cpu_core;5;local_machine;;cpu_state=system
kernel_cpu_time_ms;2026-03-25T00:42:17.927301184Z;130;cpu_core;5;local_machine;;cpu_state=idle
kernel_cpu_time_ms;2026-03-25T00:42:17.927301184Z;0;cpu_core;5;local_machine;;cpu_state=irq
kernel_cpu_time_ms;2026-03-25T00:42:17.927301184Z;0;cpu_core;5;local_machine;;cpu_state=softirq
kernel_cpu_time_ms;2026-03-25T00:42:17.927301184Z;0;cpu_core;5;local_machine;;cpu_state=steal
kernel_cpu_time_ms;2026-03-25T00:42:17.927301184Z;0;cpu_core;5;local_machine;;cpu_state=guest
kernel_cpu_time_ms;2026-03-25T00:42:17.927301184Z;0;cpu_core;5;local_machine;;cpu_state=guest_nice
kernel_cpu_time_ms;2026-03-25T00:42:17.927301184Z;0;cpu_core;6;local_machine;;cpu_state=user
kernel_cpu_time_ms;2026-03-25T00:42:17.927301184Z;0;cpu_core;6;local_machine;;cpu_state=nice
kernel_cpu_time_ms;2026-03-25T00:42:17.927301184Z;0;cpu_core;6;local_machine;;cpu_state=system
kernel_cpu_time_ms;2026-03-25T00:42:17.927301184Z;130;cpu_core;6;local_machine;;cpu_state=idle
kernel_cpu_time_ms;2026-03-25T00:42:17.927301184Z;0;cpu_core;6;local_machine;;cpu_state=irq
kernel_cpu_time_ms;2026-03-25T00:42:17.927301184Z;0;cpu_core;6;local_machine;;cpu_state=softirq
kernel_cpu_time_ms;2026-03-25T00:42:17.927301184Z;0;cpu_core;6;local_machine;;cpu_state=steal
kernel_cpu_time_ms;2026-03-25T00:42:17.927301184Z;0;cpu_core;6;local_machine;;cpu_state=guest
kernel_cpu_time_ms;2026-03-25T00:42:17.927301184Z;0;cpu_core;6;local_machine;;cpu_state=guest_nice
kernel_cpu_time_ms;2026-03-25T00:42:17.927301184Z;0;cpu_core;7;local_machine;;cpu_state=user
kernel_cpu_time_ms;2026-03-25T00:42:17.927301184Z;0;cpu_core;7;local_machine;;cpu_state=nice
kernel_cpu_time_ms;2026-03-25T00:42:17.927301184Z;0;cpu_core;7;local_machine;;cpu_state=system
kernel_cpu_time_ms;2026-03-25T00:42:17.927301184Z;130;cpu_core;7;local_machine;;cpu_state=idle
kernel_cpu_time_ms;2026-03-25T00:42:17.927301184Z;0;cpu_core;7;local_machine;;cpu_state=irq
kernel_cpu_time_ms;2026-03-25T00:42:17.927301184Z;0;cpu_core;7;local_machine;;cpu_state=softirq
kernel_cpu_time_ms;2026-03-25T00:42:17.927301184Z;0;cpu_core;7;local_machine;;cpu_state=steal
kernel_cpu_time_ms;2026-03-25T00:42:17.927301184Z;0;cpu_core;7;local_machine;;cpu_state=guest
kernel_cpu_time_ms;2026-03-25T00:42:17.927301184Z;0;cpu_core;7;local_machine;;cpu_state=guest_nice
kernel_cpu_time_ms;2026-03-25T00:42:17.927301184Z;0;cpu_core;8;local_machine;;cpu_state=user
kernel_cpu_time_ms;2026-03-25T00:42:17.927301184Z;0;cpu_core;8;local_machine;;cpu_state=nice
kernel_cpu_time_ms;2026-03-25T00:42:17.927301184Z;0;cpu_core;8;local_machine;;cpu_state=system
kernel_cpu_time_ms;2026-03-25T00:42:17.927301184Z;130;cpu_core;8;local_machine;;cpu_state=idle
kernel_cpu_time_ms;2026-03-25T00:42:17.927301184Z;0;cpu_core;8;local_machine;;cpu_state=irq
kernel_cpu_time_ms;2026-03-25T00:42:17.927301184Z;0;cpu_core;8;local_machine;;cpu_state=softirq
kernel_cpu_time_ms;2026-03-25T00:42:17.927301184Z;0;cpu_core;8;local_machine;;cpu_state=steal
kernel_cpu_time_ms;2026-03-25T00:42:17.927301184Z;0;cpu_core;8;local_machine;;cpu_state=guest
kernel_cpu_time_ms;2026-03-25T00:42:17.927301184Z;0;cpu_core;8;local_machine;;cpu_state=guest_nice
kernel_cpu_time_ms;2026-03-25T00:42:17.927301184Z;0;cpu_core;9;local_machine;;cpu_state=user
kernel_cpu_time_ms;2026-03-25T00:42:17.927301184Z;0;cpu_core;9;local_machine;;cpu_state=nice
kernel_cpu_time_ms;2026-03-25T00:42:17.927301184Z;0;cpu_core;9;local_machine;;cpu_state=system
kernel_cpu_time_ms;2026-03-25T00:42:17.927301184Z;130;cpu_core;9;local_machine;;cpu_state=idle
kernel_cpu_time_ms;2026-03-25T00:42:17.927301184Z;0;cpu_core;9;local_machine;;cpu_state=irq
kernel_cpu_time_ms;2026-03-25T00:42:17.927301184Z;0;cpu_core;9;local_machine;;cpu_state=softirq
kernel_cpu_time_ms;2026-03-25T00:42:17.927301184Z;0;cpu_core;9;local_machine;;cpu_state=steal
kernel_cpu_time_ms;2026-03-25T00:42:17.927301184Z;0;cpu_core;9;local_machine;;cpu_state=guest
kernel_cpu_time_ms;2026-03-25T00:42:17.927301184Z;0;cpu_core;9;local_machine;;cpu_state=guest_nice
kernel_cpu_time_ms;2026-03-25T00:42:17.927301184Z;0;cpu_core;10;local_machine;;cpu_state=user
kernel_cpu_time_ms;2026-03-25T00:42:17.927301184Z;0;cpu_core;10;local_machine;;cpu_state=nice
kernel_cpu_time_ms;2026-03-25T00:42:17.927301184Z;0;cpu_core;10;local_machine;;cpu_state=system
kernel_cpu_time_ms;2026-03-25T00:42:17.927301184Z;130;cpu_core;10;local_machine;;cpu_state=idle
kernel_cpu_time_ms;2026-03-25T00:42:17.927301184Z;0;cpu_core;10;local_machine;;cpu_state=irq
kernel_cpu_time_ms;2026-03-25T00:42:17.927301184Z;0;cpu_core;10;local_machine;;cpu_state=softirq
kernel_cpu_time_ms;2026-03-25T00:42:17.927301184Z;0;cpu_core;10;local_machine;;cpu_state=steal
kernel_cpu_time_ms;2026-03-25T00:42:17.927301184Z;0;cpu_core;10;local_machine;;cpu_state=guest
kernel_cpu_time_ms;2026-03-25T00:42:17.927301184Z;0;cpu_core;10;local_machine;;cpu_state=guest_nice
kernel_cpu_time_ms;2026-03-25T00:42:17.927301184Z;0;cpu_core;11;local_machine;;cpu_state=user
kernel_cpu_time_ms;2026-03-25T00:42:17.927301184Z;0;cpu_core;11;local_machine;;cpu_state=nice
kernel_cpu_time_ms;2026-03-25T00:42:17.927301184Z;0;cpu_core;11;local_machine;;cpu_state=system
kernel_cpu_time_ms;2026-03-25T00:42:17.927301184Z;130;cpu_core;11;local_machine;;cpu_state=idle
kernel_cpu_time_ms;2026-03-25T00:42:17.927301184Z;0;cpu_core;11;local_machine;;cpu_state=irq
kernel_cpu_time_ms;2026-03-25T00:42:17.927301184Z;0;cpu_core;11;local_machine;;cpu_state=softirq
kernel_cpu_time_ms;2026-03-25T00:42:17.927301184Z;0;cpu_core;11;local_machine;;cpu_state=steal
kernel_cpu_time_ms;2026-03-25T00:42:17.927301184Z;0;cpu_core;11;local_machine;;cpu_state=guest
kernel_cpu_time_ms;2026-03-25T00:42:17.927301184Z;0;cpu_core;11;local_machine;;cpu_state=guest_nice
kernel_cpu_time_ms;2026-03-25T00:42:17.927301184Z;0;cpu_core;12;local_machine;;cpu_state=user
kernel_cpu_time_ms;2026-03-25T00:42:17.927301184Z;0;cpu_core;12;local_machine;;cpu_state=nice
kernel_cpu_time_ms;2026-03-25T00:42:17.927301184Z;0;cpu_core;12;local_machine;;cpu_state=system
kernel_cpu_time_ms;2026-03-25T00:42:17.927301184Z;130;cpu_core;12;local_machine;;cpu_state=idle
kernel_cpu_time_ms;2026-03-25T00:42:17.927301184Z;0;cpu_core;12;local_machine;;cpu_state=irq
kernel_cpu_time_ms;2026-03-25T00:42:17.927301184Z;0;cpu_core;12;local_machine;;cpu_state=softirq
kernel_cpu_time_ms;2026-03-25T00:42:17.927301184Z;0;cpu_core;12;local_machine;;cpu_state=steal
kernel_cpu_time_ms;2026-03-25T00:42:17.927301184Z;0;cpu_core;12;local_machine;;cpu_state=guest
kernel_cpu_time_ms;2026-03-25T00:42:17.927301184Z;0;cpu_core;12;local_machine;;cpu_state=guest_nice
kernel_cpu_time_ms;2026-03-25T00:42:17.927301184Z;0;cpu_core;13;local_machine;;cpu_state=user
kernel_cpu_time_ms;2026-03-25T00:42:17.927301184Z;0;cpu_core;13;local_machine;;cpu_state=nice
kernel_cpu_time_ms;2026-03-25T00:42:17.927301184Z;0;cpu_core;13;local_machine;;cpu_state=system
kernel_cpu_time_ms;2026-03-25T00:42:17.927301184Z;130;cpu_core;13;local_machine;;cpu_state=idle
kernel_cpu_time_ms;2026-03-25T00:42:17.927301184Z;0;cpu_core;13;local_machine;;cpu_state=irq
kernel_cpu_time_ms;2026-03-25T00:42:17.927301184Z;0;cpu_core;13;local_machine;;cpu_state=softirq
kernel_cpu_time_ms;2026-03-25T00:42:17.927301184Z;0;cpu_core;13;local_machine;;cpu_state=steal
kernel_cpu_time_ms;2026-03-25T00:42:17.927301184Z;0;cpu_core;13;local_machine;;cpu_state=guest
kernel_cpu_time_ms;2026-03-25T00:42:17.927301184Z;0;cpu_core;13;local_machine;;cpu_state=guest_nice
kernel_cpu_time_ms;2026-03-25T00:42:17.927301184Z;0;cpu_core;14;local_machine;;cpu_state=user
kernel_cpu_time_ms;2026-03-25T00:42:17.927301184Z;0;cpu_core;14;local_machine;;cpu_state=nice
kernel_cpu_time_ms;2026-03-25T00:42:17.927301184Z;0;cpu_core;14;local_machine;;cpu_state=system
kernel_cpu_time_ms;2026-03-25T00:42:17.927301184Z;130;cpu_core;14;local_machine;;cpu_state=idle
kernel_cpu_time_ms;2026-03-25T00:42:17.927301184Z;0;cpu_core;14;local_machine;;cpu_state=irq
kernel_cpu_time_ms;2026-03-25T00:42:17.927301184Z;0;cpu_core;14;local_machine;;cpu_state=softirq
kernel_cpu_time_ms;2026-03-25T00:42:17.927301184Z;0;cpu_core;14;local_machine;;cpu_state=steal
kernel_cpu_time_ms;2026-03-25T00:42:17.927301184Z;0;cpu_core;14;local_machine;;cpu_state=guest
kernel_cpu_time_ms;2026-03-25T00:42:17.927301184Z;0;cpu_core;14;local_machine;;cpu_state=guest_nice
kernel_cpu_time_ms;2026-03-25T00:42:17.927301184Z;0;cpu_core;15;local_machine;;cpu_state=user
kernel_cpu_time_ms;2026-03-25T00:42:17.927301184Z;0;cpu_core;15;local_machine;;cpu_state=nice
kernel_cpu_time_ms;2026-03-25T00:42:17.927301184Z;0;cpu_core;15;local_machine;;cpu_state=system
kernel_cpu_time_ms;2026-03-25T00:42:17.927301184Z;130;cpu_core;15;local_machine;;cpu_state=idle
kernel_cpu_time_ms;2026-03-25T00:42:17.927301184Z;0;cpu_core;15;local_machine;;cpu_state=irq
kernel_cpu_time_ms;2026-03-25T00:42:17.927301184Z;0;cpu_core;15;local_machine;;cpu_state=softirq
kernel_cpu_time_ms;2026-03-25T00:42:17.927301184Z;0;cpu_core;15;local_machine;;cpu_state=steal
kernel_cpu_time_ms;2026-03-25T00:42:17.927301184Z;0;cpu_core;15;local_machine;;cpu_state=guest
kernel_cpu_time_ms;2026-03-25T00:42:17.927301184Z;0;cpu_core;15;local_machine;;cpu_state=guest_nice
kernel_cpu_time_ms;2026-03-25T00:42:17.927301184Z;0;cpu_core;16;local_machine;;cpu_state=user
kernel_cpu_time_ms;2026-03-25T00:42:17.927301184Z;0;cpu_core;16;local_machine;;cpu_state=nice
kernel_cpu_time_ms;2026-03-25T00:42:17.927301184Z;0;cpu_core;16;local_machine;;cpu_state=system
kernel_cpu_time_ms;2026-03-25T00:42:17.927301184Z;130;cpu_core;16;local_machine;;cpu_state=idle
kernel_cpu_time_ms;2026-03-25T00:42:17.927301184Z;0;cpu_core;16;local_machine;;cpu_state=irq
kernel_cpu_time_ms;2026-03-25T00:42:17.927301184Z;0;cpu_core;16;local_machine;;cpu_state=softirq
kernel_cpu_time_ms;2026-03-25T00:42:17.927301184Z;0;cpu_core;16;local_machine;;cpu_state=steal
kernel_cpu_time_ms;2026-03-25T00:42:17.927301184Z;0;cpu_core;16;local_machine;;cpu_state=guest
kernel_cpu_time_ms;2026-03-25T00:42:17.927301184Z;0;cpu_core;16;local_machine;;cpu_state=guest_nice
kernel_cpu_time_ms;2026-03-25T00:42:17.927301184Z;0;cpu_core;17;local_machine;;cpu_state=user
kernel_cpu_time_ms;2026-03-25T00:42:17.927301184Z;0;cpu_core;17;local_machine;;cpu_state=nice
kernel_cpu_time_ms;2026-03-25T00:42:17.927301184Z;0;cpu_core;17;local_machine;;cpu_state=system
kernel_cpu_time_ms;2026-03-25T00:42:17.927301184Z;130;cpu_core;17;local_machine;;cpu_state=idle
kernel_cpu_time_ms;2026-03-25T00:42:17.927301184Z;0;cpu_core;17;local_machine;;cpu_state=irq
kernel_cpu_time_ms;2026-03-25T00:42:17.927301184Z;0;cpu_core;17;local_machine;;cpu_state=softirq
kernel_cpu_time_ms;2026-03-25T00:42:17.927301184Z;0;cpu_core;17;local_machine;;cpu_state=steal
kernel_cpu_time_ms;2026-03-25T00:42:17.927301184Z;0;cpu_core;17;local_machine;;cpu_state=guest
kernel_cpu_time_ms;2026-03-25T00:42:17.927301184Z;0;cpu_core;17;local_machine;;cpu_state=guest_nice
kernel_cpu_time_ms;2026-03-25T00:42:17.927301184Z;0;cpu_core;18;local_machine;;cpu_state=user
kernel_cpu_time_ms;2026-03-25T00:42:17.927301184Z;0;cpu_core;18;local_machine;;cpu_state=nice
kernel_cpu_time_ms;2026-03-25T00:42:17.927301184Z;0;cpu_core;18;local_machine;;cpu_state=system
kernel_cpu_time_ms;2026-03-25T00:42:17.927301184Z;130;cpu_core;18;local_machine;;cpu_state=idle
kernel_cpu_time_ms;2026-03-25T00:42:17.927301184Z;0;cpu_core;18;local_machine;;cpu_state=irq
kernel_cpu_time_ms;2026-03-25T00:42:17.927301184Z;0;cpu_core;18;local_machine;;cpu_state=softirq
kernel_cpu_time_ms;2026-03-25T00:42:17.927301184Z;0;cpu_core;18;local_machine;;cpu_state=steal
kernel_cpu_time_ms;2026-03-25T00:42:17.927301184Z;0;cpu_core;18;local_machine;;cpu_state=guest
kernel_cpu_time_ms;2026-03-25T00:42:17.927301184Z;0;cpu_core;18;local_machine;;cpu_state=guest_nice
kernel_cpu_time_ms;2026-03-25T00:42:17.927301184Z;0;cpu_core;19;local_machine;;cpu_state=user
kernel_cpu_time_ms;2026-03-25T00:42:17.927301184Z;0;cpu_core;19;local_machine;;cpu_state=nice
kernel_cpu_time_ms;2026-03-25T00:42:17.927301184Z;0;cpu_core;19;local_machine;;cpu_state=system
kernel_cpu_time_ms;2026-03-25T00:42:17.927301184Z;120;cpu_core;19;local_machine;;cpu_state=idle
kernel_cpu_time_ms;2026-03-25T00:42:17.927301184Z;0;cpu_core;19;local_machine;;cpu_state=irq
kernel_cpu_time_ms;2026-03-25T00:42:17.927301184Z;0;cpu_core;19;local_machine;;cpu_state=softirq
kernel_cpu_time_ms;2026-03-25T00:42:17.927301184Z;0;cpu_core;19;local_machine;;cpu_state=steal
kernel_cpu_time_ms;2026-03-25T00:42:17.927301184Z;0;cpu_core;19;local_machine;;cpu_state=guest
kernel_cpu_time_ms;2026-03-25T00:42:17.927301184Z;0;cpu_core;19;local_machine;;cpu_state=guest_nice
kernel_cpu_time_ms;2026-03-25T00:42:17.927301184Z;0;cpu_core;20;local_machine;;cpu_state=user
kernel_cpu_time_ms;2026-03-25T00:42:17.927301184Z;0;cpu_core;20;local_machine;;cpu_state=nice
kernel_cpu_time_ms;2026-03-25T00:42:17.927301184Z;0;cpu_core;20;local_machine;;cpu_state=system
kernel_cpu_time_ms;2026-03-25T00:42:17.927301184Z;130;cpu_core;20;local_machine;;cpu_state=idle
kernel_cpu_time_ms;2026-03-25T00:42:17.927301184Z;0;cpu_core;20;local_machine;;cpu_state=irq
kernel_cpu_time_ms;2026-03-25T00:42:17.927301184Z;0;cpu_core;20;local_machine;;cpu_state=softirq
kernel_cpu_time_ms;2026-03-25T00:42:17.927301184Z;0;cpu_core;20;local_machine;;cpu_state=steal
kernel_cpu_time_ms;2026-03-25T00:42:17.927301184Z;0;cpu_core;20;local_machine;;cpu_state=guest
kernel_cpu_time_ms;2026-03-25T00:42:17.927301184Z;0;cpu_core;20;local_machine;;cpu_state=guest_nice
kernel_cpu_time_ms;2026-03-25T00:42:17.927301184Z;0;cpu_core;21;local_machine;;cpu_state=user
kernel_cpu_time_ms;2026-03-25T00:42:17.927301184Z;0;cpu_core;21;local_machine;;cpu_state=nice
kernel_cpu_time_ms;2026-03-25T00:42:17.927301184Z;0;cpu_core;21;local_machine;;cpu_state=system
kernel_cpu_time_ms;2026-03-25T00:42:17.927301184Z;130;cpu_core;21;local_machine;;cpu_state=idle
kernel_cpu_time_ms;2026-03-25T00:42:17.927301184Z;0;cpu_core;21;local_machine;;cpu_state=irq
kernel_cpu_time_ms;2026-03-25T00:42:17.927301184Z;0;cpu_core;21;local_machine;;cpu_state=softirq
kernel_cpu_time_ms;2026-03-25T00:42:17.927301184Z;0;cpu_core;21;local_machine;;cpu_state=steal
kernel_cpu_time_ms;2026-03-25T00:42:17.927301184Z;0;cpu_core;21;local_machine;;cpu_state=guest
kernel_cpu_time_ms;2026-03-25T00:42:17.927301184Z;0;cpu_core;21;local_machine;;cpu_state=guest_nice
kernel_cpu_time_ms;2026-03-25T00:42:17.927301184Z;0;cpu_core;22;local_machine;;cpu_state=user
kernel_cpu_time_ms;2026-03-25T00:42:17.927301184Z;0;cpu_core;22;local_machine;;cpu_state=nice
kernel_cpu_time_ms;2026-03-25T00:42:17.927301184Z;0;cpu_core;22;local_machine;;cpu_state=system
kernel_cpu_time_ms;2026-03-25T00:42:17.927301184Z;130;cpu_core;22;local_machine;;cpu_state=idle
kernel_cpu_time_ms;2026-03-25T00:42:17.927301184Z;0;cpu_core;22;local_machine;;cpu_state=irq
kernel_cpu_time_ms;2026-03-25T00:42:17.927301184Z;0;cpu_core;22;local_machine;;cpu_state=softirq
kernel_cpu_time_ms;2026-03-25T00:42:17.927301184Z;0;cpu_core;22;local_machine;;cpu_state=steal
kernel_cpu_time_ms;2026-03-25T00:42:17.927301184Z;0;cpu_core;22;local_machine;;cpu_state=guest
kernel_cpu_time_ms;2026-03-25T00:42:17.927301184Z;0;cpu_core;22;local_machine;;cpu_state=guest_nice
kernel_cpu_time_ms;2026-03-25T00:42:17.927301184Z;0;cpu_core;23;local_machine;;cpu_state=user
kernel_cpu_time_ms;2026-03-25T00:42:17.927301184Z;0;cpu_core;23;local_machine;;cpu_state=nice
kernel_cpu_time_ms;2026-03-25T00:42:17.927301184Z;0;cpu_core;23;local_machine;;cpu_state=system
kernel_cpu_time_ms;2026-03-25T00:42:17.927301184Z;130;cpu_core;23;local_machine;;cpu_state=idle
kernel_cpu_time_ms;2026-03-25T00:42:17.927301184Z;0;cpu_core;23;local_machine;;cpu_state=irq
kernel_cpu_time_ms;2026-03-25T00:42:17.927301184Z;0;cpu_core;23;local_machine;;cpu_state=softirq
kernel_cpu_time_ms;2026-03-25T00:42:17.927301184Z;0;cpu_core;23;local_machine;;cpu_state=steal
kernel_cpu_time_ms;2026-03-25T00:42:17.927301184Z;0;cpu_core;23;local_machine;;cpu_state=guest
kernel_cpu_time_ms;2026-03-25T00:42:17.927301184Z;0;cpu_core;23;local_machine;;cpu_state=guest_nice
kernel_cpu_time_ms;2026-03-25T00:42:17.927301184Z;0;cpu_core;24;local_machine;;cpu_state=user
kernel_cpu_time_ms;2026-03-25T00:42:17.927301184Z;0;cpu_core;24;local_machine;;cpu_state=nice
kernel_cpu_time_ms;2026-03-25T00:42:17.927301184Z;0;cpu_core;24;local_machine;;cpu_state=system
kernel_cpu_time_ms;2026-03-25T00:42:17.927301184Z;130;cpu_core;24;local_machine;;cpu_state=idle
kernel_cpu_time_ms;2026-03-25T00:42:17.927301184Z;0;cpu_core;24;local_machine;;cpu_state=irq
kernel_cpu_time_ms;2026-03-25T00:42:17.927301184Z;0;cpu_core;24;local_machine;;cpu_state=softirq
kernel_cpu_time_ms;2026-03-25T00:42:17.927301184Z;0;cpu_core;24;local_machine;;cpu_state=steal
kernel_cpu_time_ms;2026-03-25T00:42:17.927301184Z;0;cpu_core;24;local_machine;;cpu_state=guest
kernel_cpu_time_ms;2026-03-25T00:42:17.927301184Z;0;cpu_core;24;local_machine;;cpu_state=guest_nice
kernel_cpu_time_ms;2026-03-25T00:42:17.927301184Z;0;cpu_core;25;local_machine;;cpu_state=user
kernel_cpu_time_ms;2026-03-25T00:42:17.927301184Z;0;cpu_core;25;local_machine;;cpu_state=nice
kernel_cpu_time_ms;2026-03-25T00:42:17.927301184Z;0;cpu_core;25;local_machine;;cpu_state=system
kernel_cpu_time_ms;2026-03-25T00:42:17.927301184Z;130;cpu_core;25;local_machine;;cpu_state=idle
kernel_cpu_time_ms;2026-03-25T00:42:17.927301184Z;0;cpu_core;25;local_machine;;cpu_state=irq
kernel_cpu_time_ms;2026-03-25T00:42:17.927301184Z;0;cpu_core;25;local_machine;;cpu_state=softirq
kernel_cpu_time_ms;2026-03-25T00:42:17.927301184Z;0;cpu_core;25;local_machine;;cpu_state=steal
kernel_cpu_time_ms;2026-03-25T00:42:17.927301184Z;0;cpu_core;25;local_machine;;cpu_state=guest
kernel_cpu_time_ms;2026-03-25T00:42:17.927301184Z;0;cpu_core;25;local_machine;;cpu_state=guest_nice
kernel_cpu_time_ms;2026-03-25T00:42:17.927301184Z;0;cpu_core;26;local_machine;;cpu_state=user
kernel_cpu_time_ms;2026-03-25T00:42:17.927301184Z;0;cpu_core;26;local_machine;;cpu_state=nice
kernel_cpu_time_ms;2026-03-25T00:42:17.927301184Z;0;cpu_core;26;local_machine;;cpu_state=system
kernel_cpu_time_ms;2026-03-25T00:42:17.927301184Z;130;cpu_core;26;local_machine;;cpu_state=idle
kernel_cpu_time_ms;2026-03-25T00:42:17.927301184Z;0;cpu_core;26;local_machine;;cpu_state=irq
kernel_cpu_time_ms;2026-03-25T00:42:17.927301184Z;0;cpu_core;26;local_machine;;cpu_state=softirq
kernel_cpu_time_ms;2026-03-25T00:42:17.927301184Z;0;cpu_core;26;local_machine;;cpu_state=steal
kernel_cpu_time_ms;2026-03-25T00:42:17.927301184Z;0;cpu_core;26;local_machine;;cpu_state=guest
kernel_cpu_time_ms;2026-03-25T00:42:17.927301184Z;0;cpu_core;26;local_machine;;cpu_state=guest_nice
kernel_cpu_time_ms;2026-03-25T00:42:17.927301184Z;0;cpu_core;27;local_machine;;cpu_state=user
kernel_cpu_time_ms;2026-03-25T00:42:17.927301184Z;0;cpu_core;27;local_machine;;cpu_state=nice
kernel_cpu_time_ms;2026-03-25T00:42:17.927301184Z;0;cpu_core;27;local_machine;;cpu_state=system
kernel_cpu_time_ms;2026-03-25T00:42:17.927301184Z;130;cpu_core;27;local_machine;;cpu_state=idle
kernel_cpu_time_ms;2026-03-25T00:42:17.927301184Z;0;cpu_core;27;local_machine;;cpu_state=irq
kernel_cpu_time_ms;2026-03-25T00:42:17.927301184Z;0;cpu_core;27;local_machine;;cpu_state=softirq
kernel_cpu_time_ms;2026-03-25T00:42:17.927301184Z;0;cpu_core;27;local_machine;;cpu_state=steal
kernel_cpu_time_ms;2026-03-25T00:42:17.927301184Z;0;cpu_core;27;local_machine;;cpu_state=guest
kernel_cpu_time_ms;2026-03-25T00:42:17.927301184Z;0;cpu_core;27;local_machine;;cpu_state=guest_nice
kernel_cpu_time_ms;2026-03-25T00:42:17.927301184Z;0;cpu_core;28;local_machine;;cpu_state=user
kernel_cpu_time_ms;2026-03-25T00:42:17.927301184Z;0;cpu_core;28;local_machine;;cpu_state=nice
kernel_cpu_time_ms;2026-03-25T00:42:17.927301184Z;0;cpu_core;28;local_machine;;cpu_state=system
kernel_cpu_time_ms;2026-03-25T00:42:17.927301184Z;130;cpu_core;28;local_machine;;cpu_state=idle
kernel_cpu_time_ms;2026-03-25T00:42:17.927301184Z;0;cpu_core;28;local_machine;;cpu_state=irq
kernel_cpu_time_ms;2026-03-25T00:42:17.927301184Z;0;cpu_core;28;local_machine;;cpu_state=softirq
kernel_cpu_time_ms;2026-03-25T00:42:17.927301184Z;0;cpu_core;28;local_machine;;cpu_state=steal
kernel_cpu_time_ms;2026-03-25T00:42:17.927301184Z;0;cpu_core;28;local_machine;;cpu_state=guest
kernel_cpu_time_ms;2026-03-25T00:42:17.927301184Z;0;cpu_core;28;local_machine;;cpu_state=guest_nice
kernel_cpu_time_ms;2026-03-25T00:42:17.927301184Z;0;cpu_core;29;local_machine;;cpu_state=user
kernel_cpu_time_ms;2026-03-25T00:42:17.927301184Z;0;cpu_core;29;local_machine;;cpu_state=nice
kernel_cpu_time_ms;2026-03-25T00:42:17.927301184Z;0;cpu_core;29;local_machine;;cpu_state=system
kernel_cpu_time_ms;2026-03-25T00:42:17.927301184Z;130;cpu_core;29;local_machine;;cpu_state=idle
kernel_cpu_time_ms;2026-03-25T00:42:17.927301184Z;0;cpu_core;29;local_machine;;cpu_state=irq
kernel_cpu_time_ms;2026-03-25T00:42:17.927301184Z;0;cpu_core;29;local_machine;;cpu_state=softirq
kernel_cpu_time_ms;2026-03-25T00:42:17.927301184Z;0;cpu_core;29;local_machine;;cpu_state=steal
kernel_cpu_time_ms;2026-03-25T00:42:17.927301184Z;0;cpu_core;29;local_machine;;cpu_state=guest
kernel_cpu_time_ms;2026-03-25T00:42:17.927301184Z;0;cpu_core;29;local_machine;;cpu_state=guest_nice
kernel_cpu_time_ms;2026-03-25T00:42:17.927301184Z;0;cpu_core;30;local_machine;;cpu_state=user
kernel_cpu_time_ms;2026-03-25T00:42:17.927301184Z;0;cpu_core;30;local_machine;;cpu_state=nice
kernel_cpu_time_ms;2026-03-25T00:42:17.927301184Z;0;cpu_core;30;local_machine;;cpu_state=system
kernel_cpu_time_ms;2026-03-25T00:42:17.927301184Z;130;cpu_core;30;local_machine;;cpu_state=idle
kernel_cpu_time_ms;2026-03-25T00:42:17.927301184Z;0;cpu_core;30;local_machine;;cpu_state=irq
kernel_cpu_time_ms;2026-03-25T00:42:17.927301184Z;0;cpu_core;30;local_machine;;cpu_state=softirq
kernel_cpu_time_ms;2026-03-25T00:42:17.927301184Z;0;cpu_core;30;local_machine;;cpu_state=steal
kernel_cpu_time_ms;2026-03-25T00:42:17.927301184Z;0;cpu_core;30;local_machine;;cpu_state=guest
kernel_cpu_time_ms;2026-03-25T00:42:17.927301184Z;0;cpu_core;30;local_machine;;cpu_state=guest_nice
kernel_cpu_time_ms;2026-03-25T00:42:17.927301184Z;0;cpu_core;31;local_machine;;cpu_state=user
kernel_cpu_time_ms;2026-03-25T00:42:17.927301184Z;0;cpu_core;31;local_machine;;cpu_state=nice
kernel_cpu_time_ms;2026-03-25T00:42:17.927301184Z;0;cpu_core;31;local_machine;;cpu_state=system
kernel_cpu_time_ms;2026-03-25T00:42:17.927301184Z;130;cpu_core;31;local_machine;;cpu_state=idle
kernel_cpu_time_ms;2026-03-25T00:42:17.927301184Z;0;cpu_core;31;local_machine;;cpu_state=irq
kernel_cpu_time_ms;2026-03-25T00:42:17.927301184Z;0;cpu_core;31;local_machine;;cpu_state=softirq
kernel_cpu_time_ms;2026-03-25T00:42:17.927301184Z;0;cpu_core;31;local_machine;;cpu_state=steal
kernel_cpu_time_ms;2026-03-25T00:42:17.927301184Z;0;cpu_core;31;local_machine;;cpu_state=guest
kernel_cpu_time_ms;2026-03-25T00:42:17.927301184Z;0;cpu_core;31;local_machine;;cpu_state=guest_nice
kernel_cpu_time_ms;2026-03-25T00:42:17.927301184Z;0;cpu_core;32;local_machine;;cpu_state=user
kernel_cpu_time_ms;2026-03-25T00:42:17.927301184Z;0;cpu_core;32;local_machine;;cpu_state=nice
kernel_cpu_time_ms;2026-03-25T00:42:17.927301184Z;0;cpu_core;32;local_machine;;cpu_state=system
kernel_cpu_time_ms;2026-03-25T00:42:17.927301184Z;130;cpu_core;32;local_machine;;cpu_state=idle
kernel_cpu_time_ms;2026-03-25T00:42:17.927301184Z;0;cpu_core;32;local_machine;;cpu_state=irq
kernel_cpu_time_ms;2026-03-25T00:42:17.927301184Z;0;cpu_core;32;local_machine;;cpu_state=softirq
kernel_cpu_time_ms;2026-03-25T00:42:17.927301184Z;0;cpu_core;32;local_machine;;cpu_state=steal
kernel_cpu_time_ms;2026-03-25T00:42:17.927301184Z;0;cpu_core;32;local_machine;;cpu_state=guest
kernel_cpu_time_ms;2026-03-25T00:42:17.927301184Z;0;cpu_core;32;local_machine;;cpu_state=guest_nice
kernel_cpu_time_ms;2026-03-25T00:42:17.927301184Z;0;cpu_core;33;local_machine;;cpu_state=user
kernel_cpu_time_ms;2026-03-25T00:42:17.927301184Z;0;cpu_core;33;local_machine;;cpu_state=nice
kernel_cpu_time_ms;2026-03-25T00:42:17.927301184Z;0;cpu_core;33;local_machine;;cpu_state=system
kernel_cpu_time_ms;2026-03-25T00:42:17.927301184Z;130;cpu_core;33;local_machine;;cpu_state=idle
kernel_cpu_time_ms;2026-03-25T00:42:17.927301184Z;0;cpu_core;33;local_machine;;cpu_state=irq
kernel_cpu_time_ms;2026-03-25T00:42:17.927301184Z;0;cpu_core;33;local_machine;;cpu_state=softirq
kernel_cpu_time_ms;2026-03-25T00:42:17.927301184Z;0;cpu_core;33;local_machine;;cpu_state=steal
kernel_cpu_time_ms;2026-03-25T00:42:17.927301184Z;0;cpu_core;33;local_machine;;cpu_state=guest
kernel_cpu_time_ms;2026-03-25T00:42:17.927301184Z;0;cpu_core;33;local_machine;;cpu_state=guest_nice
kernel_cpu_time_ms;2026-03-25T00:42:17.927301184Z;0;cpu_core;34;local_machine;;cpu_state=user
kernel_cpu_time_ms;2026-03-25T00:42:17.927301184Z;0;cpu_core;34;local_machine;;cpu_state=nice
kernel_cpu_time_ms;2026-03-25T00:42:17.927301184Z;0;cpu_core;34;local_machine;;cpu_state=system
kernel_cpu_time_ms;2026-03-25T00:42:17.927301184Z;130;cpu_core;34;local_machine;;cpu_state=idle
kernel_cpu_time_ms;2026-03-25T00:42:17.927301184Z;0;cpu_core;34;local_machine;;cpu_state=irq
kernel_cpu_time_ms;2026-03-25T00:42:17.927301184Z;0;cpu_core;34;local_machine;;cpu_state=softirq
kernel_cpu_time_ms;2026-03-25T00:42:17.927301184Z;0;cpu_core;34;local_machine;;cpu_state=steal
kernel_cpu_time_ms;2026-03-25T00:42:17.927301184Z;0;cpu_core;34;local_machine;;cpu_state=guest
kernel_cpu_time_ms;2026-03-25T00:42:17.927301184Z;0;cpu_core;34;local_machine;;cpu_state=guest_nice
kernel_cpu_time_ms;2026-03-25T00:42:17.927301184Z;0;cpu_core;35;local_machine;;cpu_state=user
kernel_cpu_time_ms;2026-03-25T00:42:17.927301184Z;0;cpu_core;35;local_machine;;cpu_state=nice
kernel_cpu_time_ms;2026-03-25T00:42:17.927301184Z;0;cpu_core;35;local_machine;;cpu_state=system
kernel_cpu_time_ms;2026-03-25T00:42:17.927301184Z;130;cpu_core;35;local_machine;;cpu_state=idle
kernel_cpu_time_ms;2026-03-25T00:42:17.927301184Z;0;cpu_core;35;local_machine;;cpu_state=irq
kernel_cpu_time_ms;2026-03-25T00:42:17.927301184Z;0;cpu_core;35;local_machine;;cpu_state=softirq
kernel_cpu_time_ms;2026-03-25T00:42:17.927301184Z;0;cpu_core;35;local_machine;;cpu_state=steal
kernel_cpu_time_ms;2026-03-25T00:42:17.927301184Z;0;cpu_core;35;local_machine;;cpu_state=guest
kernel_cpu_time_ms;2026-03-25T00:42:17.927301184Z;0;cpu_core;35;local_machine;;cpu_state=guest_nice
kernel_cpu_time_ms;2026-03-25T00:42:17.927301184Z;0;cpu_core;36;local_machine;;cpu_state=user
kernel_cpu_time_ms;2026-03-25T00:42:17.927301184Z;0;cpu_core;36;local_machine;;cpu_state=nice
kernel_cpu_time_ms;2026-03-25T00:42:17.927301184Z;0;cpu_core;36;local_machine;;cpu_state=system
kernel_cpu_time_ms;2026-03-25T00:42:17.927301184Z;130;cpu_core;36;local_machine;;cpu_state=idle
kernel_cpu_time_ms;2026-03-25T00:42:17.927301184Z;0;cpu_core;36;local_machine;;cpu_state=irq
kernel_cpu_time_ms;2026-03-25T00:42:17.927301184Z;0;cpu_core;36;local_machine;;cpu_state=softirq
kernel_cpu_time_ms;2026-03-25T00:42:17.927301184Z;0;cpu_core;36;local_machine;;cpu_state=steal
kernel_cpu_time_ms;2026-03-25T00:42:17.927301184Z;0;cpu_core;36;local_machine;;cpu_state=guest
kernel_cpu_time_ms;2026-03-25T00:42:17.927301184Z;0;cpu_core;36;local_machine;;cpu_state=guest_nice
kernel_cpu_time_ms;2026-03-25T00:42:17.927301184Z;0;cpu_core;37;local_machine;;cpu_state=user
kernel_cpu_time_ms;2026-03-25T00:42:17.927301184Z;0;cpu_core;37;local_machine;;cpu_state=nice
kernel_cpu_time_ms;2026-03-25T00:42:17.927301184Z;0;cpu_core;37;local_machine;;cpu_state=system
kernel_cpu_time_ms;2026-03-25T00:42:17.927301184Z;130;cpu_core;37;local_machine;;cpu_state=idle
kernel_cpu_time_ms;2026-03-25T00:42:17.927301184Z;0;cpu_core;37;local_machine;;cpu_state=irq
kernel_cpu_time_ms;2026-03-25T00:42:17.927301184Z;0;cpu_core;37;local_machine;;cpu_state=softirq
kernel_cpu_time_ms;2026-03-25T00:42:17.927301184Z;0;cpu_core;37;local_machine;;cpu_state=steal
kernel_cpu_time_ms;2026-03-25T00:42:17.927301184Z;0;cpu_core;37;local_machine;;cpu_state=guest
kernel_cpu_time_ms;2026-03-25T00:42:17.927301184Z;0;cpu_core;37;local_machine;;cpu_state=guest_nice
kernel_cpu_time_ms;2026-03-25T00:42:17.927301184Z;0;cpu_core;38;local_machine;;cpu_state=user
kernel_cpu_time_ms;2026-03-25T00:42:17.927301184Z;0;cpu_core;38;local_machine;;cpu_state=nice
kernel_cpu_time_ms;2026-03-25T00:42:17.927301184Z;0;cpu_core;38;local_machine;;cpu_state=system
kernel_cpu_time_ms;2026-03-25T00:42:17.927301184Z;130;cpu_core;38;local_machine;;cpu_state=idle
kernel_cpu_time_ms;2026-03-25T00:42:17.927301184Z;0;cpu_core;38;local_machine;;cpu_state=irq
kernel_cpu_time_ms;2026-03-25T00:42:17.927301184Z;0;cpu_core;38;local_machine;;cpu_state=softirq
kernel_cpu_time_ms;2026-03-25T00:42:17.927301184Z;0;cpu_core;38;local_machine;;cpu_state=steal
kernel_cpu_time_ms;2026-03-25T00:42:17.927301184Z;0;cpu_core;38;local_machine;;cpu_state=guest
kernel_cpu_time_ms;2026-03-25T00:42:17.927301184Z;0;cpu_core;38;local_machine;;cpu_state=guest_nice
kernel_cpu_time_ms;2026-03-25T00:42:17.927301184Z;0;cpu_core;39;local_machine;;cpu_state=user
kernel_cpu_time_ms;2026-03-25T00:42:17.927301184Z;0;cpu_core;39;local_machine;;cpu_state=nice
kernel_cpu_time_ms;2026-03-25T00:42:17.927301184Z;0;cpu_core;39;local_machine;;cpu_state=system
kernel_cpu_time_ms;2026-03-25T00:42:17.927301184Z;130;cpu_core;39;local_machine;;cpu_state=idle
kernel_cpu_time_ms;2026-03-25T00:42:17.927301184Z;0;cpu_core;39;local_machine;;cpu_state=irq
kernel_cpu_time_ms;2026-03-25T00:42:17.927301184Z;0;cpu_core;39;local_machine;;cpu_state=softirq
kernel_cpu_time_ms;2026-03-25T00:42:17.927301184Z;0;cpu_core;39;local_machine;;cpu_state=steal
kernel_cpu_time_ms;2026-03-25T00:42:17.927301184Z;0;cpu_core;39;local_machine;;cpu_state=guest
kernel_cpu_time_ms;2026-03-25T00:42:17.927301184Z;0;cpu_core;39;local_machine;;cpu_state=guest_nice
kernel_cpu_time_ms;2026-03-25T00:42:17.927301184Z;130;cpu_core;40;local_machine;;cpu_state=user
kernel_cpu_time_ms;2026-03-25T00:42:17.927301184Z;0;cpu_core;40;local_machine;;cpu_state=nice
kernel_cpu_time_ms;2026-03-25T00:42:17.927301184Z;0;cpu_core;40;local_machine;;cpu_state=system
kernel_cpu_time_ms;2026-03-25T00:42:17.927301184Z;0;cpu_core;40;local_machine;;cpu_state=idle
kernel_cpu_time_ms;2026-03-25T00:42:17.927301184Z;0;cpu_core;40;local_machine;;cpu_state=irq
kernel_cpu_time_ms;2026-03-25T00:42:17.927301184Z;0;cpu_core;40;local_machine;;cpu_state=softirq
kernel_cpu_time_ms;2026-03-25T00:42:17.927301184Z;0;cpu_core;40;local_machine;;cpu_state=steal
kernel_cpu_time_ms;2026-03-25T00:42:17.927301184Z;0;cpu_core;40;local_machine;;cpu_state=guest
kernel_cpu_time_ms;2026-03-25T00:42:17.927301184Z;0;cpu_core;40;local_machine;;cpu_state=guest_nice
kernel_cpu_time_ms;2026-03-25T00:42:17.927301184Z;0;cpu_core;41;local_machine;;cpu_state=user
kernel_cpu_time_ms;2026-03-25T00:42:17.927301184Z;0;cpu_core;41;local_machine;;cpu_state=nice
kernel_cpu_time_ms;2026-03-25T00:42:17.927301184Z;0;cpu_core;41;local_machine;;cpu_state=system
kernel_cpu_time_ms;2026-03-25T00:42:17.927301184Z;130;cpu_core;41;local_machine;;cpu_state=idle
kernel_cpu_time_ms;2026-03-25T00:42:17.927301184Z;0;cpu_core;41;local_machine;;cpu_state=irq
kernel_cpu_time_ms;2026-03-25T00:42:17.927301184Z;0;cpu_core;41;local_machine;;cpu_state=softirq
kernel_cpu_time_ms;2026-03-25T00:42:17.927301184Z;0;cpu_core;41;local_machine;;cpu_state=steal
kernel_cpu_time_ms;2026-03-25T00:42:17.927301184Z;0;cpu_core;41;local_machine;;cpu_state=guest
kernel_cpu_time_ms;2026-03-25T00:42:17.927301184Z;0;cpu_core;41;local_machine;;cpu_state=guest_nice
kernel_cpu_time_ms;2026-03-25T00:42:17.927301184Z;0;cpu_core;42;local_machine;;cpu_state=user
kernel_cpu_time_ms;2026-03-25T00:42:17.927301184Z;0;cpu_core;42;local_machine;;cpu_state=nice
kernel_cpu_time_ms;2026-03-25T00:42:17.927301184Z;0;cpu_core;42;local_machine;;cpu_state=system
kernel_cpu_time_ms;2026-03-25T00:42:17.927301184Z;130;cpu_core;42;local_machine;;cpu_state=idle
kernel_cpu_time_ms;2026-03-25T00:42:17.927301184Z;0;cpu_core;42;local_machine;;cpu_state=irq
kernel_cpu_time_ms;2026-03-25T00:42:17.927301184Z;0;cpu_core;42;local_machine;;cpu_state=softirq
kernel_cpu_time_ms;2026-03-25T00:42:17.927301184Z;0;cpu_core;42;local_machine;;cpu_state=steal
kernel_cpu_time_ms;2026-03-25T00:42:17.927301184Z;0;cpu_core;42;local_machine;;cpu_state=guest
kernel_cpu_time_ms;2026-03-25T00:42:17.927301184Z;0;cpu_core;42;local_machine;;cpu_state=guest_nice
kernel_cpu_time_ms;2026-03-25T00:42:17.927301184Z;0;cpu_core;43;local_machine;;cpu_state=user
kernel_cpu_time_ms;2026-03-25T00:42:17.927301184Z;0;cpu_core;43;local_machine;;cpu_state=nice
kernel_cpu_time_ms;2026-03-25T00:42:17.927301184Z;0;cpu_core;43;local_machine;;cpu_state=system
kernel_cpu_time_ms;2026-03-25T00:42:17.927301184Z;120;cpu_core;43;local_machine;;cpu_state=idle
kernel_cpu_time_ms;2026-03-25T00:42:17.927301184Z;0;cpu_core;43;local_machine;;cpu_state=irq
kernel_cpu_time_ms;2026-03-25T00:42:17.927301184Z;0;cpu_core;43;local_machine;;cpu_state=softirq
kernel_cpu_time_ms;2026-03-25T00:42:17.927301184Z;0;cpu_core;43;local_machine;;cpu_state=steal
kernel_cpu_time_ms;2026-03-25T00:42:17.927301184Z;0;cpu_core;43;local_machine;;cpu_state=guest
kernel_cpu_time_ms;2026-03-25T00:42:17.927301184Z;0;cpu_core;43;local_machine;;cpu_state=guest_nice
kernel_cpu_time_ms;2026-03-25T00:42:17.927301184Z;0;cpu_core;44;local_machine;;cpu_state=user
kernel_cpu_time_ms;2026-03-25T00:42:17.927301184Z;0;cpu_core;44;local_machine;;cpu_state=nice
kernel_cpu_time_ms;2026-03-25T00:42:17.927301184Z;0;cpu_core;44;local_machine;;cpu_state=system
kernel_cpu_time_ms;2026-03-25T00:42:17.927301184Z;130;cpu_core;44;local_machine;;cpu_state=idle
kernel_cpu_time_ms;2026-03-25T00:42:17.927301184Z;0;cpu_core;44;local_machine;;cpu_state=irq
kernel_cpu_time_ms;2026-03-25T00:42:17.927301184Z;0;cpu_core;44;local_machine;;cpu_state=softirq
kernel_cpu_time_ms;2026-03-25T00:42:17.927301184Z;0;cpu_core;44;local_machine;;cpu_state=steal
kernel_cpu_time_ms;2026-03-25T00:42:17.927301184Z;0;cpu_core;44;local_machine;;cpu_state=guest
kernel_cpu_time_ms;2026-03-25T00:42:17.927301184Z;0;cpu_core;44;local_machine;;cpu_state=guest_nice
kernel_cpu_time_ms;2026-03-25T00:42:17.927301184Z;0;cpu_core;45;local_machine;;cpu_state=user
kernel_cpu_time_ms;2026-03-25T00:42:17.927301184Z;0;cpu_core;45;local_machine;;cpu_state=nice
kernel_cpu_time_ms;2026-03-25T00:42:17.927301184Z;0;cpu_core;45;local_machine;;cpu_state=system
kernel_cpu_time_ms;2026-03-25T00:42:17.927301184Z;120;cpu_core;45;local_machine;;cpu_state=idle
kernel_cpu_time_ms;2026-03-25T00:42:17.927301184Z;0;cpu_core;45;local_machine;;cpu_state=irq
kernel_cpu_time_ms;2026-03-25T00:42:17.927301184Z;0;cpu_core;45;local_machine;;cpu_state=softirq
kernel_cpu_time_ms;2026-03-25T00:42:17.927301184Z;0;cpu_core;45;local_machine;;cpu_state=steal
kernel_cpu_time_ms;2026-03-25T00:42:17.927301184Z;0;cpu_core;45;local_machine;;cpu_state=guest
kernel_cpu_time_ms;2026-03-25T00:42:17.927301184Z;0;cpu_core;45;local_machine;;cpu_state=guest_nice
kernel_cpu_time_ms;2026-03-25T00:42:17.927301184Z;0;cpu_core;46;local_machine;;cpu_state=user
kernel_cpu_time_ms;2026-03-25T00:42:17.927301184Z;0;cpu_core;46;local_machine;;cpu_state=nice
kernel_cpu_time_ms;2026-03-25T00:42:17.927301184Z;0;cpu_core;46;local_machine;;cpu_state=system
kernel_cpu_time_ms;2026-03-25T00:42:17.927301184Z;130;cpu_core;46;local_machine;;cpu_state=idle
kernel_cpu_time_ms;2026-03-25T00:42:17.927301184Z;0;cpu_core;46;local_machine;;cpu_state=irq
kernel_cpu_time_ms;2026-03-25T00:42:17.927301184Z;0;cpu_core;46;local_machine;;cpu_state=softirq
kernel_cpu_time_ms;2026-03-25T00:42:17.927301184Z;0;cpu_core;46;local_machine;;cpu_state=steal
kernel_cpu_time_ms;2026-03-25T00:42:17.927301184Z;0;cpu_core;46;local_machine;;cpu_state=guest
kernel_cpu_time_ms;2026-03-25T00:42:17.927301184Z;0;cpu_core;46;local_machine;;cpu_state=guest_nice
kernel_cpu_time_ms;2026-03-25T00:42:17.927301184Z;0;cpu_core;47;local_machine;;cpu_state=user
kernel_cpu_time_ms;2026-03-25T00:42:17.927301184Z;0;cpu_core;47;local_machine;;cpu_state=nice
kernel_cpu_time_ms;2026-03-25T00:42:17.927301184Z;0;cpu_core;47;local_machine;;cpu_state=system
kernel_cpu_time_ms;2026-03-25T00:42:17.927301184Z;130;cpu_core;47;local_machine;;cpu_state=idle
kernel_cpu_time_ms;2026-03-25T00:42:17.927301184Z;0;cpu_core;47;local_machine;;cpu_state=irq
kernel_cpu_time_ms;2026-03-25T00:42:17.927301184Z;0;cpu_core;47;local_machine;;cpu_state=softirq
kernel_cpu_time_ms;2026-03-25T00:42:17.927301184Z;0;cpu_core;47;local_machine;;cpu_state=steal
kernel_cpu_time_ms;2026-03-25T00:42:17.927301184Z;0;cpu_core;47;local_machine;;cpu_state=guest
kernel_cpu_time_ms;2026-03-25T00:42:17.927301184Z;0;cpu_core;47;local_machine;;cpu_state=guest_nice
kernel_cpu_time_ms;2026-03-25T00:42:17.927301184Z;0;cpu_core;48;local_machine;;cpu_state=user
kernel_cpu_time_ms;2026-03-25T00:42:17.927301184Z;0;cpu_core;48;local_machine;;cpu_state=nice
kernel_cpu_time_ms;2026-03-25T00:42:17.927301184Z;0;cpu_core;48;local_machine;;cpu_state=system
kernel_cpu_time_ms;2026-03-25T00:42:17.927301184Z;130;cpu_core;48;local_machine;;cpu_state=idle
kernel_cpu_time_ms;2026-03-25T00:42:17.927301184Z;0;cpu_core;48;local_machine;;cpu_state=irq
kernel_cpu_time_ms;2026-03-25T00:42:17.927301184Z;0;cpu_core;48;local_machine;;cpu_state=softirq
kernel_cpu_time_ms;2026-03-25T00:42:17.927301184Z;0;cpu_core;48;local_machine;;cpu_state=steal
kernel_cpu_time_ms;2026-03-25T00:42:17.927301184Z;0;cpu_core;48;local_machine;;cpu_state=guest
kernel_cpu_time_ms;2026-03-25T00:42:17.927301184Z;0;cpu_core;48;local_machine;;cpu_state=guest_nice
kernel_cpu_time_ms;2026-03-25T00:42:17.927301184Z;0;cpu_core;49;local_machine;;cpu_state=user
kernel_cpu_time_ms;2026-03-25T00:42:17.927301184Z;0;cpu_core;49;local_machine;;cpu_state=nice
kernel_cpu_time_ms;2026-03-25T00:42:17.927301184Z;0;cpu_core;49;local_machine;;cpu_state=system
kernel_cpu_time_ms;2026-03-25T00:42:17.927301184Z;130;cpu_core;49;local_machine;;cpu_state=idle
kernel_cpu_time_ms;2026-03-25T00:42:17.927301184Z;0;cpu_core;49;local_machine;;cpu_state=irq
kernel_cpu_time_ms;2026-03-25T00:42:17.927301184Z;0;cpu_core;49;local_machine;;cpu_state=softirq
kernel_cpu_time_ms;2026-03-25T00:42:17.927301184Z;0;cpu_core;49;local_machine;;cpu_state=steal
kernel_cpu_time_ms;2026-03-25T00:42:17.927301184Z;0;cpu_core;49;local_machine;;cpu_state=guest
kernel_cpu_time_ms;2026-03-25T00:42:17.927301184Z;0;cpu_core;49;local_machine;;cpu_state=guest_nice
kernel_cpu_time_ms;2026-03-25T00:42:17.927301184Z;0;cpu_core;50;local_machine;;cpu_state=user
kernel_cpu_time_ms;2026-03-25T00:42:17.927301184Z;0;cpu_core;50;local_machine;;cpu_state=nice
kernel_cpu_time_ms;2026-03-25T00:42:17.927301184Z;0;cpu_core;50;local_machine;;cpu_state=system
kernel_cpu_time_ms;2026-03-25T00:42:17.927301184Z;120;cpu_core;50;local_machine;;cpu_state=idle
kernel_cpu_time_ms;2026-03-25T00:42:17.927301184Z;0;cpu_core;50;local_machine;;cpu_state=irq
kernel_cpu_time_ms;2026-03-25T00:42:17.927301184Z;0;cpu_core;50;local_machine;;cpu_state=softirq
kernel_cpu_time_ms;2026-03-25T00:42:17.927301184Z;0;cpu_core;50;local_machine;;cpu_state=steal
kernel_cpu_time_ms;2026-03-25T00:42:17.927301184Z;0;cpu_core;50;local_machine;;cpu_state=guest
kernel_cpu_time_ms;2026-03-25T00:42:17.927301184Z;0;cpu_core;50;local_machine;;cpu_state=guest_nice
kernel_cpu_time_ms;2026-03-25T00:42:17.927301184Z;0;cpu_core;51;local_machine;;cpu_state=user
kernel_cpu_time_ms;2026-03-25T00:42:17.927301184Z;0;cpu_core;51;local_machine;;cpu_state=nice
kernel_cpu_time_ms;2026-03-25T00:42:17.927301184Z;0;cpu_core;51;local_machine;;cpu_state=system
kernel_cpu_time_ms;2026-03-25T00:42:17.927301184Z;130;cpu_core;51;local_machine;;cpu_state=idle
kernel_cpu_time_ms;2026-03-25T00:42:17.927301184Z;0;cpu_core;51;local_machine;;cpu_state=irq
kernel_cpu_time_ms;2026-03-25T00:42:17.927301184Z;0;cpu_core;51;local_machine;;cpu_state=softirq
kernel_cpu_time_ms;2026-03-25T00:42:17.927301184Z;0;cpu_core;51;local_machine;;cpu_state=steal
kernel_cpu_time_ms;2026-03-25T00:42:17.927301184Z;0;cpu_core;51;local_machine;;cpu_state=guest
kernel_cpu_time_ms;2026-03-25T00:42:17.927301184Z;0;cpu_core;51;local_machine;;cpu_state=guest_nice
kernel_cpu_time_ms;2026-03-25T00:42:17.927301184Z;0;cpu_core;52;local_machine;;cpu_state=user
kernel_cpu_time_ms;2026-03-25T00:42:17.927301184Z;0;cpu_core;52;local_machine;;cpu_state=nice
kernel_cpu_time_ms;2026-03-25T00:42:17.927301184Z;0;cpu_core;52;local_machine;;cpu_state=system
kernel_cpu_time_ms;2026-03-25T00:42:17.927301184Z;130;cpu_core;52;local_machine;;cpu_state=idle
kernel_cpu_time_ms;2026-03-25T00:42:17.927301184Z;0;cpu_core;52;local_machine;;cpu_state=irq
kernel_cpu_time_ms;2026-03-25T00:42:17.927301184Z;0;cpu_core;52;local_machine;;cpu_state=softirq
kernel_cpu_time_ms;2026-03-25T00:42:17.927301184Z;0;cpu_core;52;local_machine;;cpu_state=steal
kernel_cpu_time_ms;2026-03-25T00:42:17.927301184Z;0;cpu_core;52;local_machine;;cpu_state=guest
kernel_cpu_time_ms;2026-03-25T00:42:17.927301184Z;0;cpu_core;52;local_machine;;cpu_state=guest_nice
kernel_cpu_time_ms;2026-03-25T00:42:17.927301184Z;0;cpu_core;53;local_machine;;cpu_state=user
kernel_cpu_time_ms;2026-03-25T00:42:17.927301184Z;0;cpu_core;53;local_machine;;cpu_state=nice
kernel_cpu_time_ms;2026-03-25T00:42:17.927301184Z;0;cpu_core;53;local_machine;;cpu_state=system
kernel_cpu_time_ms;2026-03-25T00:42:17.927301184Z;130;cpu_core;53;local_machine;;cpu_state=idle
kernel_cpu_time_ms;2026-03-25T00:42:17.927301184Z;0;cpu_core;53;local_machine;;cpu_state=irq
kernel_cpu_time_ms;2026-03-25T00:42:17.927301184Z;0;cpu_core;53;local_machine;;cpu_state=softirq
kernel_cpu_time_ms;2026-03-25T00:42:17.927301184Z;0;cpu_core;53;local_machine;;cpu_state=steal
kernel_cpu_time_ms;2026-03-25T00:42:17.927301184Z;0;cpu_core;53;local_machine;;cpu_state=guest
kernel_cpu_time_ms;2026-03-25T00:42:17.927301184Z;0;cpu_core;53;local_machine;;cpu_state=guest_nice
kernel_cpu_time_ms;2026-03-25T00:42:17.927301184Z;0;cpu_core;54;local_machine;;cpu_state=user
kernel_cpu_time_ms;2026-03-25T00:42:17.927301184Z;0;cpu_core;54;local_machine;;cpu_state=nice
kernel_cpu_time_ms;2026-03-25T00:42:17.927301184Z;0;cpu_core;54;local_machine;;cpu_state=system
kernel_cpu_time_ms;2026-03-25T00:42:17.927301184Z;130;cpu_core;54;local_machine;;cpu_state=idle
kernel_cpu_time_ms;2026-03-25T00:42:17.927301184Z;0;cpu_core;54;local_machine;;cpu_state=irq
kernel_cpu_time_ms;2026-03-25T00:42:17.927301184Z;0;cpu_core;54;local_machine;;cpu_state=softirq
kernel_cpu_time_ms;2026-03-25T00:42:17.927301184Z;0;cpu_core;54;local_machine;;cpu_state=steal
kernel_cpu_time_ms;2026-03-25T00:42:17.927301184Z;0;cpu_core;54;local_machine;;cpu_state=guest
kernel_cpu_time_ms;2026-03-25T00:42:17.927301184Z;0;cpu_core;54;local_machine;;cpu_state=guest_nice
kernel_cpu_time_ms;2026-03-25T00:42:17.927301184Z;0;cpu_core;55;local_machine;;cpu_state=user
kernel_cpu_time_ms;2026-03-25T00:42:17.927301184Z;0;cpu_core;55;local_machine;;cpu_state=nice
kernel_cpu_time_ms;2026-03-25T00:42:17.927301184Z;0;cpu_core;55;local_machine;;cpu_state=system
kernel_cpu_time_ms;2026-03-25T00:42:17.927301184Z;130;cpu_core;55;local_machine;;cpu_state=idle
kernel_cpu_time_ms;2026-03-25T00:42:17.927301184Z;0;cpu_core;55;local_machine;;cpu_state=irq
kernel_cpu_time_ms;2026-03-25T00:42:17.927301184Z;0;cpu_core;55;local_machine;;cpu_state=softirq
kernel_cpu_time_ms;2026-03-25T00:42:17.927301184Z;0;cpu_core;55;local_machine;;cpu_state=steal
kernel_cpu_time_ms;2026-03-25T00:42:17.927301184Z;0;cpu_core;55;local_machine;;cpu_state=guest
kernel_cpu_time_ms;2026-03-25T00:42:17.927301184Z;0;cpu_core;55;local_machine;;cpu_state=guest_nice
kernel_cpu_time_ms;2026-03-25T00:42:17.927301184Z;0;cpu_core;56;local_machine;;cpu_state=user
kernel_cpu_time_ms;2026-03-25T00:42:17.927301184Z;0;cpu_core;56;local_machine;;cpu_state=nice
kernel_cpu_time_ms;2026-03-25T00:42:17.927301184Z;0;cpu_core;56;local_machine;;cpu_state=system
kernel_cpu_time_ms;2026-03-25T00:42:17.927301184Z;130;cpu_core;56;local_machine;;cpu_state=idle
kernel_cpu_time_ms;2026-03-25T00:42:17.927301184Z;0;cpu_core;56;local_machine;;cpu_state=irq
kernel_cpu_time_ms;2026-03-25T00:42:17.927301184Z;0;cpu_core;56;local_machine;;cpu_state=softirq
kernel_cpu_time_ms;2026-03-25T00:42:17.927301184Z;0;cpu_core;56;local_machine;;cpu_state=steal
kernel_cpu_time_ms;2026-03-25T00:42:17.927301184Z;0;cpu_core;56;local_machine;;cpu_state=guest
kernel_cpu_time_ms;2026-03-25T00:42:17.927301184Z;0;cpu_core;56;local_machine;;cpu_state=guest_nice
kernel_cpu_time_ms;2026-03-25T00:42:17.927301184Z;0;cpu_core;57;local_machine;;cpu_state=user
kernel_cpu_time_ms;2026-03-25T00:42:17.927301184Z;0;cpu_core;57;local_machine;;cpu_state=nice
kernel_cpu_time_ms;2026-03-25T00:42:17.927301184Z;0;cpu_core;57;local_machine;;cpu_state=system
kernel_cpu_time_ms;2026-03-25T00:42:17.927301184Z;130;cpu_core;57;local_machine;;cpu_state=idle
kernel_cpu_time_ms;2026-03-25T00:42:17.927301184Z;0;cpu_core;57;local_machine;;cpu_state=irq
kernel_cpu_time_ms;2026-03-25T00:42:17.927301184Z;0;cpu_core;57;local_machine;;cpu_state=softirq
kernel_cpu_time_ms;2026-03-25T00:42:17.927301184Z;0;cpu_core;57;local_machine;;cpu_state=steal
kernel_cpu_time_ms;2026-03-25T00:42:17.927301184Z;0;cpu_core;57;local_machine;;cpu_state=guest
kernel_cpu_time_ms;2026-03-25T00:42:17.927301184Z;0;cpu_core;57;local_machine;;cpu_state=guest_nice
kernel_cpu_time_ms;2026-03-25T00:42:17.927301184Z;0;cpu_core;58;local_machine;;cpu_state=user
kernel_cpu_time_ms;2026-03-25T00:42:17.927301184Z;0;cpu_core;58;local_machine;;cpu_state=nice
kernel_cpu_time_ms;2026-03-25T00:42:17.927301184Z;0;cpu_core;58;local_machine;;cpu_state=system
kernel_cpu_time_ms;2026-03-25T00:42:17.927301184Z;130;cpu_core;58;local_machine;;cpu_state=idle
kernel_cpu_time_ms;2026-03-25T00:42:17.927301184Z;0;cpu_core;58;local_machine;;cpu_state=irq
kernel_cpu_time_ms;2026-03-25T00:42:17.927301184Z;0;cpu_core;58;local_machine;;cpu_state=softirq
kernel_cpu_time_ms;2026-03-25T00:42:17.927301184Z;0;cpu_core;58;local_machine;;cpu_state=steal
kernel_cpu_time_ms;2026-03-25T00:42:17.927301184Z;0;cpu_core;58;local_machine;;cpu_state=guest
kernel_cpu_time_ms;2026-03-25T00:42:17.927301184Z;0;cpu_core;58;local_machine;;cpu_state=guest_nice
kernel_cpu_time_ms;2026-03-25T00:42:17.927301184Z;0;cpu_core;59;local_machine;;cpu_state=user
kernel_cpu_time_ms;2026-03-25T00:42:17.927301184Z;0;cpu_core;59;local_machine;;cpu_state=nice
kernel_cpu_time_ms;2026-03-25T00:42:17.927301184Z;0;cpu_core;59;local_machine;;cpu_state=system
kernel_cpu_time_ms;2026-03-25T00:42:17.927301184Z;130;cpu_core;59;local_machine;;cpu_state=idle
kernel_cpu_time_ms;2026-03-25T00:42:17.927301184Z;0;cpu_core;59;local_machine;;cpu_state=irq
kernel_cpu_time_ms;2026-03-25T00:42:17.927301184Z;0;cpu_core;59;local_machine;;cpu_state=softirq
kernel_cpu_time_ms;2026-03-25T00:42:17.927301184Z;0;cpu_core;59;local_machine;;cpu_state=steal
kernel_cpu_time_ms;2026-03-25T00:42:17.927301184Z;0;cpu_core;59;local_machine;;cpu_state=guest
kernel_cpu_time_ms;2026-03-25T00:42:17.927301184Z;0;cpu_core;59;local_machine;;cpu_state=guest_nice
kernel_cpu_time_ms;2026-03-25T00:42:17.927301184Z;0;cpu_core;60;local_machine;;cpu_state=user
kernel_cpu_time_ms;2026-03-25T00:42:17.927301184Z;0;cpu_core;60;local_machine;;cpu_state=nice
kernel_cpu_time_ms;2026-03-25T00:42:17.927301184Z;0;cpu_core;60;local_machine;;cpu_state=system
kernel_cpu_time_ms;2026-03-25T00:42:17.927301184Z;130;cpu_core;60;local_machine;;cpu_state=idle
kernel_cpu_time_ms;2026-03-25T00:42:17.927301184Z;0;cpu_core;60;local_machine;;cpu_state=irq
kernel_cpu_time_ms;2026-03-25T00:42:17.927301184Z;0;cpu_core;60;local_machine;;cpu_state=softirq
kernel_cpu_time_ms;2026-03-25T00:42:17.927301184Z;0;cpu_core;60;local_machine;;cpu_state=steal
kernel_cpu_time_ms;2026-03-25T00:42:17.927301184Z;0;cpu_core;60;local_machine;;cpu_state=guest
kernel_cpu_time_ms;2026-03-25T00:42:17.927301184Z;0;cpu_core;60;local_machine;;cpu_state=guest_nice
kernel_cpu_time_ms;2026-03-25T00:42:17.927301184Z;0;cpu_core;61;local_machine;;cpu_state=user
kernel_cpu_time_ms;2026-03-25T00:42:17.927301184Z;0;cpu_core;61;local_machine;;cpu_state=nice
kernel_cpu_time_ms;2026-03-25T00:42:17.927301184Z;0;cpu_core;61;local_machine;;cpu_state=system
kernel_cpu_time_ms;2026-03-25T00:42:17.927301184Z;120;cpu_core;61;local_machine;;cpu_state=idle
kernel_cpu_time_ms;2026-03-25T00:42:17.927301184Z;0;cpu_core;61;local_machine;;cpu_state=irq
kernel_cpu_time_ms;2026-03-25T00:42:17.927301184Z;0;cpu_core;61;local_machine;;cpu_state=softirq
kernel_cpu_time_ms;2026-03-25T00:42:17.927301184Z;0;cpu_core;61;local_machine;;cpu_state=steal
kernel_cpu_time_ms;2026-03-25T00:42:17.927301184Z;0;cpu_core;61;local_machine;;cpu_state=guest
kernel_cpu_time_ms;2026-03-25T00:42:17.927301184Z;0;cpu_core;61;local_machine;;cpu_state=guest_nice
kernel_cpu_time_ms;2026-03-25T00:42:17.927301184Z;10;cpu_core;62;local_machine;;cpu_state=user
kernel_cpu_time_ms;2026-03-25T00:42:17.927301184Z;0;cpu_core;62;local_machine;;cpu_state=nice
kernel_cpu_time_ms;2026-03-25T00:42:17.927301184Z;0;cpu_core;62;local_machine;;cpu_state=system
kernel_cpu_time_ms;2026-03-25T00:42:17.927301184Z;130;cpu_core;62;local_machine;;cpu_state=idle
kernel_cpu_time_ms;2026-03-25T00:42:17.927301184Z;0;cpu_core;62;local_machine;;cpu_state=irq
kernel_cpu_time_ms;2026-03-25T00:42:17.927301184Z;0;cpu_core;62;local_machine;;cpu_state=softirq
kernel_cpu_time_ms;2026-03-25T00:42:17.927301184Z;0;cpu_core;62;local_machine;;cpu_state=steal
kernel_cpu_time_ms;2026-03-25T00:42:17.927301184Z;0;cpu_core;62;local_machine;;cpu_state=guest
kernel_cpu_time_ms;2026-03-25T00:42:17.927301184Z;0;cpu_core;62;local_machine;;cpu_state=guest_nice
kernel_cpu_time_ms;2026-03-25T00:42:17.927301184Z;0;cpu_core;63;local_machine;;cpu_state=user
kernel_cpu_time_ms;2026-03-25T00:42:17.927301184Z;0;cpu_core;63;local_machine;;cpu_state=nice
kernel_cpu_time_ms;2026-03-25T00:42:17.927301184Z;120;cpu_core;63;local_machine;;cpu_state=system
kernel_cpu_time_ms;2026-03-25T00:42:17.927301184Z;10;cpu_core;63;local_machine;;cpu_state=idle
kernel_cpu_time_ms;2026-03-25T00:42:17.927301184Z;0;cpu_core;63;local_machine;;cpu_state=irq
kernel_cpu_time_ms;2026-03-25T00:42:17.927301184Z;0;cpu_core;63;local_machine;;cpu_state=softirq
kernel_cpu_time_ms;2026-03-25T00:42:17.927301184Z;0;cpu_core;63;local_machine;;cpu_state=steal
kernel_cpu_time_ms;2026-03-25T00:42:17.927301184Z;0;cpu_core;63;local_machine;;cpu_state=guest
kernel_cpu_time_ms;2026-03-25T00:42:17.927301184Z;0;cpu_core;63;local_machine;;cpu_state=guest_nice
kernel_cpu_time_ms;2026-03-25T00:42:17.927301184Z;0;cpu_core;64;local_machine;;cpu_state=user
kernel_cpu_time_ms;2026-03-25T00:42:17.927301184Z;0;cpu_core;64;local_machine;;cpu_state=nice
kernel_cpu_time_ms;2026-03-25T00:42:17.927301184Z;0;cpu_core;64;local_machine;;cpu_state=system
kernel_cpu_time_ms;2026-03-25T00:42:17.927301184Z;130;cpu_core;64;local_machine;;cpu_state=idle
kernel_cpu_time_ms;2026-03-25T00:42:17.927301184Z;0;cpu_core;64;local_machine;;cpu_state=irq
kernel_cpu_time_ms;2026-03-25T00:42:17.927301184Z;0;cpu_core;64;local_machine;;cpu_state=softirq
kernel_cpu_time_ms;2026-03-25T00:42:17.927301184Z;0;cpu_core;64;local_machine;;cpu_state=steal
kernel_cpu_time_ms;2026-03-25T00:42:17.927301184Z;0;cpu_core;64;local_machine;;cpu_state=guest
kernel_cpu_time_ms;2026-03-25T00:42:17.927301184Z;0;cpu_core;64;local_machine;;cpu_state=guest_nice
kernel_cpu_time_ms;2026-03-25T00:42:17.927301184Z;0;cpu_core;65;local_machine;;cpu_state=user
kernel_cpu_time_ms;2026-03-25T00:42:17.927301184Z;0;cpu_core;65;local_machine;;cpu_state=nice
kernel_cpu_time_ms;2026-03-25T00:42:17.927301184Z;0;cpu_core;65;local_machine;;cpu_state=system
kernel_cpu_time_ms;2026-03-25T00:42:17.927301184Z;130;cpu_core;65;local_machine;;cpu_state=idle
kernel_cpu_time_ms;2026-03-25T00:42:17.927301184Z;0;cpu_core;65;local_machine;;cpu_state=irq
kernel_cpu_time_ms;2026-03-25T00:42:17.927301184Z;0;cpu_core;65;local_machine;;cpu_state=softirq
kernel_cpu_time_ms;2026-03-25T00:42:17.927301184Z;0;cpu_core;65;local_machine;;cpu_state=steal
kernel_cpu_time_ms;2026-03-25T00:42:17.927301184Z;0;cpu_core;65;local_machine;;cpu_state=guest
kernel_cpu_time_ms;2026-03-25T00:42:17.927301184Z;0;cpu_core;65;local_machine;;cpu_state=guest_nice
kernel_cpu_time_ms;2026-03-25T00:42:17.927301184Z;0;cpu_core;66;local_machine;;cpu_state=user
kernel_cpu_time_ms;2026-03-25T00:42:17.927301184Z;0;cpu_core;66;local_machine;;cpu_state=nice
kernel_cpu_time_ms;2026-03-25T00:42:17.927301184Z;0;cpu_core;66;local_machine;;cpu_state=system
kernel_cpu_time_ms;2026-03-25T00:42:17.927301184Z;130;cpu_core;66;local_machine;;cpu_state=idle
kernel_cpu_time_ms;2026-03-25T00:42:17.927301184Z;0;cpu_core;66;local_machine;;cpu_state=irq
kernel_cpu_time_ms;2026-03-25T00:42:17.927301184Z;0;cpu_core;66;local_machine;;cpu_state=softirq
kernel_cpu_time_ms;2026-03-25T00:42:17.927301184Z;0;cpu_core;66;local_machine;;cpu_state=steal
kernel_cpu_time_ms;2026-03-25T00:42:17.927301184Z;0;cpu_core;66;local_machine;;cpu_state=guest
kernel_cpu_time_ms;2026-03-25T00:42:17.927301184Z;0;cpu_core;66;local_machine;;cpu_state=guest_nice
kernel_cpu_time_ms;2026-03-25T00:42:17.927301184Z;0;cpu_core;67;local_machine;;cpu_state=user
kernel_cpu_time_ms;2026-03-25T00:42:17.927301184Z;0;cpu_core;67;local_machine;;cpu_state=nice
kernel_cpu_time_ms;2026-03-25T00:42:17.927301184Z;0;cpu_core;67;local_machine;;cpu_state=system
kernel_cpu_time_ms;2026-03-25T00:42:17.927301184Z;130;cpu_core;67;local_machine;;cpu_state=idle
kernel_cpu_time_ms;2026-03-25T00:42:17.927301184Z;0;cpu_core;67;local_machine;;cpu_state=irq
kernel_cpu_time_ms;2026-03-25T00:42:17.927301184Z;0;cpu_core;67;local_machine;;cpu_state=softirq
kernel_cpu_time_ms;2026-03-25T00:42:17.927301184Z;0;cpu_core;67;local_machine;;cpu_state=steal
kernel_cpu_time_ms;2026-03-25T00:42:17.927301184Z;0;cpu_core;67;local_machine;;cpu_state=guest
kernel_cpu_time_ms;2026-03-25T00:42:17.927301184Z;0;cpu_core;67;local_machine;;cpu_state=guest_nice
kernel_cpu_time_ms;2026-03-25T00:42:17.927301184Z;0;cpu_core;68;local_machine;;cpu_state=user
kernel_cpu_time_ms;2026-03-25T00:42:17.927301184Z;0;cpu_core;68;local_machine;;cpu_state=nice
kernel_cpu_time_ms;2026-03-25T00:42:17.927301184Z;0;cpu_core;68;local_machine;;cpu_state=system
kernel_cpu_time_ms;2026-03-25T00:42:17.927301184Z;130;cpu_core;68;local_machine;;cpu_state=idle
kernel_cpu_time_ms;2026-03-25T00:42:17.927301184Z;0;cpu_core;68;local_machine;;cpu_state=irq
kernel_cpu_time_ms;2026-03-25T00:42:17.927301184Z;0;cpu_core;68;local_machine;;cpu_state=softirq
kernel_cpu_time_ms;2026-03-25T00:42:17.927301184Z;0;cpu_core;68;local_machine;;cpu_state=steal
kernel_cpu_time_ms;2026-03-25T00:42:17.927301184Z;0;cpu_core;68;local_machine;;cpu_state=guest
kernel_cpu_time_ms;2026-03-25T00:42:17.927301184Z;0;cpu_core;68;local_machine;;cpu_state=guest_nice
kernel_cpu_time_ms;2026-03-25T00:42:17.927301184Z;0;cpu_core;69;local_machine;;cpu_state=user
kernel_cpu_time_ms;2026-03-25T00:42:17.927301184Z;0;cpu_core;69;local_machine;;cpu_state=nice
kernel_cpu_time_ms;2026-03-25T00:42:17.927301184Z;0;cpu_core;69;local_machine;;cpu_state=system
kernel_cpu_time_ms;2026-03-25T00:42:17.927301184Z;120;cpu_core;69;local_machine;;cpu_state=idle
kernel_cpu_time_ms;2026-03-25T00:42:17.927301184Z;0;cpu_core;69;local_machine;;cpu_state=irq
kernel_cpu_time_ms;2026-03-25T00:42:17.927301184Z;0;cpu_core;69;local_machine;;cpu_state=softirq
kernel_cpu_time_ms;2026-03-25T00:42:17.927301184Z;0;cpu_core;69;local_machine;;cpu_state=steal
kernel_cpu_time_ms;2026-03-25T00:42:17.927301184Z;0;cpu_core;69;local_machine;;cpu_state=guest
kernel_cpu_time_ms;2026-03-25T00:42:17.927301184Z;0;cpu_core;69;local_machine;;cpu_state=guest_nice
kernel_cpu_time_ms;2026-03-25T00:42:17.927301184Z;0;cpu_core;70;local_machine;;cpu_state=user
kernel_cpu_time_ms;2026-03-25T00:42:17.927301184Z;0;cpu_core;70;local_machine;;cpu_state=nice
kernel_cpu_time_ms;2026-03-25T00:42:17.927301184Z;0;cpu_core;70;local_machine;;cpu_state=system
kernel_cpu_time_ms;2026-03-25T00:42:17.927301184Z;130;cpu_core;70;local_machine;;cpu_state=idle
kernel_cpu_time_ms;2026-03-25T00:42:17.927301184Z;0;cpu_core;70;local_machine;;cpu_state=irq
kernel_cpu_time_ms;2026-03-25T00:42:17.927301184Z;0;cpu_core;70;local_machine;;cpu_state=softirq
kernel_cpu_time_ms;2026-03-25T00:42:17.927301184Z;0;cpu_core;70;local_machine;;cpu_state=steal
kernel_cpu_time_ms;2026-03-25T00:42:17.927301184Z;0;cpu_core;70;local_machine;;cpu_state=guest
kernel_cpu_time_ms;2026-03-25T00:42:17.927301184Z;0;cpu_core;70;local_machine;;cpu_state=guest_nice
kernel_cpu_time_ms;2026-03-25T00:42:17.927301184Z;0;cpu_core;71;local_machine;;cpu_state=user
kernel_cpu_time_ms;2026-03-25T00:42:17.927301184Z;0;cpu_core;71;local_machine;;cpu_state=nice
kernel_cpu_time_ms;2026-03-25T00:42:17.927301184Z;0;cpu_core;71;local_machine;;cpu_state=system
kernel_cpu_time_ms;2026-03-25T00:42:17.927301184Z;120;cpu_core;71;local_machine;;cpu_state=idle
kernel_cpu_time_ms;2026-03-25T00:42:17.927301184Z;0;cpu_core;71;local_machine;;cpu_state=irq
kernel_cpu_time_ms;2026-03-25T00:42:17.927301184Z;0;cpu_core;71;local_machine;;cpu_state=softirq
kernel_cpu_time_ms;2026-03-25T00:42:17.927301184Z;0;cpu_core;71;local_machine;;cpu_state=steal
kernel_cpu_time_ms;2026-03-25T00:42:17.927301184Z;0;cpu_core;71;local_machine;;cpu_state=guest
kernel_cpu_time_ms;2026-03-25T00:42:17.927301184Z;0;cpu_core;71;local_machine;;cpu_state=guest_nice
kernel_cpu_time_ms;2026-03-25T00:42:17.927301184Z;0;cpu_core;72;local_machine;;cpu_state=user
kernel_cpu_time_ms;2026-03-25T00:42:17.927301184Z;0;cpu_core;72;local_machine;;cpu_state=nice
kernel_cpu_time_ms;2026-03-25T00:42:17.927301184Z;0;cpu_core;72;local_machine;;cpu_state=system
kernel_cpu_time_ms;2026-03-25T00:42:17.927301184Z;130;cpu_core;72;local_machine;;cpu_state=idle
kernel_cpu_time_ms;2026-03-25T00:42:17.927301184Z;0;cpu_core;72;local_machine;;cpu_state=irq
kernel_cpu_time_ms;2026-03-25T00:42:17.927301184Z;0;cpu_core;72;local_machine;;cpu_state=softirq
kernel_cpu_time_ms;2026-03-25T00:42:17.927301184Z;0;cpu_core;72;local_machine;;cpu_state=steal
kernel_cpu_time_ms;2026-03-25T00:42:17.927301184Z;0;cpu_core;72;local_machine;;cpu_state=guest
kernel_cpu_time_ms;2026-03-25T00:42:17.927301184Z;0;cpu_core;72;local_machine;;cpu_state=guest_nice
kernel_cpu_time_ms;2026-03-25T00:42:17.927301184Z;0;cpu_core;73;local_machine;;cpu_state=user
kernel_cpu_time_ms;2026-03-25T00:42:17.927301184Z;0;cpu_core;73;local_machine;;cpu_state=nice
kernel_cpu_time_ms;2026-03-25T00:42:17.927301184Z;0;cpu_core;73;local_machine;;cpu_state=system
kernel_cpu_time_ms;2026-03-25T00:42:17.927301184Z;130;cpu_core;73;local_machine;;cpu_state=idle
kernel_cpu_time_ms;2026-03-25T00:42:17.927301184Z;0;cpu_core;73;local_machine;;cpu_state=irq
kernel_cpu_time_ms;2026-03-25T00:42:17.927301184Z;0;cpu_core;73;local_machine;;cpu_state=softirq
kernel_cpu_time_ms;2026-03-25T00:42:17.927301184Z;0;cpu_core;73;local_machine;;cpu_state=steal
kernel_cpu_time_ms;2026-03-25T00:42:17.927301184Z;0;cpu_core;73;local_machine;;cpu_state=guest
kernel_cpu_time_ms;2026-03-25T00:42:17.927301184Z;0;cpu_core;73;local_machine;;cpu_state=guest_nice
kernel_cpu_time_ms;2026-03-25T00:42:17.927301184Z;0;cpu_core;74;local_machine;;cpu_state=user
kernel_cpu_time_ms;2026-03-25T00:42:17.927301184Z;0;cpu_core;74;local_machine;;cpu_state=nice
kernel_cpu_time_ms;2026-03-25T00:42:17.927301184Z;0;cpu_core;74;local_machine;;cpu_state=system
kernel_cpu_time_ms;2026-03-25T00:42:17.927301184Z;130;cpu_core;74;local_machine;;cpu_state=idle
kernel_cpu_time_ms;2026-03-25T00:42:17.927301184Z;0;cpu_core;74;local_machine;;cpu_state=irq
kernel_cpu_time_ms;2026-03-25T00:42:17.927301184Z;0;cpu_core;74;local_machine;;cpu_state=softirq
kernel_cpu_time_ms;2026-03-25T00:42:17.927301184Z;0;cpu_core;74;local_machine;;cpu_state=steal
kernel_cpu_time_ms;2026-03-25T00:42:17.927301184Z;0;cpu_core;74;local_machine;;cpu_state=guest
kernel_cpu_time_ms;2026-03-25T00:42:17.927301184Z;0;cpu_core;74;local_machine;;cpu_state=guest_nice
kernel_cpu_time_ms;2026-03-25T00:42:17.927301184Z;0;cpu_core;75;local_machine;;cpu_state=user
kernel_cpu_time_ms;2026-03-25T00:42:17.927301184Z;0;cpu_core;75;local_machine;;cpu_state=nice
kernel_cpu_time_ms;2026-03-25T00:42:17.927301184Z;10;cpu_core;75;local_machine;;cpu_state=system
kernel_cpu_time_ms;2026-03-25T00:42:17.927301184Z;120;cpu_core;75;local_machine;;cpu_state=idle
kernel_cpu_time_ms;2026-03-25T00:42:17.927301184Z;0;cpu_core;75;local_machine;;cpu_state=irq
kernel_cpu_time_ms;2026-03-25T00:42:17.927301184Z;0;cpu_core;75;local_machine;;cpu_state=softirq
kernel_cpu_time_ms;2026-03-25T00:42:17.927301184Z;0;cpu_core;75;local_machine;;cpu_state=steal
kernel_cpu_time_ms;2026-03-25T00:42:17.927301184Z;0;cpu_core;75;local_machine;;cpu_state=guest
kernel_cpu_time_ms;2026-03-25T00:42:17.927301184Z;0;cpu_core;75;local_machine;;cpu_state=guest_nice
kernel_cpu_time_ms;2026-03-25T00:42:17.927301184Z;0;cpu_core;76;local_machine;;cpu_state=user
kernel_cpu_time_ms;2026-03-25T00:42:17.927301184Z;0;cpu_core;76;local_machine;;cpu_state=nice
kernel_cpu_time_ms;2026-03-25T00:42:17.927301184Z;0;cpu_core;76;local_machine;;cpu_state=system
kernel_cpu_time_ms;2026-03-25T00:42:17.927301184Z;130;cpu_core;76;local_machine;;cpu_state=idle
kernel_cpu_time_ms;2026-03-25T00:42:17.927301184Z;0;cpu_core;76;local_machine;;cpu_state=irq
kernel_cpu_time_ms;2026-03-25T00:42:17.927301184Z;0;cpu_core;76;local_machine;;cpu_state=softirq
kernel_cpu_time_ms;2026-03-25T00:42:17.927301184Z;0;cpu_core;76;local_machine;;cpu_state=steal
kernel_cpu_time_ms;2026-03-25T00:42:17.927301184Z;0;cpu_core;76;local_machine;;cpu_state=guest
kernel_cpu_time_ms;2026-03-25T00:42:17.927301184Z;0;cpu_core;76;local_machine;;cpu_state=guest_nice
kernel_cpu_time_ms;2026-03-25T00:42:17.927301184Z;0;cpu_core;77;local_machine;;cpu_state=user
kernel_cpu_time_ms;2026-03-25T00:42:17.927301184Z;0;cpu_core;77;local_machine;;cpu_state=nice
kernel_cpu_time_ms;2026-03-25T00:42:17.927301184Z;0;cpu_core;77;local_machine;;cpu_state=system
kernel_cpu_time_ms;2026-03-25T00:42:17.927301184Z;130;cpu_core;77;local_machine;;cpu_state=idle
kernel_cpu_time_ms;2026-03-25T00:42:17.927301184Z;0;cpu_core;77;local_machine;;cpu_state=irq
kernel_cpu_time_ms;2026-03-25T00:42:17.927301184Z;0;cpu_core;77;local_machine;;cpu_state=softirq
kernel_cpu_time_ms;2026-03-25T00:42:17.927301184Z;0;cpu_core;77;local_machine;;cpu_state=steal
kernel_cpu_time_ms;2026-03-25T00:42:17.927301184Z;0;cpu_core;77;local_machine;;cpu_state=guest
kernel_cpu_time_ms;2026-03-25T00:42:17.927301184Z;0;cpu_core;77;local_machine;;cpu_state=guest_nice
kernel_cpu_time_ms;2026-03-25T00:42:17.927301184Z;0;cpu_core;78;local_machine;;cpu_state=user
kernel_cpu_time_ms;2026-03-25T00:42:17.927301184Z;0;cpu_core;78;local_machine;;cpu_state=nice
kernel_cpu_time_ms;2026-03-25T00:42:17.927301184Z;0;cpu_core;78;local_machine;;cpu_state=system
kernel_cpu_time_ms;2026-03-25T00:42:17.927301184Z;130;cpu_core;78;local_machine;;cpu_state=idle
kernel_cpu_time_ms;2026-03-25T00:42:17.927301184Z;0;cpu_core;78;local_machine;;cpu_state=irq
kernel_cpu_time_ms;2026-03-25T00:42:17.927301184Z;0;cpu_core;78;local_machine;;cpu_state=softirq
kernel_cpu_time_ms;2026-03-25T00:42:17.927301184Z;0;cpu_core;78;local_machine;;cpu_state=steal
kernel_cpu_time_ms;2026-03-25T00:42:17.927301184Z;0;cpu_core;78;local_machine;;cpu_state=guest
kernel_cpu_time_ms;2026-03-25T00:42:17.927301184Z;0;cpu_core;78;local_machine;;cpu_state=guest_nice
kernel_cpu_time_ms;2026-03-25T00:42:17.927301184Z;0;cpu_core;79;local_machine;;cpu_state=user
kernel_cpu_time_ms;2026-03-25T00:42:17.927301184Z;0;cpu_core;79;local_machine;;cpu_state=nice
kernel_cpu_time_ms;2026-03-25T00:42:17.927301184Z;0;cpu_core;79;local_machine;;cpu_state=system
kernel_cpu_time_ms;2026-03-25T00:42:17.927301184Z;130;cpu_core;79;local_machine;;cpu_state=idle
kernel_cpu_time_ms;2026-03-25T00:42:17.927301184Z;0;cpu_core;79;local_machine;;cpu_state=irq
kernel_cpu_time_ms;2026-03-25T00:42:17.927301184Z;0;cpu_core;79;local_machine;;cpu_state=softirq
kernel_cpu_time_ms;2026-03-25T00:42:17.927301184Z;0;cpu_core;79;local_machine;;cpu_state=steal
kernel_cpu_time_ms;2026-03-25T00:42:17.927301184Z;0;cpu_core;79;local_machine;;cpu_state=guest
kernel_cpu_time_ms;2026-03-25T00:42:17.927301184Z;0;cpu_core;79;local_machine;;cpu_state=guest_nice
kernel_cpu_time_ms;2026-03-25T00:42:17.927301184Z;0;cpu_core;80;local_machine;;cpu_state=user
kernel_cpu_time_ms;2026-03-25T00:42:17.927301184Z;0;cpu_core;80;local_machine;;cpu_state=nice
kernel_cpu_time_ms;2026-03-25T00:42:17.927301184Z;0;cpu_core;80;local_machine;;cpu_state=system
kernel_cpu_time_ms;2026-03-25T00:42:17.927301184Z;130;cpu_core;80;local_machine;;cpu_state=idle
kernel_cpu_time_ms;2026-03-25T00:42:17.927301184Z;0;cpu_core;80;local_machine;;cpu_state=irq
kernel_cpu_time_ms;2026-03-25T00:42:17.927301184Z;0;cpu_core;80;local_machine;;cpu_state=softirq
kernel_cpu_time_ms;2026-03-25T00:42:17.927301184Z;0;cpu_core;80;local_machine;;cpu_state=steal
kernel_cpu_time_ms;2026-03-25T00:42:17.927301184Z;0;cpu_core;80;local_machine;;cpu_state=guest
kernel_cpu_time_ms;2026-03-25T00:42:17.927301184Z;0;cpu_core;80;local_machine;;cpu_state=guest_nice
kernel_cpu_time_ms;2026-03-25T00:42:17.927301184Z;0;cpu_core;81;local_machine;;cpu_state=user
kernel_cpu_time_ms;2026-03-25T00:42:17.927301184Z;0;cpu_core;81;local_machine;;cpu_state=nice
kernel_cpu_time_ms;2026-03-25T00:42:17.927301184Z;0;cpu_core;81;local_machine;;cpu_state=system
kernel_cpu_time_ms;2026-03-25T00:42:17.927301184Z;120;cpu_core;81;local_machine;;cpu_state=idle
kernel_cpu_time_ms;2026-03-25T00:42:17.927301184Z;0;cpu_core;81;local_machine;;cpu_state=irq
kernel_cpu_time_ms;2026-03-25T00:42:17.927301184Z;0;cpu_core;81;local_machine;;cpu_state=softirq
kernel_cpu_time_ms;2026-03-25T00:42:17.927301184Z;0;cpu_core;81;local_machine;;cpu_state=steal
kernel_cpu_time_ms;2026-03-25T00:42:17.927301184Z;0;cpu_core;81;local_machine;;cpu_state=guest
kernel_cpu_time_ms;2026-03-25T00:42:17.927301184Z;0;cpu_core;81;local_machine;;cpu_state=guest_nice
kernel_cpu_time_ms;2026-03-25T00:42:17.927301184Z;30;cpu_core;82;local_machine;;cpu_state=user
kernel_cpu_time_ms;2026-03-25T00:42:17.927301184Z;0;cpu_core;82;local_machine;;cpu_state=nice
kernel_cpu_time_ms;2026-03-25T00:42:17.927301184Z;0;cpu_core;82;local_machine;;cpu_state=system
kernel_cpu_time_ms;2026-03-25T00:42:17.927301184Z;100;cpu_core;82;local_machine;;cpu_state=idle
kernel_cpu_time_ms;2026-03-25T00:42:17.927301184Z;0;cpu_core;82;local_machine;;cpu_state=irq
kernel_cpu_time_ms;2026-03-25T00:42:17.927301184Z;0;cpu_core;82;local_machine;;cpu_state=softirq
kernel_cpu_time_ms;2026-03-25T00:42:17.927301184Z;0;cpu_core;82;local_machine;;cpu_state=steal
kernel_cpu_time_ms;2026-03-25T00:42:17.927301184Z;0;cpu_core;82;local_machine;;cpu_state=guest
kernel_cpu_time_ms;2026-03-25T00:42:17.927301184Z;0;cpu_core;82;local_machine;;cpu_state=guest_nice
kernel_cpu_time_ms;2026-03-25T00:42:17.927301184Z;0;cpu_core;83;local_machine;;cpu_state=user
kernel_cpu_time_ms;2026-03-25T00:42:17.927301184Z;0;cpu_core;83;local_machine;;cpu_state=nice
kernel_cpu_time_ms;2026-03-25T00:42:17.927301184Z;0;cpu_core;83;local_machine;;cpu_state=system
kernel_cpu_time_ms;2026-03-25T00:42:17.927301184Z;130;cpu_core;83;local_machine;;cpu_state=idle
kernel_cpu_time_ms;2026-03-25T00:42:17.927301184Z;0;cpu_core;83;local_machine;;cpu_state=irq
kernel_cpu_time_ms;2026-03-25T00:42:17.927301184Z;0;cpu_core;83;local_machine;;cpu_state=softirq
kernel_cpu_time_ms;2026-03-25T00:42:17.927301184Z;0;cpu_core;83;local_machine;;cpu_state=steal
kernel_cpu_time_ms;2026-03-25T00:42:17.927301184Z;0;cpu_core;83;local_machine;;cpu_state=guest
kernel_cpu_time_ms;2026-03-25T00:42:17.927301184Z;0;cpu_core;83;local_machine;;cpu_state=guest_nice
kernel_cpu_time_ms;2026-03-25T00:42:17.927301184Z;0;cpu_core;84;local_machine;;cpu_state=user
kernel_cpu_time_ms;2026-03-25T00:42:17.927301184Z;0;cpu_core;84;local_machine;;cpu_state=nice
kernel_cpu_time_ms;2026-03-25T00:42:17.927301184Z;0;cpu_core;84;local_machine;;cpu_state=system
kernel_cpu_time_ms;2026-03-25T00:42:17.927301184Z;130;cpu_core;84;local_machine;;cpu_state=idle
kernel_cpu_time_ms;2026-03-25T00:42:17.927301184Z;0;cpu_core;84;local_machine;;cpu_state=irq
kernel_cpu_time_ms;2026-03-25T00:42:17.927301184Z;0;cpu_core;84;local_machine;;cpu_state=softirq
kernel_cpu_time_ms;2026-03-25T00:42:17.927301184Z;0;cpu_core;84;local_machine;;cpu_state=steal
kernel_cpu_time_ms;2026-03-25T00:42:17.927301184Z;0;cpu_core;84;local_machine;;cpu_state=guest
kernel_cpu_time_ms;2026-03-25T00:42:17.927301184Z;0;cpu_core;84;local_machine;;cpu_state=guest_nice
kernel_cpu_time_ms;2026-03-25T00:42:17.927301184Z;0;cpu_core;85;local_machine;;cpu_state=user
kernel_cpu_time_ms;2026-03-25T00:42:17.927301184Z;0;cpu_core;85;local_machine;;cpu_state=nice
kernel_cpu_time_ms;2026-03-25T00:42:17.927301184Z;0;cpu_core;85;local_machine;;cpu_state=system
kernel_cpu_time_ms;2026-03-25T00:42:17.927301184Z;130;cpu_core;85;local_machine;;cpu_state=idle
kernel_cpu_time_ms;2026-03-25T00:42:17.927301184Z;0;cpu_core;85;local_machine;;cpu_state=irq
kernel_cpu_time_ms;2026-03-25T00:42:17.927301184Z;0;cpu_core;85;local_machine;;cpu_state=softirq
kernel_cpu_time_ms;2026-03-25T00:42:17.927301184Z;0;cpu_core;85;local_machine;;cpu_state=steal
kernel_cpu_time_ms;2026-03-25T00:42:17.927301184Z;0;cpu_core;85;local_machine;;cpu_state=guest
kernel_cpu_time_ms;2026-03-25T00:42:17.927301184Z;0;cpu_core;85;local_machine;;cpu_state=guest_nice
kernel_cpu_time_ms;2026-03-25T00:42:17.927301184Z;0;cpu_core;86;local_machine;;cpu_state=user
kernel_cpu_time_ms;2026-03-25T00:42:17.927301184Z;0;cpu_core;86;local_machine;;cpu_state=nice
kernel_cpu_time_ms;2026-03-25T00:42:17.927301184Z;0;cpu_core;86;local_machine;;cpu_state=system
kernel_cpu_time_ms;2026-03-25T00:42:17.927301184Z;120;cpu_core;86;local_machine;;cpu_state=idle
kernel_cpu_time_ms;2026-03-25T00:42:17.927301184Z;0;cpu_core;86;local_machine;;cpu_state=irq
kernel_cpu_time_ms;2026-03-25T00:42:17.927301184Z;0;cpu_core;86;local_machine;;cpu_state=softirq
kernel_cpu_time_ms;2026-03-25T00:42:17.927301184Z;0;cpu_core;86;local_machine;;cpu_state=steal
kernel_cpu_time_ms;2026-03-25T00:42:17.927301184Z;0;cpu_core;86;local_machine;;cpu_state=guest
kernel_cpu_time_ms;2026-03-25T00:42:17.927301184Z;0;cpu_core;86;local_machine;;cpu_state=guest_nice
kernel_cpu_time_ms;2026-03-25T00:42:17.927301184Z;0;cpu_core;87;local_machine;;cpu_state=user
kernel_cpu_time_ms;2026-03-25T00:42:17.927301184Z;0;cpu_core;87;local_machine;;cpu_state=nice
kernel_cpu_time_ms;2026-03-25T00:42:17.927301184Z;0;cpu_core;87;local_machine;;cpu_state=system
kernel_cpu_time_ms;2026-03-25T00:42:17.927301184Z;130;cpu_core;87;local_machine;;cpu_state=idle
kernel_cpu_time_ms;2026-03-25T00:42:17.927301184Z;0;cpu_core;87;local_machine;;cpu_state=irq
kernel_cpu_time_ms;2026-03-25T00:42:17.927301184Z;0;cpu_core;87;local_machine;;cpu_state=softirq
kernel_cpu_time_ms;2026-03-25T00:42:17.927301184Z;0;cpu_core;87;local_machine;;cpu_state=steal
kernel_cpu_time_ms;2026-03-25T00:42:17.927301184Z;0;cpu_core;87;local_machine;;cpu_state=guest
kernel_cpu_time_ms;2026-03-25T00:42:17.927301184Z;0;cpu_core;87;local_machine;;cpu_state=guest_nice
kernel_cpu_time_ms;2026-03-25T00:42:17.927301184Z;0;cpu_core;88;local_machine;;cpu_state=user
kernel_cpu_time_ms;2026-03-25T00:42:17.927301184Z;0;cpu_core;88;local_machine;;cpu_state=nice
kernel_cpu_time_ms;2026-03-25T00:42:17.927301184Z;0;cpu_core;88;local_machine;;cpu_state=system
kernel_cpu_time_ms;2026-03-25T00:42:17.927301184Z;130;cpu_core;88;local_machine;;cpu_state=idle
kernel_cpu_time_ms;2026-03-25T00:42:17.927301184Z;0;cpu_core;88;local_machine;;cpu_state=irq
kernel_cpu_time_ms;2026-03-25T00:42:17.927301184Z;0;cpu_core;88;local_machine;;cpu_state=softirq
kernel_cpu_time_ms;2026-03-25T00:42:17.927301184Z;0;cpu_core;88;local_machine;;cpu_state=steal
kernel_cpu_time_ms;2026-03-25T00:42:17.927301184Z;0;cpu_core;88;local_machine;;cpu_state=guest
kernel_cpu_time_ms;2026-03-25T00:42:17.927301184Z;0;cpu_core;88;local_machine;;cpu_state=guest_nice
kernel_cpu_time_ms;2026-03-25T00:42:17.927301184Z;0;cpu_core;89;local_machine;;cpu_state=user
kernel_cpu_time_ms;2026-03-25T00:42:17.927301184Z;0;cpu_core;89;local_machine;;cpu_state=nice
kernel_cpu_time_ms;2026-03-25T00:42:17.927301184Z;0;cpu_core;89;local_machine;;cpu_state=system
kernel_cpu_time_ms;2026-03-25T00:42:17.927301184Z;130;cpu_core;89;local_machine;;cpu_state=idle
kernel_cpu_time_ms;2026-03-25T00:42:17.927301184Z;0;cpu_core;89;local_machine;;cpu_state=irq
kernel_cpu_time_ms;2026-03-25T00:42:17.927301184Z;0;cpu_core;89;local_machine;;cpu_state=softirq
kernel_cpu_time_ms;2026-03-25T00:42:17.927301184Z;0;cpu_core;89;local_machine;;cpu_state=steal
kernel_cpu_time_ms;2026-03-25T00:42:17.927301184Z;0;cpu_core;89;local_machine;;cpu_state=guest
kernel_cpu_time_ms;2026-03-25T00:42:17.927301184Z;0;cpu_core;89;local_machine;;cpu_state=guest_nice
kernel_cpu_time_ms;2026-03-25T00:42:17.927301184Z;0;cpu_core;90;local_machine;;cpu_state=user
kernel_cpu_time_ms;2026-03-25T00:42:17.927301184Z;0;cpu_core;90;local_machine;;cpu_state=nice
kernel_cpu_time_ms;2026-03-25T00:42:17.927301184Z;0;cpu_core;90;local_machine;;cpu_state=system
kernel_cpu_time_ms;2026-03-25T00:42:17.927301184Z;130;cpu_core;90;local_machine;;cpu_state=idle
kernel_cpu_time_ms;2026-03-25T00:42:17.927301184Z;0;cpu_core;90;local_machine;;cpu_state=irq
kernel_cpu_time_ms;2026-03-25T00:42:17.927301184Z;0;cpu_core;90;local_machine;;cpu_state=softirq
kernel_cpu_time_ms;2026-03-25T00:42:17.927301184Z;0;cpu_core;90;local_machine;;cpu_state=steal
kernel_cpu_time_ms;2026-03-25T00:42:17.927301184Z;0;cpu_core;90;local_machine;;cpu_state=guest
kernel_cpu_time_ms;2026-03-25T00:42:17.927301184Z;0;cpu_core;90;local_machine;;cpu_state=guest_nice
kernel_cpu_time_ms;2026-03-25T00:42:17.927301184Z;0;cpu_core;91;local_machine;;cpu_state=user
kernel_cpu_time_ms;2026-03-25T00:42:17.927301184Z;0;cpu_core;91;local_machine;;cpu_state=nice
kernel_cpu_time_ms;2026-03-25T00:42:17.927301184Z;0;cpu_core;91;local_machine;;cpu_state=system
kernel_cpu_time_ms;2026-03-25T00:42:17.927301184Z;130;cpu_core;91;local_machine;;cpu_state=idle
kernel_cpu_time_ms;2026-03-25T00:42:17.927301184Z;0;cpu_core;91;local_machine;;cpu_state=irq
kernel_cpu_time_ms;2026-03-25T00:42:17.927301184Z;0;cpu_core;91;local_machine;;cpu_state=softirq
kernel_cpu_time_ms;2026-03-25T00:42:17.927301184Z;0;cpu_core;91;local_machine;;cpu_state=steal
kernel_cpu_time_ms;2026-03-25T00:42:17.927301184Z;0;cpu_core;91;local_machine;;cpu_state=guest
kernel_cpu_time_ms;2026-03-25T00:42:17.927301184Z;0;cpu_core;91;local_machine;;cpu_state=guest_nice
kernel_cpu_time_ms;2026-03-25T00:42:17.927301184Z;0;cpu_core;92;local_machine;;cpu_state=user
kernel_cpu_time_ms;2026-03-25T00:42:17.927301184Z;0;cpu_core;92;local_machine;;cpu_state=nice
kernel_cpu_time_ms;2026-03-25T00:42:17.927301184Z;0;cpu_core;92;local_machine;;cpu_state=system
kernel_cpu_time_ms;2026-03-25T00:42:17.927301184Z;120;cpu_core;92;local_machine;;cpu_state=idle
kernel_cpu_time_ms;2026-03-25T00:42:17.927301184Z;0;cpu_core;92;local_machine;;cpu_state=irq
kernel_cpu_time_ms;2026-03-25T00:42:17.927301184Z;0;cpu_core;92;local_machine;;cpu_state=softirq
kernel_cpu_time_ms;2026-03-25T00:42:17.927301184Z;0;cpu_core;92;local_machine;;cpu_state=steal
kernel_cpu_time_ms;2026-03-25T00:42:17.927301184Z;0;cpu_core;92;local_machine;;cpu_state=guest
kernel_cpu_time_ms;2026-03-25T00:42:17.927301184Z;0;cpu_core;92;local_machine;;cpu_state=guest_nice
kernel_cpu_time_ms;2026-03-25T00:42:17.927301184Z;0;cpu_core;93;local_machine;;cpu_state=user
kernel_cpu_time_ms;2026-03-25T00:42:17.927301184Z;0;cpu_core;93;local_machine;;cpu_state=nice
kernel_cpu_time_ms;2026-03-25T00:42:17.927301184Z;0;cpu_core;93;local_machine;;cpu_state=system
kernel_cpu_time_ms;2026-03-25T00:42:17.927301184Z;130;cpu_core;93;local_machine;;cpu_state=idle
kernel_cpu_time_ms;2026-03-25T00:42:17.927301184Z;0;cpu_core;93;local_machine;;cpu_state=irq
kernel_cpu_time_ms;2026-03-25T00:42:17.927301184Z;0;cpu_core;93;local_machine;;cpu_state=softirq
kernel_cpu_time_ms;2026-03-25T00:42:17.927301184Z;0;cpu_core;93;local_machine;;cpu_state=steal
kernel_cpu_time_ms;2026-03-25T00:42:17.927301184Z;0;cpu_core;93;local_machine;;cpu_state=guest
kernel_cpu_time_ms;2026-03-25T00:42:17.927301184Z;0;cpu_core;93;local_machine;;cpu_state=guest_nice
kernel_cpu_time_ms;2026-03-25T00:42:17.927301184Z;0;cpu_core;94;local_machine;;cpu_state=user
kernel_cpu_time_ms;2026-03-25T00:42:17.927301184Z;0;cpu_core;94;local_machine;;cpu_state=nice
kernel_cpu_time_ms;2026-03-25T00:42:17.927301184Z;0;cpu_core;94;local_machine;;cpu_state=system
kernel_cpu_time_ms;2026-03-25T00:42:17.927301184Z;130;cpu_core;94;local_machine;;cpu_state=idle
kernel_cpu_time_ms;2026-03-25T00:42:17.927301184Z;0;cpu_core;94;local_machine;;cpu_state=irq
kernel_cpu_time_ms;2026-03-25T00:42:17.927301184Z;0;cpu_core;94;local_machine;;cpu_state=softirq
kernel_cpu_time_ms;2026-03-25T00:42:17.927301184Z;0;cpu_core;94;local_machine;;cpu_state=steal
kernel_cpu_time_ms;2026-03-25T00:42:17.927301184Z;0;cpu_core;94;local_machine;;cpu_state=guest
kernel_cpu_time_ms;2026-03-25T00:42:17.927301184Z;0;cpu_core;94;local_machine;;cpu_state=guest_nice
kernel_cpu_time_ms;2026-03-25T00:42:17.927301184Z;0;cpu_core;95;local_machine;;cpu_state=user
kernel_cpu_time_ms;2026-03-25T00:42:17.927301184Z;0;cpu_core;95;local_machine;;cpu_state=nice
kernel_cpu_time_ms;2026-03-25T00:42:17.927301184Z;0;cpu_core;95;local_machine;;cpu_state=system
kernel_cpu_time_ms;2026-03-25T00:42:17.927301184Z;130;cpu_core;95;local_machine;;cpu_state=idle
kernel_cpu_time_ms;2026-03-25T00:42:17.927301184Z;0;cpu_core;95;local_machine;;cpu_state=irq
kernel_cpu_time_ms;2026-03-25T00:42:17.927301184Z;0;cpu_core;95;local_machine;;cpu_state=softirq
kernel_cpu_time_ms;2026-03-25T00:42:17.927301184Z;0;cpu_core;95;local_machine;;cpu_state=steal
kernel_cpu_time_ms;2026-03-25T00:42:17.927301184Z;0;cpu_core;95;local_machine;;cpu_state=guest
kernel_cpu_time_ms;2026-03-25T00:42:17.927301184Z;0;cpu_core;95;local_machine;;cpu_state=guest_nice
kernel_context_switches;2026-03-25T00:42:17.927301184Z;530;local_machine;;local_machine;;
kernel_new_forks;2026-03-25T00:42:17.927301184Z;0;local_machine;;local_machine;;
kernel_n_procs_running;2026-03-25T00:42:17.927301184Z;8;local_machine;;local_machine;;
kernel_n_procs_blocked;2026-03-25T00:42:17.927301184Z;0;local_machine;;local_machine;;
nvml_energy_consumption_mJ;2026-03-25T00:42:17.927363585Z;6898;gpu;00000000:DA:00.0;local_machine;;
nvml_instant_power_mW;2026-03-25T00:42:17.927363585Z;34524;gpu;00000000:DA:00.0;local_machine;;
nvml_temperature_gpu_°C;2026-03-25T00:42:17.927363585Z;27;gpu;00000000:DA:00.0;local_machine;;
nvml_gpu_utilization_%;2026-03-25T00:42:17.927363585Z;0;gpu;00000000:DA:00.0;local_machine;;
nvml_memory_utilization_%;2026-03-25T00:42:17.927363585Z;0;gpu;00000000:DA:00.0;local_machine;;
nvml_decoder_utilization_%;2026-03-25T00:42:17.927363585Z;0;gpu;00000000:DA:00.0;local_machine;;
nvml_decoder_sampling_period_μs;2026-03-25T00:42:17.927363585Z;100000;gpu;00000000:DA:00.0;local_machine;;
nvml_encoder_utilization_%;2026-03-25T00:42:17.927363585Z;0;gpu;00000000:DA:00.0;local_machine;;
nvml_encoder_sampling_period_μs;2026-03-25T00:42:17.927363585Z;100000;gpu;00000000:DA:00.0;local_machine;;
nvml_n_compute_processes;2026-03-25T00:42:17.927363585Z;0;gpu;00000000:DA:00.0;local_machine;;
nvml_n_graphic_processes;2026-03-25T00:42:17.927363585Z;0;gpu;00000000:DA:00.0;local_machine;;
nvml_energy_consumption_mJ;2026-03-25T00:42:17.92736045Z;16459;gpu;00000000:3F:00.0;local_machine;;
nvml_instant_power_mW;2026-03-25T00:42:17.92736045Z;85163;gpu;00000000:3F:00.0;local_machine;;
nvml_temperature_gpu_°C;2026-03-25T00:42:17.92736045Z;30;gpu;00000000:3F:00.0;local_machine;;
nvml_gpu_utilization_%;2026-03-25T00:42:17.92736045Z;0;gpu;00000000:3F:00.0;local_machine;;
nvml_memory_utilization_%;2026-03-25T00:42:17.92736045Z;0;gpu;00000000:3F:00.0;local_machine;;
nvml_decoder_utilization_%;2026-03-25T00:42:17.92736045Z;0;gpu;00000000:3F:00.0;local_machine;;
nvml_decoder_sampling_period_μs;2026-03-25T00:42:17.92736045Z;100000;gpu;00000000:3F:00.0;local_machine;;
nvml_encoder_utilization_%;2026-03-25T00:42:17.92736045Z;0;gpu;00000000:3F:00.0;local_machine;;
nvml_encoder_sampling_period_μs;2026-03-25T00:42:17.92736045Z;100000;gpu;00000000:3F:00.0;local_machine;;
nvml_n_compute_processes;2026-03-25T00:42:17.92736045Z;0;gpu;00000000:3F:00.0;local_machine;;
nvml_n_graphic_processes;2026-03-25T00:42:17.92736045Z;0;gpu;00000000:3F:00.0;local_machine;;
nvml_energy_consumption_mJ;2026-03-25T00:42:17.927335298Z;3061;gpu;00000000:56:00.0;local_machine;;
nvml_instant_power_mW;2026-03-25T00:42:17.927335298Z;32339;gpu;00000000:56:00.0;local_machine;;
nvml_temperature_gpu_°C;2026-03-25T00:42:17.927335298Z;28;gpu;00000000:56:00.0;local_machine;;
nvml_gpu_utilization_%;2026-03-25T00:42:17.927335298Z;0;gpu;00000000:56:00.0;local_machine;;
nvml_memory_utilization_%;2026-03-25T00:42:17.927335298Z;0;gpu;00000000:56:00.0;local_machine;;
nvml_decoder_utilization_%;2026-03-25T00:42:17.927335298Z;0;gpu;00000000:56:00.0;local_machine;;
nvml_decoder_sampling_period_μs;2026-03-25T00:42:17.927335298Z;100000;gpu;00000000:56:00.0;local_machine;;
nvml_encoder_utilization_%;2026-03-25T00:42:17.927335298Z;0;gpu;00000000:56:00.0;local_machine;;
nvml_encoder_sampling_period_μs;2026-03-25T00:42:17.927335298Z;100000;gpu;00000000:56:00.0;local_machine;;
nvml_n_compute_processes;2026-03-25T00:42:17.927335298Z;0;gpu;00000000:56:00.0;local_machine;;
nvml_n_graphic_processes;2026-03-25T00:42:17.927335298Z;0;gpu;00000000:56:00.0;local_machine;;
nvml_energy_consumption_mJ;2026-03-25T00:42:17.927360418Z;3437;gpu;00000000:C3:00.0;local_machine;;
nvml_instant_power_mW;2026-03-25T00:42:17.927360418Z;34248;gpu;00000000:C3:00.0;local_machine;;
nvml_temperature_gpu_°C;2026-03-25T00:42:17.927360418Z;27;gpu;00000000:C3:00.0;local_machine;;
nvml_gpu_utilization_%;2026-03-25T00:42:17.927360418Z;0;gpu;00000000:C3:00.0;local_machine;;
nvml_memory_utilization_%;2026-03-25T00:42:17.927360418Z;0;gpu;00000000:C3:00.0;local_machine;;
nvml_decoder_utilization_%;2026-03-25T00:42:17.927360418Z;0;gpu;00000000:C3:00.0;local_machine;;
nvml_decoder_sampling_period_μs;2026-03-25T00:42:17.927360418Z;100000;gpu;00000000:C3:00.0;local_machine;;
nvml_encoder_utilization_%;2026-03-25T00:42:17.927360418Z;0;gpu;00000000:C3:00.0;local_machine;;
nvml_encoder_sampling_period_μs;2026-03-25T00:42:17.927360418Z;100000;gpu;00000000:C3:00.0;local_machine;;
nvml_n_compute_processes;2026-03-25T00:42:17.927360418Z;0;gpu;00000000:C3:00.0;local_machine;;
nvml_n_graphic_processes;2026-03-25T00:42:17.927360418Z;0;gpu;00000000:C3:00.0;local_machine;;
rapl_consumed_energy_J;2026-03-25T00:42:17.927258532Z;2.526123046875;dram;0;local_machine;;domain=dram
rapl_consumed_energy_J;2026-03-25T00:42:17.927258532Z;2.614501953125;dram;1;local_machine;;domain=dram
rapl_consumed_energy_J;2026-03-25T00:42:17.927258532Z;82;local_machine;;local_machine;;domain=platform
rapl_consumed_energy_J;2026-03-25T00:42:17.927258532Z;0;local_machine;;local_machine;;domain=platform
rapl_consumed_energy_J;2026-03-25T00:42:17.927258532Z;20.6019287109375;cpu_package;0;local_machine;;domain=package
rapl_consumed_energy_J;2026-03-25T00:42:17.927258532Z;19.47314453125;cpu_package;1;local_machine;;domain=package
rapl_consumed_energy_J;2026-03-25T00:42:17.927258532Z;40.0750732421875;local_machine;;local_machine;;domain=package_total
rapl_consumed_energy_J;2026-03-25T00:42:17.927258532Z;5.140625;local_machine;;local_machine;;domain=dram_total
rapl_consumed_energy_J;2026-03-25T00:42:17.927258532Z;82;local_machine;;local_machine;;domain=platform_total
rapl_consumed_energy_J;2026-03-25T00:42:18.298158208Z;7.3343505859375;dram;0;local_machine;;domain=dram
rapl_consumed_energy_J;2026-03-25T00:42:18.298158208Z;7.42913818359375;dram;1;local_machine;;domain=dram
rapl_consumed_energy_J;2026-03-25T00:42:18.298158208Z;235;local_machine;;local_machine;;domain=platform
rapl_consumed_energy_J;2026-03-25T00:42:18.298158208Z;0;local_machine;;local_machine;;domain=platform
rapl_consumed_energy_J;2026-03-25T00:42:18.298158208Z;59.656005859375;cpu_package;0;local_machine;;domain=package
rapl_consumed_energy_J;2026-03-25T00:42:18.298158208Z;55.08038330078125;cpu_package;1;local_machine;;domain=package
rapl_consumed_energy_J;2026-03-25T00:42:18.298158208Z;114.73638916015625;local_machine;;local_machine;;domain=package_total
rapl_consumed_energy_J;2026-03-25T00:42:18.298158208Z;14.76348876953125;local_machine;;local_machine;;domain=dram_total
rapl_consumed_energy_J;2026-03-25T00:42:18.298158208Z;235;local_machine;;local_machine;;domain=platform_total
perf_hardware_CPU_CYCLES;2026-03-25T00:42:18.323696144Z;5675149143;local_machine;;process;900625;
perf_hardware_INSTRUCTIONS;2026-03-25T00:42:18.323696144Z;10388068642;local_machine;;process;900625;
perf_hardware_CACHE_REFERENCES;2026-03-25T00:42:18.323696144Z;59550745;local_machine;;process;900625;
perf_hardware_CACHE_MISSES;2026-03-25T00:42:18.323696144Z;4996388;local_machine;;process;900625;
perf_hardware_BRANCH_INSTRUCTIONS;2026-03-25T00:42:18.323696144Z;2160819640;local_machine;;process;900625;
perf_hardware_BRANCH_MISSES;2026-03-25T00:42:18.323696144Z;44510604;local_machine;;process;900625;
perf_hardware_BUS_CYCLES;2026-03-25T00:42:18.323696144Z;6202302728;local_machine;;process;900625;
perf_hardware_REF_CPU_CYCLES;2026-03-25T00:42:18.323696144Z;6202304568;local_machine;;process;900625;
perf_software_PAGE_FAULTS;2026-03-25T00:42:18.323696144Z;211706;local_machine;;process;900625;
perf_software_CONTEXT_SWITCHES;2026-03-25T00:42:18.323696144Z;0;local_machine;;process;900625;
perf_software_CPU_MIGRATIONS;2026-03-25T00:42:18.323696144Z;0;local_machine;;process;900625;
perf_software_PAGE_FAULTS_MIN;2026-03-25T00:42:18.323696144Z;211706;local_machine;;process;900625;
perf_software_PAGE_FAULTS_MAJ;2026-03-25T00:42:18.323696144Z;0;local_machine;;process;900625;
perf_software_ALIGNMENT_FAULTS;2026-03-25T00:42:18.323696144Z;0;local_machine;;process;900625;
perf_software_EMULATION_FAULTS;2026-03-25T00:42:18.323696144Z;0;local_machine;;process;900625;
perf_software_CGROUP_SWITCHES;2026-03-25T00:42:18.323696144Z;0;local_machine;;process;900625;
